date	unique_senders
2024-04-02	245224
2024-04-01	45439
2024-03-31	31812
2024-03-30	27964
2024-03-29	39422
2024-03-28	52295
2024-03-27	167989
2024-03-26	136364
2024-03-25	45981
2024-03-24	43664
2024-03-23	38960
2024-03-22	28757
2024-03-21	53877
2024-03-20	132991
2024-03-19	65084
2024-03-18	34617
2024-03-17	23919
2024-03-16	28416
2024-03-15	26711
2024-03-14	31590
2024-03-13	25022
2024-03-12	24748
2024-03-11	31974
2024-03-10	21159
2024-03-09	23770
2024-03-08	34815
2024-03-07	29261
2024-03-06	29699
2024-03-05	41067
2024-03-04	44681
2024-03-03	56035
2024-03-02	50742
2024-03-01	31683
2024-02-29	35812
2024-02-28	369303
2024-02-27	35305
2024-02-26	37717
2024-02-25	24146
2024-02-24	23055
2024-02-23	25920
2024-02-22	22250
2024-02-21	128209
2024-02-20	32520
2024-02-19	132846
2024-02-18	80813
2024-02-17	19226
2024-02-16	218453
2024-02-15	25933
2024-02-14	29346
2024-02-13	36254
2024-02-12	47487
2024-02-11	29493
2024-02-10	17809
2024-02-09	28154
2024-02-08	78492
2024-02-07	28060
2024-02-06	23008
2024-02-05	31154
2024-02-04	78042
2024-02-03	16450
2024-02-02	23409
2024-02-01	20842
2024-01-31	156102
2024-01-30	104214
2024-01-29	31274
2024-01-28	18530
2024-01-27	16670
2024-01-26	17313
2024-01-25	55920
2024-01-24	109436
2024-01-23	50065
2024-01-22	32193
2024-01-21	21803
2024-01-20	18400
2024-01-19	21245
2024-01-18	23153
2024-01-17	16282
2024-01-16	22508
2024-01-15	34019
2024-01-14	16881
2024-01-13	21788
2024-01-12	23210
2024-01-11	45023
2024-01-10	312970
2024-01-09	29169
2024-01-08	37596
2024-01-07	23636
2024-01-06	17534
2024-01-05	30045
2024-01-04	35529
2024-01-03	28600
2024-01-02	41004
2024-01-01	20246
2023-12-31	24408
2023-12-30	34080
2023-12-29	34851
2023-12-28	32643
2023-12-27	46538
2023-12-26	25374
2023-12-25	16496
2023-12-24	18563
2023-12-23	22849
2023-12-22	65631
2023-12-21	26950
2023-12-20	24523
2023-12-19	25919
2023-12-18	215309
2023-12-17	24897
2023-12-16	20605
2023-12-15	72567
2023-12-14	63445
2023-12-13	23414
2023-12-12	73244
2023-12-11	128701
2023-12-10	17905
2023-12-09	21084
2023-12-08	164317
2023-12-07	99110
2023-12-06	32489
2023-12-05	32203
2023-12-04	41005
2023-12-03	23009
2023-12-02	22213
2023-12-01	30072
2023-11-30	22752
2023-11-29	58580
2023-11-28	34429
2023-11-27	24608
2023-11-26	23093
2023-11-25	27734
2023-11-24	26409
2023-11-23	28796
2023-11-22	23418
2023-11-21	23693
2023-11-20	33082
2023-11-19	28799
2023-11-18	20988
2023-11-17	95700
2023-11-16	22922
2023-11-15	22237
2023-11-14	286578
2023-11-13	32893
2023-11-12	24796
2023-11-11	23583
2023-11-10	28751
2023-11-09	34710
2023-11-08	47342
2023-11-07	27828
2023-11-06	43284
2023-11-05	19760
2023-11-04	22525
2023-11-03	28137
2023-11-02	30289
2023-11-01	23485
2023-10-31	24023
2023-10-30	20873
2023-10-29	19359
2023-10-28	15991
2023-10-27	71395
2023-10-26	166378
2023-10-25	158801
2023-10-24	40710
2023-10-23	85790
2023-10-22	21755
2023-10-21	24983
2023-10-20	21773
2023-10-19	20093
2023-10-18	17920
2023-10-17	21118
2023-10-16	30856
2023-10-15	15715
2023-10-14	16959
2023-10-13	39024
2023-10-12	125693
2023-10-11	152389
2023-10-10	40322
2023-10-09	156010
2023-10-08	20662
2023-10-07	13603
2023-10-06	20011
2023-10-05	20645
2023-10-04	202000
2023-10-03	31688
2023-10-02	29590
2023-10-01	22677
2023-09-30	135959
2023-09-29	20598
2023-09-28	81114
2023-09-27	66639
2023-09-26	49494
2023-09-25	27061
2023-09-24	13394
2023-09-23	20785
2023-09-22	30127
2023-09-21	21645
2023-09-20	62421
2023-09-19	26880
2023-09-18	82250
2023-09-17	18411
2023-09-16	20639
2023-09-15	74984
2023-09-14	68510
2023-09-13	73201
2023-09-12	123530
2023-09-11	40818
2023-09-10	23051
2023-09-09	68329
2023-09-08	64051
2023-09-07	47590
2023-09-06	32206
2023-09-05	26067
2023-09-04	17154
2023-09-03	15602
2023-09-02	17573
2023-09-01	48068
2023-08-31	34953
2023-08-30	40969
2023-08-29	28311
2023-08-28	18320
2023-08-27	16326
2023-08-26	14576
2023-08-25	21665
2023-08-24	18207
2023-08-23	13230
2023-08-22	20753
2023-08-21	29728
2023-08-20	21209
2023-08-19	31411
2023-08-18	106380
2023-08-17	111519
2023-08-16	19788
2023-08-15	52601
2023-08-14	43036
2023-08-13	20988
2023-08-12	21014
2023-08-11	64044
2023-08-10	112138
2023-08-09	45266
2023-08-08	26699
2023-08-07	25462
2023-08-06	22953
2023-08-05	19194
2023-08-04	44599
2023-08-03	59818
2023-08-02	59321
2023-08-01	41839
2023-07-31	25016
2023-07-30	24901
2023-07-29	42389
2023-07-28	23217
2023-07-27	83883
2023-07-26	23862
2023-07-25	32683
2023-07-24	38943
2023-07-23	23368
2023-07-22	23157
2023-07-21	33018
2023-07-20	26115
2023-07-19	19684
2023-07-18	23430
2023-07-17	36958
2023-07-16	16980
2023-07-15	15763
2023-07-14	23621
2023-07-13	33800
2023-07-12	49304
2023-07-11	27095
2023-07-10	37786
2023-07-09	15683
2023-07-08	14488
2023-07-07	42056
2023-07-06	71241
2023-07-05	44172
2023-07-04	56217
2023-07-03	31309
2023-07-02	20410
2023-07-01	30904
2023-06-30	59554
2023-06-29	39613
2023-06-28	39891
2023-06-27	37673
2023-06-26	45441
2023-06-25	27978
2023-06-24	35181
2023-06-23	57337
2023-06-22	30470
2023-06-21	36386
2023-06-20	37499
2023-06-19	27923
2023-06-18	32052
2023-06-17	57793
2023-06-16	57497
2023-06-15	50207
2023-06-14	53164
2023-06-13	41671
2023-06-12	24256
2023-06-11	47345
2023-06-10	26479
2023-06-09	40637
2023-06-08	40447
2023-06-07	27329
2023-06-06	30876
2023-06-05	41321
2023-06-04	26400
2023-06-03	33314
2023-06-02	130861
2023-06-01	73655
2023-05-31	18152
2023-05-30	69000
2023-05-29	13057
2023-05-28	18729
2023-05-27	23968
2023-05-26	23272
2023-05-25	19663
2023-05-24	85713
2023-05-23	34377
2023-05-22	16492
2023-05-21	17324
2023-05-20	18375
2023-05-19	23877
2023-05-18	26021
2023-05-17	26660
2023-05-16	97568
2023-05-15	37590
2023-05-14	21063
2023-05-13	15103
2023-05-12	65330
2023-05-11	41692
2023-05-10	33790
2023-05-09	35366
2023-05-08	40000
2023-05-07	14901
2023-05-06	14985
2023-05-05	61349
2023-05-04	28254
2023-05-03	26575
2023-05-02	33656
2023-05-01	27962
2023-04-30	33760
2023-04-29	25747
2023-04-28	23250
2023-04-27	25141
2023-04-26	19781
2023-04-25	37179
2023-04-24	20182
2023-04-23	21311
2023-04-22	19212
2023-04-21	20344
2023-04-20	20103
2023-04-19	19051
2023-04-18	29598
2023-04-17	20973
2023-04-16	18382
2023-04-15	15132
2023-04-14	21182
2023-04-13	17725
2023-04-12	21190
2023-04-11	35160
2023-04-10	15228
2023-04-09	15922
2023-04-08	18596
2023-04-07	26708
2023-04-06	22733
2023-04-05	21865
2023-04-04	32132
2023-04-03	21444
2023-04-02	21192
2023-04-01	29807
2023-03-31	20862
2023-03-30	20795
2023-03-29	28454
2023-03-28	34977
2023-03-27	17974
2023-03-26	15122
2023-03-25	16550
2023-03-24	24928
2023-03-23	24054
2023-03-22	27010
2023-03-21	79213
2023-03-20	30580
2023-03-19	27598
2023-03-18	26346
2023-03-17	22412
2023-03-16	19306
2023-03-15	21352
2023-03-14	127951
2023-03-13	24940
2023-03-12	14029
2023-03-11	14797
2023-03-10	25078
2023-03-09	24283
2023-03-08	21129
2023-03-07	28367
2023-03-06	19656
2023-03-05	16944
2023-03-04	16259
2023-03-03	24415
2023-03-02	22565
2023-03-01	25292
2023-02-28	41624
2023-02-27	17946
2023-02-26	15273
2023-02-25	15500
2023-02-24	24800
2023-02-23	19732
2023-02-22	19008
2023-02-21	33793
2023-02-20	20025
2023-02-19	13798
2023-02-18	14652
2023-02-17	20977
2023-02-16	21163
2023-02-15	22249
2023-02-14	33434
2023-02-13	21726
2023-02-12	18565
2023-02-11	26245
2023-02-10	18182
2023-02-09	19412
2023-02-08	19934
2023-02-07	31256
2023-02-06	18662
2023-02-05	20881
2023-02-04	26023
2023-02-03	30035
2023-02-02	37893
2023-02-01	32417
2023-01-31	41695
2023-01-30	30635
2023-01-29	21144
2023-01-28	18119
2023-01-27	28124
2023-01-26	25971
2023-01-25	25443
2023-01-24	35741
2023-01-23	24851
2023-01-22	24210
2023-01-21	23196
2023-01-20	21552
2023-01-19	25557
2023-01-18	22124
2023-01-17	39337
2023-01-16	31396
2023-01-15	18857
2023-01-14	19361
2023-01-13	30573
2023-01-12	27293
2023-01-11	24630
2023-01-10	39118
2023-01-09	28417
2023-01-08	18670
2023-01-07	17862
2023-01-06	28111
2023-01-05	34849
2023-01-04	34725
2023-01-03	46864
2023-01-02	32597
2023-01-01	31587
2022-12-31	39646
2022-12-30	47561
2022-12-29	38245
2022-12-28	33183
2022-12-27	42058
2022-12-26	29805
2022-12-25	31418
2022-12-24	21841
2022-12-23	26410
2022-12-22	23990
2022-12-21	29003
2022-12-20	43578
2022-12-19	25886
2022-12-18	22775
2022-12-17	26568
2022-12-16	27081
2022-12-15	26345
2022-12-14	30073
2022-12-13	45963
2022-12-12	32882
2022-12-11	31685
2022-12-10	29835
2022-12-09	34268
2022-12-08	27290
2022-12-07	31492
2022-12-06	52332
2022-12-05	37203
2022-12-04	29360
2022-12-03	39484
2022-12-02	41228
2022-12-01	33939
2022-11-30	35946
2022-11-29	41383
2022-11-28	30958
2022-11-27	38944
2022-11-26	29215
2022-11-25	38571
2022-11-24	32505
2022-11-23	33902
2022-11-22	50216
2022-11-21	20531
2022-11-20	27361
2022-11-19	28797
2022-11-18	33088
2022-11-17	27162
2022-11-16	34157
2022-11-15	44208
2022-11-14	29282
2022-11-13	21292
2022-11-12	26237
2022-11-11	40743
2022-11-10	29956
2022-11-09	28544
2022-11-08	41519
2022-11-07	27201
2022-11-06	22173
2022-11-05	30410
2022-11-04	32395
2022-11-03	37368
2022-11-02	41218
2022-11-01	50065
2022-10-31	29726
2022-10-30	29066
2022-10-29	28337
2022-10-28	31256
2022-10-27	32126
2022-10-26	35148
2022-10-25	46194
2022-10-24	31135
2022-10-23	20648
2022-10-22	24808
2022-10-21	31795
2022-10-20	20113
2022-10-19	18648
2022-10-18	32824
2022-10-17	20887
2022-10-16	19212
2022-10-15	18512
2022-10-14	19144
2022-10-13	24750
2022-10-12	25417
2022-10-11	34819
2022-10-10	20812
2022-10-09	21453
2022-10-08	22126
2022-10-07	25119
2022-10-06	22877
2022-10-05	27638
2022-10-04	42296
2022-10-03	24806
2022-10-02	21029
2022-10-01	20327
2022-09-30	28664
2022-09-29	26185
2022-09-28	30543
2022-09-27	41839
2022-09-26	25330
2022-09-25	19933
2022-09-24	22015
2022-09-23	24149
2022-09-22	23476
2022-09-21	28182
2022-09-20	40247
2022-09-19	23899
2022-09-18	22438
2022-09-17	24051
2022-09-16	20396
2022-09-15	19728
2022-09-14	20828
2022-09-13	36439
2022-09-12	21781
2022-09-11	21585
2022-09-10	25017
2022-09-09	22898
2022-09-08	24715
2022-09-07	19994
2022-09-06	38798
2022-09-05	22973
2022-09-04	20597
2022-09-03	19901
2022-09-02	27203
2022-09-01	19629
2022-08-31	21564
2022-08-30	40959
2022-08-29	18498
2022-08-28	18329
2022-08-27	21896
2022-08-26	24737
2022-08-25	24077
2022-08-24	29483
2022-08-23	44143
2022-08-22	24775
2022-08-21	25126
2022-08-20	19036
2022-08-19	25354
2022-08-18	21908
2022-08-17	26025
2022-08-16	43184
2022-08-15	22192
2022-08-14	20428
2022-08-13	21462
2022-08-12	26454
2022-08-11	30479
2022-08-10	33604
2022-08-09	46157
2022-08-08	21201
2022-08-07	18019
2022-08-06	20505
2022-08-05	16929
2022-08-04	17330
2022-08-03	18396
2022-08-02	52242
2022-08-01	37792
2022-07-31	29225
2022-07-30	35744
2022-07-29	41499
2022-07-28	40134
2022-07-27	31887
2022-07-26	49031
2022-07-25	37606
2022-07-24	34473
2022-07-23	26069
2022-07-22	27656
2022-07-21	31012
2022-07-20	52511
2022-07-19	57900
2022-07-18	32485
2022-07-17	27943
2022-07-16	31492
2022-07-15	32324
2022-07-14	26003
2022-07-13	28731
2022-07-12	41731
2022-07-11	28738
2022-07-10	29431
2022-07-09	29770
2022-07-08	29421
2022-07-07	26823
2022-07-06	30442
2022-07-05	44766
2022-07-04	29856
2022-07-03	28766
2022-07-02	26723
2022-07-01	24678
2022-06-30	23292
2022-06-29	22584
2022-06-28	43271
2022-06-27	26421
2022-06-26	31445
2022-06-25	27048
2022-06-24	34606
2022-06-23	31452
2022-06-22	36904
2022-06-21	43020
2022-06-20	31526
2022-06-19	34383
2022-06-18	32093
2022-06-17	27606
2022-06-16	43156
2022-06-15	32235
2022-06-14	58588
2022-06-13	34522
2022-06-12	25901
2022-06-11	30802
2022-06-10	34323
2022-06-09	37649
2022-06-08	34748
2022-06-07	43302
2022-06-06	27003
2022-06-05	23359
2022-06-04	28415
2022-06-03	31702
2022-06-02	41411
2022-06-01	35836
2022-05-31	52758
2022-05-30	35157
2022-05-29	28285
2022-05-28	29718
2022-05-27	35181
2022-05-26	127556
2022-05-25	33565
2022-05-24	50048
2022-05-23	34668
2022-05-22	30315
2022-05-21	32443
2022-05-20	37326
2022-05-19	33351
2022-05-18	37612
2022-05-17	47583
2022-05-16	30438
2022-05-15	40220
2022-05-14	36456
2022-05-13	36508
2022-05-12	38527
2022-05-11	44601
2022-05-10	42996
2022-05-09	38137
2022-05-08	34749
2022-05-07	32307
2022-05-06	36410
2022-05-05	38105
2022-05-04	42711
2022-05-03	45085
2022-05-02	40300
2022-05-01	37950
2022-04-30	48872
2022-04-29	69045
2022-04-28	53559
2022-04-27	38091
2022-04-26	46926
2022-04-25	39426
2022-04-24	37326
2022-04-23	37224
2022-04-22	51355
2022-04-21	49330
2022-04-20	33377
2022-04-19	45860
2022-04-18	29068
2022-04-17	29904
2022-04-16	30564
2022-04-15	32108
2022-04-14	33635
2022-04-13	38103
2022-04-12	54585
2022-04-11	38641
2022-04-10	35860
2022-04-09	36709
2022-04-08	44245
2022-04-07	50780
2022-04-06	35005
2022-04-05	43453
2022-04-04	38862
2022-04-03	34372
2022-04-02	35648
2022-04-01	52068
2022-03-31	55088
2022-03-30	35472
2022-03-29	43617
2022-03-28	46973
2022-03-27	41587
2022-03-26	43492
2022-03-25	58456
2022-03-24	41025
2022-03-23	39308
2022-03-22	56497
2022-03-21	37992
2022-03-20	40438
2022-03-19	40289
2022-03-18	35778
2022-03-17	31185
2022-03-16	41465
2022-03-15	40487
2022-03-14	37175
2022-03-13	35158
2022-03-12	31673
2022-03-11	37686
2022-03-10	32576
2022-03-09	42298
2022-03-08	52952
2022-03-07	38220
2022-03-06	33223
2022-03-05	39372
2022-03-04	43517
2022-03-03	37291
2022-03-02	37498
2022-03-01	55996
2022-02-28	58215
2022-02-27	31162
2022-02-26	37134
2022-02-25	33490
2022-02-24	31409
2022-02-23	29089
2022-02-22	47396
2022-02-21	31814
2022-02-20	38209
2022-02-19	29181
2022-02-18	33909
2022-02-17	32701
2022-02-16	36071
2022-02-15	45285
2022-02-14	43175
2022-02-13	33990
2022-02-12	29985
2022-02-11	35358
2022-02-10	29094
2022-02-09	34685
2022-02-08	62214
2022-02-07	37013
2022-02-06	29666
2022-02-05	30598
2022-02-04	32163
2022-02-03	29736
2022-02-02	32447
2022-02-01	42549
2022-01-31	29683
2022-01-30	36258
2022-01-29	30626
2022-01-28	31452
2022-01-27	30167
2022-01-26	27944
2022-01-25	36012
2022-01-24	28515
2022-01-23	31356
2022-01-22	30692
2022-01-21	44185
2022-01-20	44727
2022-01-19	37129
2022-01-18	50184
2022-01-17	39821
2022-01-16	39618
2022-01-15	35543
2022-01-14	42516
2022-01-13	40272
2022-01-12	36689
2022-01-11	55613
2022-01-10	42167
2022-01-09	41042
2022-01-08	42197
2022-01-07	49119
2022-01-06	41484
2022-01-05	39125
2022-01-04	50431
2022-01-03	32336
2022-01-02	29656
2022-01-01	30709
2021-12-31	42107
2021-12-30	40698
2021-12-29	42434
2021-12-28	42896
2021-12-27	37163
2021-12-26	28221
2021-12-25	25691
2021-12-24	36167
2021-12-23	40002
2021-12-22	36521
2021-12-21	42379
2021-12-20	29172
2021-12-19	31803
2021-12-18	37242
2021-12-17	36609
2021-12-16	36943
2021-12-15	41629
2021-12-14	54592
2021-12-13	52842
2021-12-12	34974
2021-12-11	40920
2021-12-10	55904
2021-12-09	40610
2021-12-08	42912
2021-12-07	43660
2021-12-06	44561
2021-12-05	33879
2021-12-04	41148
2021-12-03	49331
2021-12-02	41439
2021-12-01	47926
2021-11-30	52684
2021-11-29	46050
2021-11-28	39534
2021-11-27	38050
2021-11-26	51250
2021-11-25	51602
2021-11-24	53813
2021-11-23	52228
2021-11-22	53122
2021-11-21	43677
2021-11-20	43140
2021-11-19	43602
2021-11-18	48309
2021-11-17	59368
2021-11-16	50302
2021-11-15	53778
2021-11-14	52481
2021-11-13	59818
2021-11-12	65141
2021-11-11	50777
2021-11-10	63224
2021-11-09	76505
2021-11-08	54161
2021-11-07	44834
2021-11-06	40428
2021-11-05	65627
2021-11-04	57805
2021-11-03	62044
2021-11-02	59524
2021-11-01	48062
2021-10-31	48093
2021-10-30	49746
2021-10-29	48758
2021-10-28	44394
2021-10-27	46699
2021-10-26	44934
2021-10-25	44125
2021-10-24	42701
2021-10-23	37688
2021-10-22	39820
2021-10-21	40768
2021-10-20	49157
2021-10-19	48232
2021-10-18	43830
2021-10-17	44599
2021-10-16	48984
2021-10-15	48858
2021-10-14	34238
2021-10-13	33493
2021-10-12	46558
2021-10-11	38659
2021-10-10	31397
2021-10-09	35488
2021-10-08	42423
2021-10-07	37478
2021-10-06	41675
2021-10-05	43888
2021-10-04	29760
2021-10-03	27086
2021-10-02	36351
2021-10-01	47718
2021-09-30	43075
2021-09-29	36110
2021-09-28	36194
2021-09-27	33677
2021-09-26	29260
2021-09-25	32971
2021-09-24	43676
2021-09-23	37120
2021-09-22	36287
2021-09-21	47211
2021-09-20	35625
2021-09-19	32263
2021-09-18	30871
2021-09-17	37151
2021-09-16	35087
2021-09-15	38741
2021-09-14	48521
2021-09-13	39689
2021-09-12	36306
2021-09-11	38020
2021-09-10	40625
2021-09-09	34088
2021-09-08	44109
2021-09-07	46547
2021-09-06	49892
2021-09-05	38553
2021-09-04	43600
2021-09-03	40696
2021-09-02	50496
2021-09-01	44737
2021-08-31	45106
2021-08-30	47633
2021-08-29	56122
2021-08-28	48426
2021-08-27	45063
2021-08-26	42885
2021-08-25	42748
2021-08-24	56556
2021-08-23	50173
2021-08-22	46462
2021-08-21	52443
2021-08-20	60946
2021-08-19	45977
2021-08-18	45058
2021-08-17	47961
2021-08-16	58748
2021-08-15	67309
2021-08-14	61816
2021-08-13	47435
2021-08-12	55469
2021-08-11	50320
2021-08-10	53702
2021-08-09	55329
2021-08-08	48193
2021-08-07	52992
2021-08-06	64842
2021-08-05	42304
2021-08-04	41048
2021-08-03	46689
2021-08-02	37555
2021-08-01	40157
2021-07-31	38765
2021-07-30	37227
2021-07-29	35337
2021-07-28	34107
2021-07-27	50751
2021-07-26	37274
2021-07-25	26520
2021-07-24	25255
2021-07-23	31016
2021-07-22	32122
2021-07-21	33404
2021-07-20	40053
2021-07-19	37337
2021-07-18	31676
2021-07-17	31668
2021-07-16	26320
2021-07-15	28598
2021-07-14	38171
2021-07-13	40218
2021-07-12	40865
2021-07-11	44853
2021-07-10	38654
2021-07-09	35430
2021-07-08	34196
2021-07-07	37316
2021-07-06	38148
2021-07-05	34883
2021-07-04	41578
2021-07-03	31224
2021-07-02	40100
2021-07-01	38651
2021-06-30	40315
2021-06-29	52792
2021-06-28	46176
2021-06-27	31200
2021-06-26	39850
2021-06-25	40593
2021-06-24	37562
2021-06-23	38126
2021-06-22	42104
2021-06-21	37420
2021-06-20	41300
2021-06-19	39405
2021-06-18	42693
2021-06-17	35409
2021-06-16	47893
2021-06-15	41554
2021-06-14	37243
2021-06-13	36747
2021-06-12	34370
2021-06-11	36425
2021-06-10	32849
2021-06-09	35090
2021-06-08	42393
2021-06-07	38435
2021-06-06	34212
2021-06-05	44900
2021-06-04	47849
2021-06-03	43692
2021-06-02	45281
2021-06-01	50995
2021-05-31	46903
2021-05-30	40471
2021-05-29	42575
2021-05-28	49712
2021-05-27	47535
2021-05-26	58807
2021-05-25	49285
2021-05-24	61036
2021-05-23	52176
2021-05-22	55574
2021-05-21	62775
2021-05-20	53072
2021-05-19	58994
2021-05-18	51196
2021-05-17	55980
2021-05-16	51628
2021-05-15	55277
2021-05-14	65004
2021-05-13	64372
2021-05-12	76348
2021-05-11	68611
2021-05-10	71138
2021-05-09	56935
2021-05-08	72243
2021-05-07	70658
2021-05-06	87406
2021-05-05	79815
2021-05-04	69548
2021-05-03	66025
2021-05-02	55253
2021-05-01	63457
2021-04-30	59381
2021-04-29	54956
2021-04-28	52218
2021-04-27	74538
2021-04-26	52103
2021-04-25	58360
2021-04-24	61613
2021-04-23	63174
2021-04-22	67688
2021-04-21	65830
2021-04-20	69837
2021-04-19	67600
2021-04-18	66630
2021-04-17	79766
2021-04-16	98602
2021-04-15	64626
2021-04-14	73987
2021-04-13	69433
2021-04-12	59796
2021-04-11	66313
2021-04-10	67167
2021-04-09	58526
2021-04-08	52686
2021-04-07	68983
2021-04-06	69262
2021-04-05	56134
2021-04-04	56604
2021-04-03	52864
2021-04-02	53527
2021-04-01	57137
2021-03-31	55040
2021-03-30	55309
2021-03-29	52163
2021-03-28	49855
2021-03-27	47782
2021-03-26	50358
2021-03-25	43653
2021-03-24	49881
2021-03-23	48367
2021-03-22	50603
2021-03-21	51908
2021-03-20	54027
2021-03-19	56199
2021-03-18	68737
2021-03-17	49815
2021-03-16	49606
2021-03-15	45117
2021-03-14	42824
2021-03-13	57382
2021-03-12	46703
2021-03-11	51186
2021-03-10	57617
2021-03-09	57446
2021-03-08	55944
2021-03-07	50901
2021-03-06	43642
2021-03-05	56340
2021-03-04	47750
2021-03-03	47493
2021-03-02	52064
2021-03-01	52681
2021-02-28	47266
2021-02-27	50011
2021-02-26	55303
2021-02-25	49826
2021-02-24	58007
2021-02-23	58602
2021-02-22	57721
2021-02-21	62831
2021-02-20	67704
2021-02-19	63014
2021-02-18	55925
2021-02-17	71170
2021-02-16	64502
2021-02-15	68470
2021-02-14	76469
2021-02-13	79559
2021-02-12	63060
2021-02-11	53468
2021-02-10	64048
2021-02-09	75072
2021-02-08	63265
2021-02-07	65030
2021-02-06	70856
2021-02-05	63015
2021-02-04	57978
2021-02-03	56986
2021-02-02	56508
2021-02-01	52714
2021-01-31	47091
2021-01-30	55059
2021-01-29	56481
2021-01-28	51870
2021-01-27	53183
2021-01-26	54243
2021-01-25	62172
2021-01-24	51249
2021-01-23	54357
2021-01-22	57243
2021-01-21	59195
2021-01-20	59883
2021-01-19	61184
2021-01-18	49866
2021-01-17	42893
2021-01-16	44345
2021-01-15	51616
2021-01-14	48019
2021-01-13	44319
2021-01-12	60672
2021-01-11	59594
2021-01-10	74416
2021-01-09	62009
2021-01-08	52394
2021-01-07	50155
2021-01-06	55206
2021-01-05	44105
2021-01-04	50112
2021-01-03	53347
2021-01-02	47127
2021-01-01	39529
2020-12-31	35905
2020-12-30	45782
2020-12-29	49982
2020-12-28	49855
2020-12-27	33763
2020-12-26	27859
2020-12-25	26088
2020-12-24	28779
2020-12-23	29840
2020-12-22	35332
2020-12-21	31722
2020-12-20	36854
2020-12-19	33271
2020-12-18	34952
2020-12-17	39896
2020-12-16	32302
2020-12-15	30277
2020-12-14	28218
2020-12-13	26917
2020-12-12	28751
2020-12-11	32050
2020-12-10	25756
2020-12-09	30341
2020-12-08	44590
2020-12-07	34761
2020-12-06	26416
2020-12-05	27566
2020-12-04	47648
2020-12-03	30925
2020-12-02	40653
2020-12-01	41036
2020-11-30	37086
2020-11-29	25817
2020-11-28	26442
2020-11-27	30650
2020-11-26	33266
2020-11-25	42600
2020-11-24	61885
2020-11-23	37052
2020-11-22	34831
2020-11-21	43191
2020-11-20	45656
2020-11-19	45188
2020-11-18	43923
2020-11-17	45628
2020-11-16	33084
2020-11-15	25807
2020-11-14	37451
2020-11-13	43525
2020-11-12	42008
2020-11-11	48157
2020-11-10	60993
2020-11-09	42412
2020-11-08	52512
2020-11-07	45135
2020-11-06	39331
2020-11-05	36715
2020-11-04	42664
2020-11-03	50820
2020-11-02	43651
2020-11-01	37891
2020-10-31	38524
2020-10-30	37348
2020-10-29	35569
2020-10-28	42848
2020-10-27	50693
2020-10-26	36967
2020-10-25	45432
2020-10-24	43735
2020-10-23	45104
2020-10-22	37683
2020-10-21	40019
2020-10-20	48999
2020-10-19	34185
2020-10-18	31467
2020-10-17	33643
2020-10-16	37882
2020-10-15	39453
2020-10-14	45285
2020-10-13	47136
2020-10-12	26722
2020-10-11	25793
2020-10-10	31714
2020-10-09	31929
2020-10-08	33839
2020-10-07	33282
2020-10-06	45384
2020-10-05	30318
2020-10-04	27320
2020-10-03	30438
2020-10-02	30214
2020-10-01	31622
2020-09-30	36257
2020-09-29	46196
2020-09-28	31436
2020-09-27	30938
2020-09-26	46495
2020-09-25	42700
2020-09-24	46310
2020-09-23	36216
2020-09-22	44223
2020-09-21	35749
2020-09-20	33322
2020-09-19	34231
2020-09-18	37177
2020-09-17	34514
2020-09-16	47612
2020-09-15	57990
2020-09-14	56780
2020-09-13	54557
2020-09-12	46704
2020-09-11	54460
2020-09-10	67192
2020-09-09	52589
2020-09-08	65158
2020-09-07	54949
2020-09-06	63896
2020-09-05	57001
2020-09-04	63606
2020-09-03	56137
2020-09-02	60392
2020-09-01	67722
2020-08-31	52078
2020-08-30	56301
2020-08-29	58447
2020-08-28	66645
2020-08-27	62397
2020-08-26	54215
2020-08-25	65000
2020-08-24	62938
2020-08-23	60780
2020-08-22	70913
2020-08-21	69410
2020-08-20	65623
2020-08-19	72408
2020-08-18	83286
2020-08-17	54396
2020-08-16	71106
2020-08-15	79036
2020-08-14	72488
2020-08-13	78272
2020-08-12	71865
2020-08-11	76499
2020-08-10	61775
2020-08-09	50197
2020-08-08	51402
2020-08-07	51131
2020-08-06	59237
2020-08-05	66301
2020-08-04	69462
2020-08-03	65981
2020-08-02	65893
2020-08-01	77302
2020-07-31	82964
2020-07-30	56846
2020-07-29	61100
2020-07-28	76622
2020-07-27	63744
2020-07-26	55439
2020-07-25	61063
2020-07-24	61353
2020-07-23	60063
2020-07-22	59182
2020-07-21	60195
2020-07-20	57521
2020-07-19	45684
2020-07-18	52117
2020-07-17	49754
2020-07-16	54526
2020-07-15	49948
2020-07-14	60888
2020-07-13	58383
2020-07-12	49244
2020-07-11	54625
2020-07-10	52467
2020-07-09	54320
2020-07-08	55364
2020-07-07	68221
2020-07-06	58085
2020-07-05	49757
2020-07-04	57918
2020-07-03	53421
2020-07-02	52071
2020-07-01	54068
2020-06-30	59310
2020-06-29	49158
2020-06-28	40443
2020-06-27	51238
2020-06-26	51250
2020-06-25	46455
2020-06-24	55859
2020-06-23	47655
2020-06-22	44810
2020-06-21	49985
2020-06-20	54395
2020-06-19	53047
2020-06-18	56847
2020-06-17	48789
2020-06-16	55597
2020-06-15	55023
2020-06-14	54294
2020-06-13	37546
2020-06-12	53889
2020-06-11	62092
2020-06-10	55910
2020-06-09	55435
2020-06-08	51959
2020-06-07	55734
2020-06-06	51557
2020-06-05	33397
2020-06-04	34985
2020-06-03	41904
2020-06-02	52514
2020-06-01	45952
2020-05-31	50219
2020-05-30	48924
2020-05-29	49218
2020-05-28	33980
2020-05-27	35931
2020-05-26	35856
2020-05-25	29382
2020-05-24	33740
2020-05-23	31635
2020-05-22	41219
2020-05-21	51911
2020-05-20	42874
2020-05-19	40633
2020-05-18	43362
2020-05-17	47415
2020-05-16	45535
2020-05-15	41315
2020-05-14	37715
2020-05-13	36295
2020-05-12	36998
2020-05-11	35894
2020-05-10	25835
2020-05-09	30483
2020-05-08	22918
2020-05-07	21019
2020-05-06	21420
2020-05-05	22713
2020-05-04	19655
2020-05-03	19870
2020-05-02	18520
2020-05-01	23908
2020-04-30	27502
2020-04-29	26236
2020-04-28	23435
2020-04-27	17903
2020-04-26	15185
2020-04-25	19265
2020-04-24	18671
2020-04-23	18125
2020-04-22	14695
2020-04-21	17439
2020-04-20	16132
2020-04-19	15472
2020-04-18	17528
2020-04-17	17482
2020-04-16	18541
2020-04-15	19787
2020-04-14	21232
2020-04-13	16407
2020-04-12	16040
2020-04-11	14604
2020-04-10	18255
2020-04-09	17811
2020-04-08	83522
2020-04-07	22348
2020-04-06	18134
2020-04-05	22333
2020-04-04	21406
2020-04-03	22500
2020-04-02	21236
2020-04-01	23017
2020-03-31	45317
2020-03-30	26766
2020-03-29	17058
2020-03-28	19190
2020-03-27	20778
2020-03-26	19019
2020-03-25	19152
2020-03-24	23540
2020-03-23	19811
2020-03-22	23308
2020-03-21	20889
2020-03-20	24432
2020-03-19	23302
2020-03-18	19461
2020-03-17	24162
2020-03-16	22372
2020-03-15	18693
2020-03-14	28338
2020-03-13	29643
2020-03-12	26948
2020-03-11	21327
2020-03-10	22069
2020-03-09	22326
2020-03-08	19643
2020-03-07	19961
2020-03-06	22719
2020-03-05	24798
2020-03-04	21721
2020-03-03	20339
2020-03-02	14814
2020-03-01	11878
2020-02-29	13079
2020-02-28	17665
2020-02-27	17095
2020-02-26	21190
2020-02-25	16015
2020-02-24	16606
2020-02-23	14924
2020-02-22	13269
2020-02-21	13660
2020-02-20	18475
2020-02-19	17119
2020-02-18	17997
2020-02-17	17725
2020-02-16	17497
2020-02-15	18244
2020-02-14	19939
2020-02-13	18607
2020-02-12	20962
2020-02-11	22964
2020-02-10	16780
2020-02-09	19971
2020-02-08	17566
2020-02-07	21969
2020-02-06	24270
2020-02-05	25334
2020-02-04	18464
2020-02-03	15944
2020-02-02	16775
2020-02-01	17287
2020-01-31	19573
2020-01-30	17623
2020-01-29	20924
2020-01-28	24744
2020-01-27	22979
2020-01-26	15094
2020-01-25	14931
2020-01-24	18765
2020-01-23	20228
2020-01-22	17734
2020-01-21	28524
2020-01-20	30919
2020-01-19	20488
2020-01-18	18798
2020-01-17	23686
2020-01-16	23315
2020-01-15	29345
2020-01-14	31857
2020-01-13	19866
2020-01-12	20104
2020-01-11	21548
2020-01-10	22348
2020-01-09	21169
2020-01-08	21375
2020-01-07	25454
2020-01-06	24810
2020-01-05	22611
2020-01-04	26740
2020-01-03	20642
2020-01-02	22662
2020-01-01	17595
2019-12-31	20775
2019-12-30	19149
2019-12-29	17606
2019-12-28	19598
2019-12-27	18785
2019-12-26	18222
2019-12-25	14789
2019-12-24	18197
2019-12-23	19348
2019-12-22	10002
2019-12-21	12279
2019-12-20	14122
2019-12-19	16871
2019-12-18	15920
2019-12-17	19303
2019-12-16	11799
2019-12-15	10599
2019-12-14	11966
2019-12-13	11885
2019-12-12	16023
2019-12-11	14539
2019-12-10	14551
2019-12-09	12708
2019-12-08	11087
2019-12-07	13068
2019-12-06	13290
2019-12-05	16744
2019-12-04	14765
2019-12-03	15655
2019-12-02	15175
2019-12-01	11664
2019-11-30	12739
2019-11-29	17636
2019-11-28	20245
2019-11-27	17878
2019-11-26	16855
2019-11-25	14157
2019-11-24	11954
2019-11-23	12909
2019-11-22	16862
2019-11-21	19221
2019-11-20	14346
2019-11-19	16685
2019-11-18	14452
2019-11-17	11064
2019-11-16	11260
2019-11-15	16599
2019-11-14	21050
2019-11-13	21589
2019-11-12	65428
2019-11-11	17385
2019-11-10	26049
2019-11-09	21644
2019-11-08	20549
2019-11-07	19809
2019-11-06	22048
2019-11-05	20816
2019-11-04	19763
2019-11-03	19908
2019-11-02	28120
2019-11-01	22498
2019-10-31	22347
2019-10-30	23872
2019-10-29	23516
2019-10-28	21173
2019-10-27	19584
2019-10-26	23240
2019-10-25	28078
2019-10-24	22655
2019-10-23	20711
2019-10-22	21904
2019-10-21	21988
2019-10-20	16915
2019-10-19	18937
2019-10-18	20409
2019-10-17	21784
2019-10-16	22234
2019-10-15	28450
2019-10-14	22877
2019-10-13	20898
2019-10-12	19632
2019-10-11	22553
2019-10-10	21068
2019-10-09	23406
2019-10-08	58244
2019-10-07	23556
2019-10-06	17795
2019-10-05	19772
2019-10-04	24466
2019-10-03	22092
2019-10-02	21217
2019-10-01	24531
2019-09-30	19863
2019-09-29	19299
2019-09-28	20469
2019-09-27	20329
2019-09-26	24808
2019-09-25	25708
2019-09-24	27143
2019-09-23	21531
2019-09-22	25929
2019-09-21	29189
2019-09-20	32328
2019-09-19	25872
2019-09-18	28514
2019-09-17	28935
2019-09-16	22736
2019-09-15	22033
2019-09-14	23356
2019-09-13	26239
2019-09-12	24994
2019-09-11	26594
2019-09-10	24248
2019-09-09	23090
2019-09-08	23301
2019-09-07	24735
2019-09-06	31819
2019-09-05	27769
2019-09-04	27830
2019-09-03	30226
2019-09-02	189693
2019-09-01	436731
2019-08-31	25073
2019-08-30	27922
2019-08-29	34116
2019-08-28	23172
2019-08-27	25331
2019-08-26	24923
2019-08-25	18009
2019-08-24	17122
2019-08-23	19673
2019-08-22	22091
2019-08-21	21100
2019-08-20	22574
2019-08-19	20605
2019-08-18	17276
2019-08-17	15878
2019-08-16	18857
2019-08-15	19867
2019-08-14	22587
2019-08-13	21462
2019-08-12	17004
2019-08-11	15514
2019-08-10	15441
2019-08-09	18668
2019-08-08	22900
2019-08-07	23200
2019-08-06	24855
2019-08-05	19981
2019-08-04	16860
2019-08-03	19677
2019-08-02	21164
2019-08-01	23155
2019-07-31	24459
2019-07-30	23045
2019-07-29	19381
2019-07-28	17078
2019-07-27	17683
2019-07-26	21187
2019-07-25	21173
2019-07-24	20011
2019-07-23	21462
2019-07-22	18460
2019-07-21	16529
2019-07-20	31883
2019-07-19	27419
2019-07-18	26390
2019-07-17	27538
2019-07-16	28177
2019-07-15	24512
2019-07-14	21192
2019-07-13	20491
2019-07-12	23396
2019-07-11	29473
2019-07-10	27594
2019-07-09	31128
2019-07-08	22751
2019-07-07	20961
2019-07-06	22436
2019-07-05	20654
2019-07-04	20762
2019-07-03	27651
2019-07-02	25368
2019-07-01	22820
2019-06-30	21118
2019-06-29	23053
2019-06-28	24426
2019-06-27	29092
2019-06-26	37881
2019-06-25	30856
2019-06-24	28989
2019-06-23	28625
2019-06-22	30697
2019-06-21	26997
2019-06-20	23849
2019-06-19	26723
2019-06-18	30850
2019-06-17	23649
2019-06-16	23305
2019-06-15	27191
2019-06-14	23543
2019-06-13	23308
2019-06-12	24122
2019-06-11	21728
2019-06-10	20500
2019-06-09	18318
2019-06-08	18657
2019-06-07	20838
2019-06-06	19905
2019-06-05	26185
2019-06-04	27254
2019-06-03	23562
2019-06-02	23986
2019-06-01	21018
2019-05-31	36078
2019-05-30	28447
2019-05-29	29535
2019-05-28	32867
2019-05-27	28511
2019-05-26	25085
2019-05-25	23776
2019-05-24	24875
2019-05-23	23708
2019-05-22	27652
2019-05-21	32428
2019-05-20	23149
2019-05-19	22518
2019-05-18	22109
2019-05-17	31633
2019-05-16	31826
2019-05-15	39634
2019-05-14	34222
2019-05-13	27282
2019-05-12	27093
2019-05-11	28264
2019-05-10	106400
2019-05-09	21697
2019-05-08	26966
2019-05-07	29481
2019-05-06	22174
2019-05-05	19886
2019-05-04	19455
2019-05-03	22283
2019-05-02	33952
2019-05-01	31139
2019-04-30	26209
2019-04-29	25203
2019-04-28	17906
2019-04-27	20908
2019-04-26	22935
2019-04-25	27991
2019-04-24	32139
2019-04-23	28190
2019-04-22	22418
2019-04-21	21205
2019-04-20	27104
2019-04-19	22288
2019-04-18	42114
2019-04-17	30997
2019-04-16	30176
2019-04-15	28105
2019-04-14	18427
2019-04-13	17474
2019-04-12	19926
2019-04-11	21457
2019-04-10	26766
2019-04-09	25191
2019-04-08	24552
2019-04-07	21384
2019-04-06	20943
2019-04-05	24890
2019-04-04	29135
2019-04-03	45786
2019-04-02	31760
2019-04-01	24529
2019-03-31	17504
2019-03-30	20780
2019-03-29	21874
2019-03-28	21409
2019-03-27	28413
2019-03-26	18858
2019-03-25	17260
2019-03-24	13395
2019-03-23	16896
2019-03-22	17887
2019-03-21	22918
2019-03-20	18126
2019-03-19	15088
2019-03-18	15012
2019-03-17	12470
2019-03-16	17263
2019-03-15	15804
2019-03-14	22112
2019-03-13	15904
2019-03-12	14646
2019-03-11	13471
2019-03-10	10648
2019-03-09	10809
2019-03-08	14009
2019-03-07	15024
2019-03-06	12205
2019-03-05	14250
2019-03-04	12052
2019-03-03	11443
2019-03-02	11567
2019-03-01	13137
2019-02-28	14086
2019-02-27	18332
2019-02-26	15176
2019-02-25	14653
2019-02-24	15528
2019-02-23	13901
2019-02-22	13575
2019-02-21	14840
2019-02-20	13829
2019-02-19	16122
2019-02-18	16855
2019-02-17	11236
2019-02-16	10310
2019-02-15	14082
2019-02-14	15083
2019-02-13	14867
2019-02-12	14978
2019-02-11	10918
2019-02-10	11567
2019-02-09	12176
2019-02-08	12264
2019-02-07	11219
2019-02-06	13986
2019-02-05	11007
2019-02-04	11369
2019-02-03	11660
2019-02-02	12518
2019-02-01	13206
2019-01-31	12464
2019-01-30	13843
2019-01-29	14818
2019-01-28	13927
2019-01-27	10735
2019-01-26	11977
2019-01-25	13708
2019-01-24	14325
2019-01-23	11024
2019-01-22	10905
2019-01-21	11267
2019-01-20	9679
2019-01-19	12150
2019-01-18	10335
2019-01-17	10260
2019-01-16	10751
2019-01-15	9974
2019-01-14	9463
2019-01-13	9094
2019-01-12	9564
2019-01-11	9552
2019-01-10	10385
2019-01-09	10597
2019-01-08	11037
2019-01-07	10315
2019-01-06	26805
2019-01-05	10107
2019-01-04	10523
2019-01-03	11897
2019-01-02	10385
2019-01-01	7589
2018-12-31	9195
2018-12-30	9490
2018-12-29	9762
2018-12-28	13409
2018-12-27	12514
2018-12-26	10010
2018-12-25	10682
2018-12-24	11863
2018-12-23	10474
2018-12-22	11282
2018-12-21	22651
2018-12-20	17474
2018-12-19	15305
2018-12-18	21494
2018-12-17	11119
2018-12-16	9999
2018-12-15	10644
2018-12-14	12030
2018-12-13	17629
2018-12-12	15851
2018-12-11	10319
2018-12-10	13878
2018-12-09	9900
2018-12-08	11340
2018-12-07	16052
2018-12-06	14909
2018-12-05	13177
2018-12-04	10447
2018-12-03	10548
2018-12-02	7745
2018-12-01	13088
2018-11-30	55304
2018-11-29	17211
2018-11-28	19992
2018-11-27	19763
2018-11-26	17759
2018-11-25	11703
2018-11-24	8713
2018-11-23	8911
2018-11-22	5871
2018-11-21	6523
2018-11-20	274870
2018-11-19	232555
2018-11-18	5375
2018-11-17	4846
2018-11-16	9567
2018-11-15	29992
2018-11-14	57441
2018-11-13	65641
2018-11-12	37373
2018-11-11	29145
2018-11-10	27424
2018-11-09	28903
2018-11-08	29698
2018-11-07	32181
2018-11-06	33967
2018-11-05	32332
2018-11-04	40027
2018-11-03	27622
2018-11-02	25041
2018-11-01	20175
2018-10-31	20737
2018-10-30	23352
2018-10-29	34755
2018-10-28	17708
2018-10-27	22774
2018-10-26	20028
2018-10-25	20169
2018-10-24	30009
2018-10-23	20527
2018-10-22	22322
2018-10-21	23961
2018-10-20	17997
2018-10-19	24448
2018-10-18	28114
2018-10-17	19914
2018-10-16	21694
2018-10-15	27526
2018-10-14	16940
2018-10-13	17000
2018-10-12	18832
2018-10-11	25695
2018-10-10	18386
2018-10-09	17136
2018-10-08	18261
2018-10-07	16151
2018-10-06	22461
2018-10-05	20644
2018-10-04	26382
2018-10-03	20937
2018-10-02	20668
2018-10-01	22324
2018-09-30	19920
2018-09-29	20463
2018-09-28	23207
2018-09-27	29566
2018-09-26	30110
2018-09-25	22891
2018-09-24	19686
2018-09-23	16626
2018-09-22	19953
2018-09-21	25539
2018-09-20	20319
2018-09-19	25979
2018-09-18	20723
2018-09-17	20389
2018-09-16	21161
2018-09-15	22349
2018-09-14	21092
2018-09-13	30620
2018-09-12	21530
2018-09-11	31430
2018-09-10	23442
2018-09-09	17647
2018-09-08	17296
2018-09-07	19208
2018-09-06	32452
2018-09-05	32578
2018-09-04	50663
2018-09-03	23838
2018-09-02	41013
2018-09-01	38550
2018-08-31	26774
2018-08-30	18655
2018-08-29	38393
2018-08-28	29864
2018-08-27	41776
2018-08-26	16214
2018-08-25	15977
2018-08-24	20964
2018-08-23	19365
2018-08-22	18692
2018-08-21	16894
2018-08-20	19421
2018-08-19	19446
2018-08-18	16071
2018-08-17	30063
2018-08-16	18315
2018-08-15	19864
2018-08-14	77103
2018-08-13	22375
2018-08-12	22283
2018-08-11	16343
2018-08-10	18522
2018-08-09	21543
2018-08-08	32797
2018-08-07	30961
2018-08-06	19481
2018-08-05	15298
2018-08-04	16573
2018-08-03	20050
2018-08-02	21555
2018-08-01	27789
2018-07-31	23127
2018-07-30	22036
2018-07-29	17685
2018-07-28	22451
2018-07-27	19648
2018-07-26	21331
2018-07-25	22571
2018-07-24	23572
2018-07-23	20766
2018-07-22	16681
2018-07-21	20037
2018-07-20	32785
2018-07-19	31353
2018-07-18	26929
2018-07-17	23357
2018-07-16	23198
2018-07-15	15553
2018-07-14	15365
2018-07-13	22961
2018-07-12	16868
2018-07-11	19148
2018-07-10	19175
2018-07-09	17929
2018-07-08	16619
2018-07-07	17682
2018-07-06	17495
2018-07-05	21696
2018-07-04	20844
2018-07-03	24229
2018-07-02	66439
2018-07-01	44459
2018-06-30	22767
2018-06-29	18879
2018-06-28	19632
2018-06-27	23347
2018-06-26	18978
2018-06-25	30762
2018-06-24	16796
2018-06-23	17042
2018-06-22	20700
2018-06-21	23634
2018-06-20	20061
2018-06-19	23413
2018-06-18	19453
2018-06-17	15191
2018-06-16	15336
2018-06-15	19350
2018-06-14	21109
2018-06-13	21235
2018-06-12	24331
2018-06-11	22241
2018-06-10	20899
2018-06-09	18513
2018-06-08	21420
2018-06-07	21309
2018-06-06	24194
2018-06-05	22762
2018-06-04	23561
2018-06-03	20597
2018-06-02	21693
2018-06-01	20810
2018-05-31	37945
2018-05-30	26092
2018-05-29	24001
2018-05-28	20760
2018-05-27	16374
2018-05-26	17360
2018-05-25	22066
2018-05-24	22156
2018-05-23	23969
2018-05-22	25368
2018-05-21	23335
2018-05-20	19750
2018-05-19	19133
2018-05-18	23238
2018-05-17	22756
2018-05-16	27655
2018-05-15	27064
2018-05-14	28695
2018-05-13	22456
2018-05-12	24178
2018-05-11	29349
2018-05-10	29949
2018-05-09	28664
2018-05-08	31059
2018-05-07	38499
2018-05-06	31352
2018-05-05	33955
2018-05-04	30934
2018-05-03	35029
2018-05-02	33337
2018-05-01	26476
2018-04-30	29473
2018-04-29	26600
2018-04-28	25615
2018-04-27	27279
2018-04-26	40209
2018-04-25	39631
2018-04-24	45279
2018-04-23	44982
2018-04-22	28343
2018-04-21	27185
2018-04-20	33376
2018-04-19	29198
2018-04-18	27731
2018-04-17	24010
2018-04-16	23487
2018-04-15	21717
2018-04-14	19634
2018-04-13	24428
2018-04-12	24675
2018-04-11	20359
2018-04-10	20040
2018-04-09	32555
2018-04-08	18376
2018-04-07	26305
2018-04-06	30575
2018-04-05	28124
2018-04-04	31160
2018-04-03	72062
2018-04-02	32475
2018-04-01	25580
2018-03-31	27876
2018-03-30	30866
2018-03-29	31994
2018-03-28	28408
2018-03-27	28308
2018-03-26	26656
2018-03-25	23576
2018-03-24	24433
2018-03-23	24938
2018-03-22	30030
2018-03-21	32797
2018-03-20	30580
2018-03-19	33945
2018-03-18	24792
2018-03-17	27479
2018-03-16	27430
2018-03-15	28076
2018-03-14	28316
2018-03-13	29088
2018-03-12	27701
2018-03-11	27262
2018-03-10	25760
2018-03-09	41134
2018-03-08	28025
2018-03-07	28954
2018-03-06	30290
2018-03-05	29084
2018-03-04	24600
2018-03-03	29436
2018-03-02	29114
2018-03-01	31540
2018-02-28	29670
2018-02-27	31066
2018-02-26	29232
2018-02-25	24809
2018-02-24	25736
2018-02-23	29498
2018-02-22	31043
2018-02-21	31287
2018-02-20	32622
2018-02-19	29995
2018-02-18	29526
2018-02-17	30809
2018-02-16	33261
2018-02-15	36059
2018-02-14	34620
2018-02-13	30890
2018-02-12	33156
2018-02-11	26182
2018-02-10	97047
2018-02-09	35262
2018-02-08	35258
2018-02-07	33320
2018-02-06	35657
2018-02-05	32460
2018-02-04	54542
2018-02-03	29718
2018-02-02	164464
2018-02-01	39695
2018-01-31	53142
2018-01-30	43722
2018-01-29	34668
2018-01-28	39702
2018-01-27	31980
2018-01-26	62493
2018-01-25	34180
2018-01-24	31936
2018-01-23	35513
2018-01-22	41128
2018-01-21	33654
2018-01-20	37552
2018-01-19	40165
2018-01-18	69062
2018-01-17	62627
2018-01-16	56384
2018-01-15	60631
2018-01-14	65352
2018-01-13	70568
2018-01-12	99098
2018-01-11	64470
2018-01-10	133446
2018-01-09	124961
2018-01-08	105094
2018-01-07	76015
2018-01-06	69908
2018-01-05	124331
2018-01-04	145993
2018-01-03	117395
2018-01-02	168428
2018-01-01	215955
2017-12-31	313432
2017-12-30	299109
2017-12-29	284651
2017-12-28	116773
2017-12-27	78024
2017-12-26	52410
2017-12-25	48868
2017-12-24	57040
2017-12-23	218805
2017-12-22	285137
2017-12-21	250492
2017-12-20	299217
2017-12-19	206176
2017-12-18	149343
2017-12-17	151277
2017-12-16	144755
2017-12-15	119962
2017-12-14	127052
2017-12-13	36615
2017-12-12	50608
2017-12-11	38654
2017-12-10	27270
2017-12-09	28543
2017-12-08	44749
2017-12-07	45418
2017-12-06	69909
2017-12-05	31879
2017-12-04	30990
2017-12-03	31953
2017-12-02	27094
2017-12-01	29071
2017-11-30	33160
2017-11-29	45160
2017-11-28	37949
2017-11-27	32798
2017-11-26	31572
2017-11-25	30942
2017-11-24	100705
2017-11-23	50485
2017-11-22	31584
2017-11-21	29230
2017-11-20	27445
2017-11-19	28345
2017-11-18	34600
2017-11-17	67264
2017-11-16	49363
2017-11-15	43007
2017-11-14	43691
2017-11-13	70323
2017-11-12	123004
2017-11-11	71023
2017-11-10	81282
2017-11-09	38959
2017-11-08	37372
2017-11-07	38715
2017-11-06	32079
2017-11-05	30849
2017-11-04	25853
2017-11-03	36297
2017-11-02	29687
2017-11-01	24506
2017-10-31	19764
2017-10-30	25279
2017-10-29	21791
2017-10-28	19133
2017-10-27	21160
2017-10-26	18770
2017-10-25	21662
2017-10-24	18772
2017-10-23	21115
2017-10-22	13743
2017-10-21	16899
2017-10-20	26041
2017-10-19	15294
2017-10-18	19273
2017-10-17	27151
2017-10-16	18353
2017-10-15	32571
2017-10-14	167777
2017-10-13	74886
2017-10-12	36440
2017-10-11	16207
2017-10-10	16155
2017-10-09	16587
2017-10-08	13136
2017-10-07	8934
2017-10-06	16523
2017-10-05	15434
2017-10-04	21794
2017-10-03	9355
2017-10-02	13213
2017-10-01	14525
2017-09-30	16899
2017-09-29	10041
2017-09-28	13510
2017-09-27	14324
2017-09-26	11441
2017-09-25	12180
2017-09-24	12093
2017-09-23	9577
2017-09-22	12684
2017-09-21	10590
2017-09-20	15398
2017-09-19	18760
2017-09-18	16460
2017-09-17	10036
2017-09-16	13034
2017-09-15	74659
2017-09-14	13344
2017-09-13	11816
2017-09-12	9816
2017-09-11	12950
2017-09-10	9380
2017-09-09	13559
2017-09-08	14314
2017-09-07	16606
2017-09-06	19027
2017-09-05	17129
2017-09-04	15916
2017-09-03	19858
2017-09-02	15932
2017-09-01	24867
2017-08-31	62476
2017-08-30	88136
2017-08-29	28796
2017-08-28	22549
2017-08-27	13633
2017-08-26	30730
2017-08-25	21069
2017-08-24	46277
2017-08-23	21058
2017-08-22	30524
2017-08-21	33650
2017-08-20	39122
2017-08-19	56267
2017-08-18	42890
2017-08-17	23907
2017-08-16	146545
2017-08-15	19791
2017-08-14	23862
2017-08-13	16463
2017-08-12	17764
2017-08-11	21100
2017-08-10	23626
2017-08-09	22407
2017-08-08	26400
2017-08-07	43951
2017-08-06	33227
2017-08-05	42157
2017-08-04	69726
2017-08-03	57534
2017-08-02	24908
2017-08-01	174096
2017-07-31	463896
2017-07-30	383894
2017-07-29	447912
2017-07-28	464358
2017-07-27	484137
2017-07-26	459397
2017-07-25	452336
2017-07-24	464993
2017-07-23	366137
2017-07-22	447998
2017-07-21	494112
2017-07-20	435664
2017-07-19	478877
2017-07-18	546005
2017-07-17	470313
2017-07-16	415251
2017-07-15	418043
2017-07-14	408965
2017-07-13	443050
2017-07-12	505543
2017-07-11	497864
2017-07-10	463244
2017-07-09	347840
2017-07-08	419561
2017-07-07	454274
2017-07-06	412276
2017-07-05	420379
2017-07-04	455794
2017-07-03	457444
2017-07-02	414270
2017-07-01	444896
2017-06-30	478539
2017-06-29	415224
2017-06-28	509412
2017-06-27	435434
2017-06-26	480580
2017-06-25	359093
2017-06-24	436613
2017-06-23	483365
2017-06-22	497457
2017-06-21	471676
2017-06-20	460043
2017-06-19	497488
2017-06-18	424662
2017-06-17	443019
2017-06-16	477205
2017-06-15	529211
2017-06-14	479467
2017-06-13	478238
2017-06-12	474699
2017-06-11	442910
2017-06-10	454065
2017-06-09	501820
2017-06-08	545348
2017-06-07	579338
2017-06-06	507019
2017-06-05	516438
2017-06-04	475674
2017-06-03	598281
2017-06-02	468643
2017-06-01	540154
2017-05-31	515652
2017-05-30	546070
2017-05-29	470596
2017-05-28	549413
2017-05-27	557578
2017-05-26	498058
2017-05-25	519358
2017-05-24	492222
2017-05-23	554718
2017-05-22	480609
2017-05-21	494394
2017-05-20	564798
2017-05-19	536262
2017-05-18	491614
2017-05-17	506073
2017-05-16	440703
2017-05-15	515996
2017-05-14	548045
2017-05-13	496535
2017-05-12	472151
2017-05-11	429634
2017-05-10	459544
2017-05-09	507739
2017-05-08	560112
2017-05-07	506257
2017-05-06	539151
2017-05-05	406687
2017-05-04	526979
2017-05-03	426199
2017-05-02	499103
2017-05-01	449566
2017-04-30	469321
2017-04-29	524466
2017-04-28	442676
2017-04-27	466184
2017-04-26	484450
2017-04-25	473507
2017-04-24	394785
2017-04-23	405780
2017-04-22	428526
2017-04-21	514067
2017-04-20	460481
2017-04-19	456354
2017-04-18	449876
2017-04-17	380425
2017-04-16	383017
2017-04-15	433880
2017-04-14	437464
2017-04-13	403951
2017-04-12	437301
2017-04-11	496674
2017-04-10	429674
2017-04-09	427781
2017-04-08	377011
2017-04-07	495505
2017-04-06	466482
2017-04-05	490351
2017-04-04	405046
2017-04-03	477384
2017-04-02	418458
2017-04-01	412309
2017-03-31	416036
2017-03-30	465627
2017-03-29	432879
2017-03-28	489504
2017-03-27	383244
2017-03-26	360552
2017-03-25	389697
2017-03-24	479115
2017-03-23	448344
2017-03-22	509753
2017-03-21	448119
2017-03-20	414013
2017-03-19	431476
2017-03-18	452995
2017-03-17	474956
2017-03-16	476834
2017-03-15	442532
2017-03-14	493865
2017-03-13	448939
2017-03-12	397310
2017-03-11	454052
2017-03-10	486217
2017-03-09	458213
2017-03-08	447587
2017-03-07	474868
2017-03-06	425215
2017-03-05	439245
2017-03-04	390705
2017-03-03	457390
2017-03-02	472855
2017-03-01	428606
2017-02-28	446514
2017-02-27	420247
2017-02-26	444349
2017-02-25	475388
2017-02-24	498186
2017-02-23	447267
2017-02-22	403324
2017-02-21	415997
2017-02-20	428902
2017-02-19	385652
2017-02-18	458794
2017-02-17	443822
2017-02-16	455205
2017-02-15	403916
2017-02-14	435565
2017-02-13	441315
2017-02-12	371179
2017-02-11	406324
2017-02-10	432970
2017-02-09	501606
2017-02-08	428480
2017-02-07	464612
2017-02-06	408734
2017-02-05	459498
2017-02-04	430086
2017-02-03	454582
2017-02-02	440617
2017-02-01	533343
2017-01-31	449279
2017-01-30	441424
2017-01-29	445081
2017-01-28	440055
2017-01-27	463279
2017-01-26	497692
2017-01-25	473429
2017-01-24	483660
2017-01-23	414481
2017-01-22	362467
2017-01-21	407168
2017-01-20	430275
2017-01-19	457247
2017-01-18	419010
2017-01-17	436572
2017-01-16	416502
2017-01-15	352454
2017-01-14	374377
2017-01-13	373237
2017-01-12	409129
2017-01-11	414446
2017-01-10	449727
2017-01-09	383840
2017-01-08	384929
2017-01-07	404935
2017-01-06	466301
2017-01-05	426831
2017-01-04	459464
2017-01-03	429819
2017-01-02	460486
2017-01-01	279373
2016-12-31	365519
2016-12-30	430986
2016-12-29	435815
2016-12-28	442637
2016-12-27	430389
2016-12-26	380420
2016-12-25	298969
2016-12-24	361796
2016-12-23	429470
2016-12-22	463531
2016-12-21	479593
2016-12-20	427301
2016-12-19	429369
2016-12-18	369500
2016-12-17	354245
2016-12-16	410619
2016-12-15	396874
2016-12-14	394896
2016-12-13	441900
2016-12-12	415442
2016-12-11	359779
2016-12-10	386510
2016-12-09	409549
2016-12-08	436066
2016-12-07	510292
2016-12-06	484342
2016-12-05	438036
2016-12-04	439284
2016-12-03	464848
2016-12-02	458217
2016-12-01	423904
2016-11-30	417357
2016-11-29	431491
2016-11-28	464913
2016-11-27	360451
2016-11-26	424944
2016-11-25	442969
2016-11-24	478681
2016-11-23	416269
2016-11-22	375243
2016-11-21	379679
2016-11-20	350841
2016-11-19	352288
2016-11-18	395110
2016-11-17	409916
2016-11-16	402315
2016-11-15	413394
2016-11-14	410684
2016-11-13	330494
2016-11-12	354599
2016-11-11	364524
2016-11-10	400161
2016-11-09	409617
2016-11-08	438596
2016-11-07	406056
2016-11-06	321111
2016-11-05	346671
2016-11-04	357055
2016-11-03	392871
2016-11-02	389977
2016-11-01	408886
2016-10-31	365861
2016-10-30	306674
2016-10-29	342315
2016-10-28	369883
2016-10-27	490724
2016-10-26	430684
2016-10-25	427773
2016-10-24	406475
2016-10-23	347731
2016-10-22	356432
2016-10-21	391194
2016-10-20	427792
2016-10-19	311200
2016-10-18	391635
2016-10-17	367849
2016-10-16	307427
2016-10-15	328264
2016-10-14	350618
2016-10-13	385683
2016-10-12	370759
2016-10-11	398150
2016-10-10	329538
2016-10-09	307555
2016-10-08	364225
2016-10-07	384675
2016-10-06	413436
2016-10-05	397836
2016-10-04	400525
2016-10-03	412467
2016-10-02	297273
2016-10-01	329284
2016-09-30	377300
2016-09-29	374902
2016-09-28	365491
2016-09-27	376318
2016-09-26	358526
2016-09-25	282091
2016-09-24	305635
2016-09-23	320092
2016-09-22	329613
2016-09-21	338189
2016-09-20	346848
2016-09-19	328638
2016-09-18	286022
2016-09-17	330600
2016-09-16	314805
2016-09-15	332148
2016-09-14	337766
2016-09-13	367733
2016-09-12	331959
2016-09-11	263620
2016-09-10	289026
2016-09-09	334623
2016-09-08	330878
2016-09-07	365269
2016-09-06	336317
2016-09-05	344088
2016-09-04	273322
2016-09-03	299183
2016-09-02	313828
2016-09-01	339013
2016-08-31	338226
2016-08-30	364382
2016-08-29	343636
2016-08-28	268601
2016-08-27	281569
2016-08-26	316184
2016-08-25	309324
2016-08-24	331388
2016-08-23	347051
2016-08-22	345743
2016-08-21	266232
2016-08-20	301806
2016-08-19	343607
2016-08-18	358081
2016-08-17	340376
2016-08-16	349903
2016-08-15	336121
2016-08-14	262507
2016-08-13	266199
2016-08-12	323056
2016-08-11	349861
2016-08-10	344341
2016-08-09	305484
2016-08-08	333609
2016-08-07	276811
2016-08-06	266554
2016-08-05	313605
2016-08-04	326247
2016-08-03	345896
2016-08-02	362422
2016-08-01	335065
2016-07-31	330057
2016-07-30	255258
2016-07-29	317126
2016-07-28	317932
2016-07-27	320760
2016-07-26	317277
2016-07-25	320213
2016-07-24	257270
2016-07-23	293471
2016-07-22	300976
2016-07-21	288240
2016-07-20	312965
2016-07-19	301995
2016-07-18	316715
2016-07-17	267251
2016-07-16	290605
2016-07-15	291344
2016-07-14	313909
2016-07-13	285865
2016-07-12	306754
2016-07-11	306815
2016-07-10	232967
2016-07-09	257213
2016-07-08	297148
2016-07-07	311686
2016-07-06	301745
2016-07-05	318728
2016-07-04	306229
2016-07-03	247130
2016-07-02	291938
2016-07-01	331737
2016-06-30	330491
2016-06-29	309640
2016-06-28	331183
2016-06-27	313994
2016-06-26	310396
2016-06-25	333002
2016-06-24	341772
2016-06-23	348091
2016-06-22	359880
2016-06-21	377574
2016-06-20	335555
2016-06-19	315932
2016-06-18	361151
2016-06-17	374681
2016-06-16	355150
2016-06-15	373454
2016-06-14	331218
2016-06-13	376453
2016-06-12	314215
2016-06-11	289734
2016-06-10	323514
2016-06-09	326488
2016-06-08	312000
2016-06-07	311382
2016-06-06	320177
2016-06-05	271832
2016-06-04	262215
2016-06-03	314907
2016-06-02	306572
2016-06-01	320664
2016-05-31	300879
2016-05-30	345837
2016-05-29	257543
2016-05-28	303511
2016-05-27	339287
2016-05-26	293395
2016-05-25	321571
2016-05-24	329778
2016-05-23	302048
2016-05-22	282056
2016-05-21	310322
2016-05-20	284509
2016-05-19	293043
2016-05-18	317289
2016-05-17	303378
2016-05-16	302176
2016-05-15	258422
2016-05-14	282121
2016-05-13	292736
2016-05-12	292572
2016-05-11	304277
2016-05-10	314671
2016-05-09	300281
2016-05-08	257417
2016-05-07	266356
2016-05-06	294550
2016-05-05	299189
2016-05-04	318974
2016-05-03	310356
2016-05-02	300880
2016-05-01	249301
2016-04-30	286621
2016-04-29	328721
2016-04-28	308701
2016-04-27	321278
2016-04-26	344762
2016-04-25	315088
2016-04-24	272355
2016-04-23	260301
2016-04-22	304079
2016-04-21	306275
2016-04-20	324932
2016-04-19	312286
2016-04-18	306354
2016-04-17	292949
2016-04-16	263771
2016-04-15	281643
2016-04-14	319126
2016-04-13	332091
2016-04-12	325434
2016-04-11	305351
2016-04-10	241743
2016-04-09	270912
2016-04-08	288505
2016-04-07	292209
2016-04-06	312242
2016-04-05	318531
2016-04-04	317767
2016-04-03	301705
2016-04-02	331468
2016-04-01	342282
2016-03-31	292524
2016-03-30	347183
2016-03-29	492457
2016-03-28	374626
2016-03-27	261990
2016-03-26	312109
2016-03-25	262086
2016-03-24	296294
2016-03-23	282549
2016-03-22	305000
2016-03-21	303723
2016-03-20	274481
2016-03-19	260368
2016-03-18	305358
2016-03-17	320941
2016-03-16	320197
2016-03-15	303941
2016-03-14	301134
2016-03-13	254178
2016-03-12	250046
2016-03-11	284382
2016-03-10	291375
2016-03-09	394825
2016-03-08	314830
2016-03-07	280298
2016-03-06	260453
2016-03-05	361232
2016-03-04	379948
2016-03-03	358076
2016-03-02	412048
2016-03-01	374495
2016-02-29	368172
2016-02-28	308804
2016-02-27	314307
2016-02-26	330458
2016-02-25	373249
2016-02-24	327793
2016-02-23	378089
2016-02-22	342093
2016-02-21	324238
2016-02-20	333650
2016-02-19	361315
2016-02-18	331517
2016-02-17	367990
2016-02-16	326510
2016-02-15	342149
2016-02-14	304515
2016-02-13	291424
2016-02-12	319192
2016-02-11	340753
2016-02-10	351522
2016-02-09	360077
2016-02-08	327989
2016-02-07	313063
2016-02-06	323328
2016-02-05	357929
2016-02-04	314587
2016-02-03	417301
2016-02-02	514558
2016-02-01	452549
2016-01-31	296327
2016-01-30	331508
2016-01-29	401648
2016-01-28	376536
2016-01-27	371739
2016-01-26	373330
2016-01-25	362679
2016-01-24	300145
2016-01-23	318940
2016-01-22	369383
2016-01-21	361494
2016-01-20	451644
2016-01-19	287291
2016-01-18	335661
2016-01-17	338046
2016-01-16	340017
2016-01-15	287766
2016-01-14	297906
2016-01-13	301704
2016-01-12	305922
2016-01-11	310117
2016-01-10	264384
2016-01-09	299047
2016-01-08	299172
2016-01-07	290107
2016-01-06	271511
2016-01-05	299792
2016-01-04	289923
2016-01-03	236219
2016-01-02	287355
2016-01-01	198638
2015-12-31	253230
2015-12-30	259515
2015-12-29	295704
2015-12-28	270711
2015-12-27	245895
2015-12-26	270081
2015-12-25	246036
2015-12-24	303200
2015-12-23	332451
2015-12-22	322789
2015-12-21	348881
2015-12-20	291323
2015-12-19	316505
2015-12-18	320269
2015-12-17	320459
2015-12-16	340523
2015-12-15	331370
2015-12-14	386763
2015-12-13	284441
2015-12-12	342835
2015-12-11	301992
2015-12-10	338960
2015-12-09	355547
2015-12-08	314563
2015-12-07	321206
2015-12-06	262008
2015-12-05	294569
2015-12-04	273524
2015-12-03	260175
2015-12-02	292831
2015-12-01	288985
2015-11-30	324041
2015-11-29	216467
2015-11-28	252974
2015-11-27	253901
2015-11-26	280385
2015-11-25	259640
2015-11-24	257100
2015-11-23	241509
2015-11-22	221816
2015-11-21	256475
2015-11-20	251071
2015-11-19	252984
2015-11-18	282774
2015-11-17	262218
2015-11-16	288140
2015-11-15	248856
2015-11-14	230822
2015-11-13	242224
2015-11-12	255035
2015-11-11	267471
2015-11-10	279187
2015-11-09	290539
2015-11-08	217130
2015-11-07	241398
2015-11-06	282125
2015-11-05	308254
2015-11-04	353084
2015-11-03	302600
2015-11-02	290095
2015-11-01	235526
2015-10-31	236634
2015-10-30	261564
2015-10-29	271238
2015-10-28	239650
2015-10-27	232333
2015-10-26	274587
2015-10-25	243711
2015-10-24	235021
2015-10-23	267631
2015-10-22	240848
2015-10-21	250916
2015-10-20	278829
2015-10-19	250084
2015-10-18	205765
2015-10-17	240923
2015-10-16	239050
2015-10-15	264508
2015-10-14	223432
2015-10-13	208708
2015-10-12	212352
2015-10-11	163750
2015-10-10	186110
2015-10-09	176222
2015-10-08	227657
2015-10-07	214182
2015-10-06	221728
2015-10-05	188252
2015-10-04	153534
2015-10-03	175378
2015-10-02	222106
2015-10-01	204992
2015-09-30	227499
2015-09-29	261101
2015-09-28	217410
2015-09-27	200038
2015-09-26	201313
2015-09-25	210868
2015-09-24	204610
2015-09-23	203970
2015-09-22	222101
2015-09-21	221992
2015-09-20	170286
2015-09-19	186083
2015-09-18	218317
2015-09-17	210505
2015-09-16	211316
2015-09-15	224988
2015-09-14	215156
2015-09-13	176903
2015-09-12	173673
2015-09-11	191288
2015-09-10	196602
2015-09-09	203988
2015-09-08	217781
2015-09-07	204912
2015-09-06	172364
2015-09-05	190218
2015-09-04	175454
2015-09-03	211370
2015-09-02	212493
2015-09-01	212330
2015-08-31	205795
2015-08-30	159765
2015-08-29	176406
2015-08-28	202502
2015-08-27	187554
2015-08-26	194537
2015-08-25	196169
2015-08-24	215801
2015-08-23	163983
2015-08-22	190957
2015-08-21	201867
2015-08-20	195664
2015-08-19	203927
2015-08-18	211944
2015-08-17	196757
2015-08-16	155881
2015-08-15	166710
2015-08-14	189673
2015-08-13	194202
2015-08-12	193784
2015-08-11	193273
2015-08-10	201817
2015-08-09	152904
2015-08-08	168703
2015-08-07	189838
2015-08-06	207769
2015-08-05	225267
2015-08-04	196954
2015-08-03	196222
2015-08-02	161503
2015-08-01	197485
2015-07-31	216509
2015-07-30	195143
2015-07-29	231245
2015-07-28	202759
2015-07-27	189159
2015-07-26	168831
2015-07-25	164657
2015-07-24	193618
2015-07-23	185996
2015-07-22	206749
2015-07-21	215430
2015-07-20	199445
2015-07-19	162709
2015-07-18	159772
2015-07-17	179501
2015-07-16	194261
2015-07-15	188674
2015-07-14	204558
2015-07-13	206583
2015-07-12	205652
2015-07-11	209961
2015-07-10	237824
2015-07-09	237787
2015-07-08	236849
2015-07-07	237509
2015-07-06	252372
2015-07-05	189863
2015-07-04	173688
2015-07-03	215035
2015-07-02	227935
2015-07-01	216756
2015-06-30	233874
2015-06-29	205062
2015-06-28	161413
2015-06-27	190641
2015-06-26	209807
2015-06-25	159693
2015-06-24	190209
2015-06-23	213368
2015-06-22	180965
2015-06-21	164425
2015-06-20	161486
2015-06-19	192865
2015-06-18	209692
2015-06-17	243611
2015-06-16	198455
2015-06-15	221567
2015-06-14	177781
2015-06-13	175631
2015-06-12	202253
2015-06-11	202072
2015-06-10	255770
2015-06-09	196022
2015-06-08	158598
2015-06-07	145624
2015-06-06	157769
2015-06-05	185161
2015-06-04	197299
2015-06-03	208213
2015-06-02	219058
2015-06-01	215876
2015-05-31	171884
2015-05-30	188450
2015-05-29	189621
2015-05-28	178942
2015-05-27	183548
2015-05-26	181900
2015-05-25	167604
2015-05-24	155297
2015-05-23	137630
2015-05-22	166875
2015-05-21	162688
2015-05-20	179317
2015-05-19	178192
2015-05-18	158242
2015-05-17	149842
2015-05-16	152993
2015-05-15	166415
2015-05-14	166308
2015-05-13	171906
2015-05-12	197900
2015-05-11	185203
2015-05-10	160954
2015-05-09	153295
2015-05-08	179533
2015-05-07	181888
2015-05-06	191223
2015-05-05	186214
2015-05-04	174527
2015-05-03	136224
2015-05-02	152942
2015-05-01	153414
2015-04-30	177044
2015-04-29	184971
2015-04-28	182391
2015-04-27	177495
2015-04-26	162231
2015-04-25	154897
2015-04-24	187100
2015-04-23	180562
2015-04-22	180115
2015-04-21	175986
2015-04-20	167484
2015-04-19	153182
2015-04-18	144656
2015-04-17	154057
2015-04-16	153579
2015-04-15	158874
2015-04-14	179024
2015-04-13	194995
2015-04-12	139751
2015-04-11	161241
2015-04-10	177712
2015-04-09	179442
2015-04-08	179650
2015-04-07	183928
2015-04-06	169246
2015-04-05	154479
2015-04-04	146947
2015-04-03	163889
2015-04-02	177892
2015-04-01	197012
2015-03-31	181050
2015-03-30	180219
2015-03-29	156900
2015-03-28	134943
2015-03-27	157518
2015-03-26	159819
2015-03-25	153193
2015-03-24	154057
2015-03-23	166787
2015-03-22	153986
2015-03-21	140704
2015-03-20	159671
2015-03-19	194104
2015-03-18	177668
2015-03-17	151340
2015-03-16	172657
2015-03-15	137429
2015-03-14	149491
2015-03-13	168790
2015-03-12	179575
2015-03-11	175809
2015-03-10	179844
2015-03-09	173209
2015-03-08	159552
2015-03-07	145991
2015-03-06	169812
2015-03-05	184045
2015-03-04	168919
2015-03-03	196140
2015-03-02	198146
2015-03-01	160759
2015-02-28	168550
2015-02-27	169001
2015-02-26	162050
2015-02-25	164532
2015-02-24	168688
2015-02-23	168223
2015-02-22	154660
2015-02-21	170275
2015-02-20	177091
2015-02-19	149768
2015-02-18	173604
2015-02-17	177394
2015-02-16	173869
2015-02-15	184403
2015-02-14	174186
2015-02-13	185481
2015-02-12	146711
2015-02-11	166489
2015-02-10	160705
2015-02-09	161378
2015-02-08	149440
2015-02-07	137760
2015-02-06	147932
2015-02-05	158784
2015-02-04	162892
2015-02-03	172239
2015-02-02	159787
2015-02-01	144066
2015-01-31	159577
2015-01-30	126835
2015-01-29	142672
2015-01-28	136180
2015-01-27	179268
2015-01-26	181551
2015-01-25	167800
2015-01-24	136122
2015-01-23	147631
2015-01-22	161521
2015-01-21	163313
2015-01-20	160150
2015-01-19	177898
2015-01-18	145130
2015-01-17	158175
2015-01-16	170309
2015-01-15	192859
2015-01-14	179860
2015-01-13	188418
2015-01-12	158176
2015-01-11	147737
2015-01-10	153451
2015-01-09	163462
2015-01-08	162498
2015-01-07	146754
2015-01-06	154814
2015-01-05	167518
2015-01-04	140997
2015-01-03	136537
2015-01-02	132228
2015-01-01	93094
2014-12-31	125926
2014-12-30	143282
2014-12-29	144813
2014-12-28	135645
2014-12-27	132316
2014-12-26	123544
2014-12-25	112777
2014-12-24	135755
2014-12-23	183586
2014-12-22	189549
2014-12-21	133759
2014-12-20	156353
2014-12-19	151906
2014-12-18	171740
2014-12-17	182475
2014-12-16	186833
2014-12-15	171486
2014-12-14	143206
2014-12-13	132098
2014-12-12	147574
2014-12-11	153438
2014-12-10	160873
2014-12-09	158806
2014-12-08	177624
2014-12-07	119174
2014-12-06	130396
2014-12-05	149120
2014-12-04	164722
2014-12-03	165950
2014-12-02	186298
2014-12-01	146558
2014-11-30	150043
2014-11-29	130595
2014-11-28	141487
2014-11-27	148789
2014-11-26	142130
2014-11-25	152881
2014-11-24	143580
2014-11-23	117548
2014-11-22	122245
2014-11-21	140730
2014-11-20	156338
2014-11-19	142423
2014-11-18	146883
2014-11-17	154559
2014-11-16	123229
2014-11-15	121759
2014-11-14	146292
2014-11-13	156769
2014-11-12	166014
2014-11-11	146659
2014-11-10	149997
2014-11-09	123404
2014-11-08	120961
2014-11-07	168915
2014-11-06	167446
2014-11-05	145981
2014-11-04	146745
2014-11-03	153697
2014-11-02	129601
2014-11-01	118508
2014-10-31	145710
2014-10-30	149487
2014-10-29	144247
2014-10-28	144113
2014-10-27	154608
2014-10-26	120434
2014-10-25	118927
2014-10-24	137936
2014-10-23	148797
2014-10-22	143914
2014-10-21	154045
2014-10-20	142895
2014-10-19	115558
2014-10-18	114881
2014-10-17	131866
2014-10-16	133634
2014-10-15	149190
2014-10-14	162156
2014-10-13	140044
2014-10-12	122878
2014-10-11	111790
2014-10-10	134417
2014-10-09	135135
2014-10-08	138968
2014-10-07	141749
2014-10-06	126585
2014-10-05	117459
2014-10-04	106213
2014-10-03	111413
2014-10-02	131447
2014-10-01	140146
2014-09-30	145898
2014-09-29	137269
2014-09-28	117165
2014-09-27	116616
2014-09-26	126708
2014-09-25	142544
2014-09-24	128372
2014-09-23	148524
2014-09-22	139292
2014-09-21	90710
2014-09-20	110874
2014-09-19	117657
2014-09-18	132856
2014-09-17	136572
2014-09-16	153806
2014-09-15	135320
2014-09-14	118307
2014-09-13	102345
2014-09-12	118067
2014-09-11	117776
2014-09-10	175465
2014-09-09	175670
2014-09-08	132770
2014-09-07	104374
2014-09-06	101937
2014-09-05	124213
2014-09-04	125451
2014-09-03	118798
2014-09-02	131395
2014-09-01	113521
2014-08-31	97571
2014-08-30	103426
2014-08-29	113831
2014-08-28	122344
2014-08-27	134079
2014-08-26	134120
2014-08-25	125151
2014-08-24	106039
2014-08-23	102434
2014-08-22	126469
2014-08-21	130471
2014-08-20	131745
2014-08-19	135196
2014-08-18	132644
2014-08-17	99449
2014-08-16	125727
2014-08-15	133970
2014-08-14	140423
2014-08-13	141301
2014-08-12	139651
2014-08-11	135933
2014-08-10	104392
2014-08-09	101685
2014-08-08	122734
2014-08-07	125014
2014-08-06	143358
2014-08-05	137764
2014-08-04	116712
2014-08-03	80053
2014-08-02	93892
2014-08-01	117601
2014-07-31	127214
2014-07-30	128678
2014-07-29	112221
2014-07-28	118281
2014-07-27	91998
2014-07-26	89240
2014-07-25	119759
2014-07-24	119728
2014-07-23	123103
2014-07-22	115174
2014-07-21	110211
2014-07-20	93876
2014-07-19	100957
2014-07-18	120463
2014-07-17	120703
2014-07-16	112592
2014-07-15	124366
2014-07-14	108005
2014-07-13	98773
2014-07-12	90949
2014-07-11	120150
2014-07-10	121955
2014-07-09	126697
2014-07-08	143518
2014-07-07	119259
2014-07-06	92649
2014-07-05	76292
2014-07-04	91509
2014-07-03	110474
2014-07-02	127287
2014-07-01	131839
2014-06-30	123832
2014-06-29	83323
2014-06-28	94931
2014-06-27	114838
2014-06-26	107479
2014-06-25	120436
2014-06-24	120801
2014-06-23	106301
2014-06-22	92772
2014-06-21	101338
2014-06-20	103494
2014-06-19	105842
2014-06-18	114041
2014-06-17	123627
2014-06-16	123358
2014-06-15	85566
2014-06-14	98654
2014-06-13	120039
2014-06-12	118785
2014-06-11	119406
2014-06-10	123650
2014-06-09	114996
2014-06-08	91237
2014-06-07	91526
2014-06-06	122533
2014-06-05	128494
2014-06-04	116236
2014-06-03	131781
2014-06-02	121439
2014-06-01	106724
2014-05-31	95879
2014-05-30	101741
2014-05-29	119799
2014-05-28	134172
2014-05-27	124100
2014-05-26	116347
2014-05-25	101474
2014-05-24	77767
2014-05-23	122742
2014-05-22	111011
2014-05-21	105662
2014-05-20	133267
2014-05-19	131917
2014-05-18	92880
2014-05-17	101579
2014-05-16	103562
2014-05-15	122704
2014-05-14	108323
2014-05-13	97698
2014-05-12	102196
2014-05-11	77813
2014-05-10	88513
2014-05-09	110561
2014-05-08	117034
2014-05-07	109696
2014-05-06	113719
2014-05-05	95642
2014-05-04	73218
2014-05-03	72057
2014-05-02	94604
2014-05-01	102328
2014-04-30	116314
2014-04-29	118344
2014-04-28	110468
2014-04-27	88198
2014-04-26	88334
2014-04-25	120366
2014-04-24	112073
2014-04-23	101857
2014-04-22	123839
2014-04-21	95057
2014-04-20	84545
2014-04-19	97350
2014-04-18	100942
2014-04-17	107997
2014-04-16	128886
2014-04-15	142817
2014-04-14	130612
2014-04-13	87998
2014-04-12	90616
2014-04-11	117841
2014-04-10	125600
2014-04-09	124767
2014-04-08	111798
2014-04-07	110540
2014-04-06	96737
2014-04-05	105120
2014-04-04	124280
2014-04-03	112306
2014-04-02	122784
2014-04-01	121849
2014-03-31	116444
2014-03-30	81793
2014-03-29	90094
2014-03-28	124289
2014-03-27	130084
2014-03-26	113707
2014-03-25	112636
2014-03-24	110621
2014-03-23	91711
2014-03-22	111947
2014-03-21	131534
2014-03-20	107266
2014-03-19	95590
2014-03-18	85258
2014-03-17	104855
2014-03-16	83638
2014-03-15	93569
2014-03-14	136926
2014-03-13	125122
2014-03-12	139660
2014-03-11	126964
2014-03-10	121987
2014-03-09	106845
2014-03-08	113499
2014-03-07	125239
2014-03-06	134233
2014-03-05	143936
2014-03-04	162398
2014-03-03	147505
2014-03-02	102204
2014-03-01	123434
2014-02-28	139764
2014-02-27	119191
2014-02-26	138695
2014-02-25	147215
2014-02-24	134120
2014-02-23	113055
2014-02-22	104030
2014-02-21	125673
2014-02-20	124160
2014-02-19	122979
2014-02-18	104454
2014-02-17	101955
2014-02-16	79096
2014-02-15	100776
2014-02-14	119106
2014-02-13	111682
2014-02-12	160342
2014-02-11	98243
2014-02-10	92230
2014-02-09	79658
2014-02-08	94775
2014-02-07	113249
2014-02-06	105628
2014-02-05	102764
2014-02-04	114458
2014-02-03	98446
2014-02-02	87949
2014-02-01	85815
2014-01-31	95879
2014-01-30	96581
2014-01-29	87647
2014-01-28	104242
2014-01-27	93989
2014-01-26	78767
2014-01-25	78536
2014-01-24	90362
2014-01-23	97270
2014-01-22	97883
2014-01-21	107748
2014-01-20	105733
2014-01-19	67774
2014-01-18	66529
2014-01-17	75462
2014-01-16	85206
2014-01-15	83146
2014-01-14	84231
2014-01-13	80125
2014-01-12	72279
2014-01-11	83544
2014-01-10	81600
2014-01-09	84598
2014-01-08	86934
2014-01-07	90145
2014-01-06	111416
2014-01-05	89692
2014-01-04	73856
2014-01-03	95516
2014-01-02	89943
2014-01-01	59230
2013-12-31	77689
2013-12-30	86079
2013-12-29	88288
2013-12-28	77546
2013-12-27	79068
2013-12-26	79721
2013-12-25	88653
2013-12-24	85065
2013-12-23	82930
2013-12-22	83156
2013-12-21	85051
2013-12-20	105921
2013-12-19	105548
2013-12-18	125752
2013-12-17	106290
2013-12-16	111864
2013-12-15	98063
2013-12-14	104630
2013-12-13	94877
2013-12-12	85532
2013-12-11	100801
2013-12-10	101326
2013-12-09	94152
2013-12-08	71190
2013-12-07	97849
2013-12-06	110862
2013-12-05	128109
2013-12-04	126220
2013-12-03	115666
2013-12-02	115589
2013-12-01	114791
2013-11-30	101008
2013-11-29	126455
2013-11-28	135763
2013-11-27	139967
2013-11-26	120930
2013-11-25	94217
2013-11-24	82587
2013-11-23	100739
2013-11-22	111567
2013-11-21	138808
2013-11-20	110652
2013-11-19	146959
2013-11-18	111985
2013-11-17	69094
2013-11-16	63396
2013-11-15	77835
2013-11-14	89851
2013-11-13	82075
2013-11-12	74552
2013-11-11	77399
2013-11-10	76579
2013-11-09	86279
2013-11-08	89601
2013-11-07	90998
2013-11-06	95343
2013-11-05	81545
2013-11-04	66423
2013-11-03	54009
2013-11-02	48139
2013-11-01	56963
2013-10-31	64192
2013-10-30	62723
2013-10-29	55938
2013-10-28	58043
2013-10-27	40939
2013-10-26	46778
2013-10-25	69426
2013-10-24	79246
2013-10-23	72163
2013-10-22	74530
2013-10-21	63300
2013-10-20	45128
2013-10-19	61792
2013-10-18	57826
2013-10-17	52318
2013-10-16	59818
2013-10-15	55658
2013-10-14	53616
2013-10-13	53015
2013-10-12	43264
2013-10-11	52718
2013-10-10	53522
2013-10-09	51429
2013-10-08	49420
2013-10-07	49084
2013-10-06	38295
2013-10-05	40803
2013-10-04	49350
2013-10-03	62461
2013-10-02	77417
2013-10-01	61383
2013-09-30	53185
2013-09-29	46981
2013-09-28	45449
2013-09-27	53114
2013-09-26	51825
2013-09-25	50180
2013-09-24	52498
2013-09-23	53639
2013-09-22	40575
2013-09-21	42450
2013-09-20	50934
2013-09-19	54798
2013-09-18	56085
2013-09-17	50167
2013-09-16	47461
2013-09-15	36009
2013-09-14	34676
2013-09-13	44905
2013-09-12	54597
2013-09-11	52156
2013-09-10	49131
2013-09-09	50553
2013-09-08	38783
2013-09-07	43834
2013-09-06	52070
2013-09-05	49120
2013-09-04	54249
2013-09-03	50204
2013-09-02	41682
2013-09-01	37271
2013-08-31	50438
2013-08-30	67828
2013-08-29	52775
2013-08-28	60495
2013-08-27	72975
2013-08-26	56426
2013-08-25	52042
2013-08-24	45775
2013-08-23	61069
2013-08-22	62213
2013-08-21	58915
2013-08-20	57603
2013-08-19	57576
2013-08-18	41214
2013-08-17	44634
2013-08-16	63084
2013-08-15	52523
2013-08-14	55407
2013-08-13	51671
2013-08-12	82275
2013-08-11	38029
2013-08-10	42742
2013-08-09	46254
2013-08-08	52370
2013-08-07	52026
2013-08-06	50739
2013-08-05	52615
2013-08-04	43605
2013-08-03	43220
2013-08-02	55580
2013-08-01	59979
2013-07-31	60867
2013-07-30	49943
2013-07-29	45953
2013-07-28	33813
2013-07-27	36458
2013-07-26	42781
2013-07-25	46831
2013-07-24	43924
2013-07-23	42110
2013-07-22	39885
2013-07-21	33983
2013-07-20	32047
2013-07-19	38744
2013-07-18	43226
2013-07-17	41551
2013-07-16	44635
2013-07-15	40576
2013-07-14	30897
2013-07-13	43683
2013-07-12	58577
2013-07-11	52714
2013-07-10	42124
2013-07-09	45960
2013-07-08	42074
2013-07-07	30342
2013-07-06	37982
2013-07-05	39266
2013-07-04	39000
2013-07-03	41951
2013-07-02	43047
2013-07-01	45346
2013-06-30	31564
2013-06-29	36093
2013-06-28	48029
2013-06-27	39319
2013-06-26	40576
2013-06-25	40523
2013-06-24	42241
2013-06-23	34289
2013-06-22	38369
2013-06-21	48244
2013-06-20	46609
2013-06-19	45094
2013-06-18	41657
2013-06-17	36406
2013-06-16	31522
2013-06-15	35730
2013-06-14	52772
2013-06-13	41594
2013-06-12	38701
2013-06-11	39236
2013-06-10	39016
2013-06-09	35266
2013-06-08	36460
2013-06-07	50023
2013-06-06	46497
2013-06-05	45822
2013-06-04	49729
2013-06-03	49292
2013-06-02	40507
2013-06-01	41845
2013-05-31	47455
2013-05-30	48846
2013-05-29	50978
2013-05-28	46646
2013-05-27	41914
2013-05-26	40849
2013-05-25	43658
2013-05-24	53100
2013-05-23	52201
2013-05-22	44064
2013-05-21	49980
2013-05-20	42845
2013-05-19	38090
2013-05-18	39988
2013-05-17	48130
2013-05-16	48942
2013-05-15	52587
2013-05-14	50933
2013-05-13	45950
2013-05-12	40809
2013-05-11	52456
2013-05-10	49902
2013-05-09	50508
2013-05-08	49295
2013-05-07	50108
2013-05-06	46454
2013-05-05	39533
2013-05-04	36109
2013-05-03	46259
2013-05-02	48542
2013-05-01	47702
2013-04-30	45284
2013-04-29	48340
2013-04-28	41682
2013-04-27	41359
2013-04-26	49503
2013-04-25	55418
2013-04-24	62744
2013-04-23	57136
2013-04-22	44549
2013-04-21	39658
2013-04-20	43748
2013-04-19	62478
2013-04-18	50664
2013-04-17	56537
2013-04-16	60716
2013-04-15	49615
2013-04-14	39687
2013-04-13	48551
2013-04-12	62442
2013-04-11	76357
2013-04-10	79368
2013-04-09	69159
2013-04-08	58955
2013-04-07	47331
2013-04-06	48287
2013-04-05	61765
2013-04-04	67846
2013-04-03	63468
2013-04-02	59172
2013-04-01	47830
2013-03-31	39219
2013-03-30	49068
2013-03-29	53515
2013-03-28	61940
2013-03-27	43735
2013-03-26	44486
2013-03-25	40365
2013-03-24	44336
2013-03-23	43128
2013-03-22	48388
2013-03-21	44561
2013-03-20	37314
2013-03-19	42615
2013-03-18	35071
2013-03-17	28450
2013-03-16	29082
2013-03-15	41617
2013-03-14	40790
2013-03-13	40773
2013-03-12	40698
2013-03-11	34578
2013-03-10	35098
2013-03-09	34211
2013-03-08	36522
2013-03-07	44374
2013-03-06	44895
2013-03-05	37233
2013-03-04	35795
2013-03-03	30410
2013-03-02	32155
2013-03-01	42954
2013-02-28	39327
2013-02-27	36127
2013-02-26	40691
2013-02-25	38681
2013-02-24	36317
2013-02-23	35307
2013-02-22	37554
2013-02-21	33989
2013-02-20	34156
2013-02-19	32994
2013-02-18	30943
2013-02-17	29541
2013-02-16	29157
2013-02-15	34442
2013-02-14	35779
2013-02-13	38447
2013-02-12	36734
2013-02-11	37358
2013-02-10	39176
2013-02-09	37611
2013-02-08	40791
2013-02-07	38195
2013-02-06	34000
2013-02-05	38865
2013-02-04	38934
2013-02-03	39203
2013-02-02	37609
2013-02-01	42244
2013-01-31	31948
2013-01-30	29517
2013-01-29	39019
2013-01-28	35532
2013-01-27	32184
2013-01-26	36851
2013-01-25	33626
2013-01-24	43579
2013-01-23	33151
2013-01-22	36047
2013-01-21	30753
2013-01-20	28171
2013-01-19	30303
2013-01-18	37438
2013-01-17	39945
2013-01-16	38382
2013-01-15	35430
2013-01-14	31275
2013-01-13	37514
2013-01-12	32497
2013-01-11	39566
2013-01-10	40162
2013-01-09	36348
2013-01-08	36007
2013-01-07	32370
2013-01-06	24789
2013-01-05	30072
2013-01-04	29576
2013-01-03	30620
2013-01-02	25566
2013-01-01	22083
2012-12-31	20255
2012-12-30	29315
2012-12-29	26467
2012-12-28	26841
2012-12-27	24736
2012-12-26	26960
2012-12-25	17740
2012-12-24	26273
2012-12-23	26183
2012-12-22	32987
2012-12-21	31130
2012-12-20	25912
2012-12-19	28582
2012-12-18	31943
2012-12-17	27627
2012-12-16	23806
2012-12-15	22268
2012-12-14	27286
2012-12-13	32368
2012-12-12	29360
2012-12-11	24900
2012-12-10	23262
2012-12-09	26290
2012-12-08	23420
2012-12-07	25935
2012-12-06	25066
2012-12-05	27525
2012-12-04	28705
2012-12-03	18495
2012-12-02	16705
2012-12-01	22498
2012-11-30	22580
2012-11-29	27028
2012-11-28	27749
2012-11-27	23774
2012-11-26	24161
2012-11-25	22238
2012-11-24	22071
2012-11-23	20936
2012-11-22	25030
2012-11-21	30482
2012-11-20	28665
2012-11-19	27297
2012-11-18	27414
2012-11-17	25379
2012-11-16	33396
2012-11-15	29793
2012-11-14	22979
2012-11-13	20094
2012-11-12	19028
2012-11-11	15749
2012-11-10	23445
2012-11-09	21877
2012-11-08	22626
2012-11-07	28845
2012-11-06	25889
2012-11-05	23105
2012-11-04	19035
2012-11-03	17813
2012-11-02	19220
2012-11-01	19858
2012-10-31	21057
2012-10-30	21949
2012-10-29	24651
2012-10-28	15779
2012-10-27	18123
2012-10-26	23398
2012-10-25	24630
2012-10-24	24289
2012-10-23	26242
2012-10-22	27943
2012-10-21	25602
2012-10-20	28728
2012-10-19	29359
2012-10-18	32680
2012-10-17	24675
2012-10-16	28029
2012-10-15	29385
2012-10-14	21399
2012-10-13	25160
2012-10-12	24774
2012-10-11	24426
2012-10-10	28465
2012-10-09	32757
2012-10-08	29149
2012-10-07	27205
2012-10-06	24273
2012-10-05	27964
2012-10-04	32878
2012-10-03	31769
2012-10-02	34448
2012-10-01	20872
2012-09-30	20621
2012-09-29	23875
2012-09-28	31550
2012-09-27	25558
2012-09-26	31180
2012-09-25	24207
2012-09-24	21134
2012-09-23	16957
2012-09-22	16044
2012-09-21	22727
2012-09-20	27408
2012-09-19	25232
2012-09-18	24011
2012-09-17	20407
2012-09-16	19504
2012-09-15	19140
2012-09-14	25025
2012-09-13	23186
2012-09-12	21047
2012-09-11	30956
2012-09-10	25377
2012-09-09	25866
2012-09-08	22125
2012-09-07	31395
2012-09-06	32835
2012-09-05	28587
2012-09-04	32415
2012-09-03	23432
2012-09-02	23644
2012-09-01	28988
2012-08-31	33918
2012-08-30	23933
2012-08-29	25634
2012-08-28	23601
2012-08-27	25381
2012-08-26	23049
2012-08-25	23795
2012-08-24	29280
2012-08-23	27564
2012-08-22	34050
2012-08-21	37003
2012-08-20	33200
2012-08-19	43754
2012-08-18	34310
2012-08-17	39268
2012-08-16	43311
2012-08-15	36065
2012-08-14	27703
2012-08-13	30948
2012-08-12	24001
2012-08-11	24076
2012-08-10	23982
2012-08-09	27317
2012-08-08	36346
2012-08-07	25700
2012-08-06	28559
2012-08-05	25868
2012-08-04	23847
2012-08-03	23951
2012-08-02	29713
2012-08-01	28343
2012-07-31	41649
2012-07-30	26741
2012-07-29	25469
2012-07-28	23993
2012-07-27	20938
2012-07-26	21015
2012-07-25	21395
2012-07-24	27320
2012-07-23	29663
2012-07-22	27228
2012-07-21	25419
2012-07-20	25945
2012-07-19	26871
2012-07-18	24553
2012-07-17	28707
2012-07-16	26976
2012-07-15	21205
2012-07-14	19770
2012-07-13	20800
2012-07-12	23594
2012-07-11	24392
2012-07-10	26760
2012-07-09	22274
2012-07-08	18930
2012-07-07	21930
2012-07-06	19420
2012-07-05	18640
2012-07-04	21832
2012-07-03	22904
2012-07-02	25365
2012-07-01	20215
2012-06-30	21558
2012-06-29	22353
2012-06-28	22721
2012-06-27	28195
2012-06-26	24781
2012-06-25	23398
2012-06-24	19096
2012-06-23	19838
2012-06-22	19078
2012-06-21	19820
2012-06-20	22362
2012-06-19	25652
2012-06-18	27430
2012-06-17	29164
2012-06-16	29672
2012-06-15	38742
2012-06-14	38874
2012-06-13	36057
2012-06-12	14797
2012-06-11	23709
2012-06-10	25242
2012-06-09	22805
2012-06-08	19161
2012-06-07	26264
2012-06-06	15250
2012-06-05	31422
2012-06-04	33486
2012-06-03	22304
2012-06-02	12536
2012-06-01	20093
2012-05-31	18578
2012-05-30	19496
2012-05-29	24469
2012-05-28	21321
2012-05-27	18640
2012-05-26	17690
2012-05-25	21730
2012-05-24	19995
2012-05-23	21212
2012-05-22	19043
2012-05-21	22006
2012-05-20	21737
2012-05-19	24028
2012-05-18	18541
2012-05-17	14739
2012-05-16	17806
2012-05-15	19035
2012-05-14	23912
2012-05-13	13122
2012-05-12	15474
2012-05-11	18066
2012-05-10	12777
2012-05-09	16860
2012-05-08	15521
2012-05-07	17533
2012-05-06	14681
2012-05-05	12364
2012-05-04	14144
2012-05-03	13343
2012-05-02	11690
2012-05-01	11642
2012-04-30	11366
2012-04-29	8395
2012-04-28	8596
2012-04-27	9209
2012-04-26	11644
2012-04-25	9337
2012-04-24	9499
2012-04-23	8948
2012-04-22	7654
2012-04-21	9040
2012-04-20	11009
2012-04-19	10197
2012-04-18	11108
2012-04-17	10479
2012-04-16	10678
2012-04-15	8475
2012-04-14	9244
2012-04-13	8558
2012-04-12	10263
2012-04-11	10011
2012-04-10	9410
2012-04-09	7954
2012-04-08	6756
2012-04-07	7107
2012-04-06	8776
2012-04-05	8659
2012-04-04	8775
2012-04-03	10402
2012-04-02	7832
2012-04-01	6381
2012-03-31	6959
2012-03-30	7853
2012-03-29	9026
2012-03-28	8580
2012-03-27	8098
2012-03-26	8370
2012-03-25	7420
2012-03-24	6620
2012-03-23	7160
2012-03-22	7707
2012-03-21	8071
2012-03-20	7832
2012-03-19	8064
2012-03-18	6337
2012-03-17	8040
2012-03-16	8119
2012-03-15	7658
2012-03-14	8756
2012-03-13	9011
2012-03-12	7385
2012-03-11	6184
2012-03-10	6239
2012-03-09	8258
2012-03-08	7993
2012-03-07	7700
2012-03-06	7879
2012-03-05	8586
2012-03-04	7433
2012-03-03	6404
2012-03-02	10031
2012-03-01	8967
2012-02-29	7987
2012-02-28	8572
2012-02-27	7653
2012-02-26	6481
2012-02-25	8070
2012-02-24	8774
2012-02-23	9528
2012-02-22	8557
2012-02-21	7674
2012-02-20	7217
2012-02-19	6331
2012-02-18	7297
2012-02-17	7726
2012-02-16	10622
2012-02-15	10255
2012-02-14	11261
2012-02-13	9535
2012-02-12	7936
2012-02-11	8965
2012-02-10	9599
2012-02-09	8240
2012-02-08	7897
2012-02-07	8357
2012-02-06	7514
2012-02-05	8217
2012-02-04	9296
2012-02-03	8878
2012-02-02	8534
2012-02-01	7648
2012-01-31	8238
2012-01-30	6783
2012-01-29	8033
2012-01-28	6464
2012-01-27	7581
2012-01-26	7666
2012-01-25	9276
2012-01-24	8222
2012-01-23	6367
2012-01-22	5542
2012-01-21	7101
2012-01-20	7534
2012-01-19	7952
2012-01-18	7883
2012-01-17	7585
2012-01-16	7792
2012-01-15	7595
2012-01-14	7706
2012-01-13	7966
2012-01-12	7520
2012-01-11	9892
2012-01-10	9015
2012-01-09	8379
2012-01-08	8001
2012-01-07	7207
2012-01-06	8350
2012-01-05	8590
2012-01-04	6699
2012-01-03	7335
2012-01-02	6362
2012-01-01	5992
2011-12-31	5925
2011-12-30	5385
2011-12-29	5940
2011-12-28	5584
2011-12-27	5986
2011-12-26	5943
2011-12-25	5762
2011-12-24	5013
2011-12-23	6107
2011-12-22	6297
2011-12-21	6316
2011-12-20	7911
2011-12-19	6939
2011-12-18	4791
2011-12-17	5407
2011-12-16	5788
2011-12-15	5303
2011-12-14	6183
2011-12-13	5833
2011-12-12	5892
2011-12-11	6702
2011-12-10	6437
2011-12-09	6128
2011-12-08	8401
2011-12-07	6957
2011-12-06	8785
2011-12-05	6808
2011-12-04	5953
2011-12-03	7044
2011-12-02	7282
2011-12-01	7515
2011-11-30	9694
2011-11-29	8525
2011-11-28	6987
2011-11-27	5463
2011-11-26	5388
2011-11-25	6084
2011-11-24	6007
2011-11-23	6361
2011-11-22	6280
2011-11-21	5293
2011-11-20	6418
2011-11-19	5303
2011-11-18	7570
2011-11-17	7467
2011-11-16	8227
2011-11-15	8626
2011-11-14	8362
2011-11-13	7186
2011-11-12	7059
2011-11-11	7270
2011-11-10	8653
2011-11-09	8773
2011-11-08	8413
2011-11-07	7378
2011-11-06	6476
2011-11-05	8182
2011-11-04	9814
2011-11-03	8520
2011-11-02	8120
2011-11-01	7708
2011-10-31	7039
2011-10-30	6779
2011-10-29	7765
2011-10-28	7667
2011-10-27	6645
2011-10-26	7273
2011-10-25	7170
2011-10-24	8203
2011-10-23	7451
2011-10-22	6790
2011-10-21	6759
2011-10-20	5968
2011-10-19	7136
2011-10-18	6821
2011-10-17	8241
2011-10-16	7017
2011-10-15	7703
2011-10-14	8887
2011-10-13	6822
2011-10-12	8202
2011-10-11	8194
2011-10-10	7955
2011-10-09	7179
2011-10-08	7324
2011-10-07	7967
2011-10-06	8746
2011-10-05	7885
2011-10-04	8334
2011-10-03	8580
2011-10-02	6897
2011-10-01	7685
2011-09-30	8146
2011-09-29	7490
2011-09-28	7905
2011-09-27	8468
2011-09-26	7588
2011-09-25	7534
2011-09-24	8114
2011-09-23	8387
2011-09-22	8400
2011-09-21	11912
2011-09-20	10836
2011-09-19	9716
2011-09-18	8109
2011-09-17	7650
2011-09-16	8723
2011-09-15	9171
2011-09-14	8564
2011-09-13	8962
2011-09-12	9847
2011-09-11	9239
2011-09-10	9786
2011-09-09	11529
2011-09-08	9203
2011-09-07	9929
2011-09-06	11541
2011-09-05	9966
2011-09-04	9978
2011-09-03	8126
2011-09-02	9381
2011-09-01	10057
2011-08-31	9908
2011-08-30	10303
2011-08-29	10345
2011-08-28	7649
2011-08-27	10228
2011-08-26	10906
2011-08-25	9874
2011-08-24	9923
2011-08-23	9588
2011-08-22	10317
2011-08-21	9997
2011-08-20	9064
2011-08-19	10370
2011-08-18	9982
2011-08-17	11006
2011-08-16	12629
2011-08-15	11432
2011-08-14	10796
2011-08-13	10865
2011-08-12	10178
2011-08-11	10366
2011-08-10	11180
2011-08-09	12131
2011-08-08	13452
2011-08-07	8852
2011-08-06	9367
2011-08-05	9864
2011-08-04	11276
2011-08-03	10780
2011-08-02	11890
2011-08-01	10991
2011-07-31	10653
2011-07-30	8092
2011-07-29	9597
2011-07-28	11968
2011-07-27	10579
2011-07-26	11983
2011-07-25	12559
2011-07-24	10826
2011-07-23	10216
2011-07-22	12551
2011-07-21	11350
2011-07-20	12483
2011-07-19	12312
2011-07-18	15281
2011-07-17	10664
2011-07-16	11388
2011-07-15	10293
2011-07-14	11167
2011-07-13	11717
2011-07-12	10701
2011-07-11	13165
2011-07-10	10796
2011-07-09	10420
2011-07-08	11246
2011-07-07	11859
2011-07-06	14632
2011-07-05	12462
2011-07-04	12920
2011-07-03	11129
2011-07-02	10594
2011-07-01	13649
2011-06-30	13028
2011-06-29	13091
2011-06-28	15199
2011-06-27	16930
2011-06-26	13721
2011-06-25	12732
2011-06-24	14167
2011-06-23	12730
2011-06-22	13896
2011-06-21	12674
2011-06-20	13868
2011-06-19	16175
2011-06-18	15489
2011-06-17	15842
2011-06-16	18175
2011-06-15	17265
2011-06-14	18673
2011-06-13	16133
2011-06-12	17532
2011-06-11	14870
2011-06-10	15392
2011-06-09	16816
2011-06-08	18547
2011-06-07	12066
2011-06-06	13176
2011-06-05	11048
2011-06-04	11791
2011-06-03	11543
2011-06-02	9964
2011-06-01	8593
2011-05-31	8326
2011-05-30	6952
2011-05-29	6624
2011-05-28	6543
2011-05-27	6320
2011-05-26	8819
2011-05-25	8095
2011-05-24	7513
2011-05-23	7554
2011-05-22	6594
2011-05-21	6522
2011-05-20	6521
2011-05-19	6457
2011-05-18	7534
2011-05-17	5911
2011-05-16	5968
2011-05-15	5066
2011-05-14	5708
2011-05-13	6030
2011-05-12	4429
2011-05-11	4330
2011-05-10	4439
2011-05-09	4771
2011-05-08	3781
2011-05-07	4839
2011-05-06	4272
2011-05-05	4563
2011-05-04	4077
2011-05-03	3799
2011-05-02	3851
2011-05-01	5021
2011-04-30	5743
2011-04-29	4510
2011-04-28	4049
2011-04-27	5546
2011-04-26	4194
2011-04-25	3100
2011-04-24	2950
2011-04-23	3118
2011-04-22	2654
2011-04-21	2346
2011-04-20	3710
2011-04-19	4344
2011-04-18	3749
2011-04-17	2772
2011-04-16	3998
2011-04-15	2712
2011-04-14	3407
2011-04-13	3041
2011-04-12	2763
2011-04-11	2500
2011-04-10	2095
2011-04-09	2085
2011-04-08	2166
2011-04-07	2063
2011-04-06	2321
2011-04-05	2550
2011-04-04	2906
2011-04-03	2087
2011-04-02	2043
2011-04-01	1927
2011-03-31	2599
2011-03-30	2321
2011-03-29	3149
2011-03-28	3688
2011-03-27	2937
2011-03-26	3357
2011-03-25	2553
2011-03-24	2539
2011-03-23	4454
2011-03-22	2511
2011-03-21	3040
2011-03-20	3512
2011-03-19	2182
2011-03-18	2150
2011-03-17	2202
2011-03-16	2212
2011-03-15	2421
2011-03-14	2035
2011-03-13	1977
2011-03-12	2240
2011-03-11	2062
2011-03-10	2006
2011-03-09	2284
2011-03-08	2665
2011-03-07	2151
2011-03-06	2092
2011-03-05	2319
2011-03-04	2027
2011-03-03	3292
2011-03-02	2371
2011-03-01	3173
2011-02-28	1843
2011-02-27	2368
2011-02-26	2272
2011-02-25	2127
2011-02-24	2318
2011-02-23	2342
2011-02-22	2386
2011-02-21	2003
2011-02-20	2005
2011-02-19	1779
2011-02-18	2230
2011-02-17	2170
2011-02-16	2075
2011-02-15	2324
2011-02-14	2880
2011-02-13	2053
2011-02-12	1948
2011-02-11	2660
2011-02-10	2225
2011-02-09	1274
2011-02-08	897
2011-02-07	884
2011-02-06	898
2011-02-05	1004
2011-02-04	960
2011-02-03	805
2011-02-02	963
2011-02-01	1249
2011-01-31	1580
2011-01-30	2668
2011-01-29	1469
2011-01-28	1088
2011-01-27	1081
2011-01-26	1016
2011-01-25	889
2011-01-24	1371
2011-01-23	1328
2011-01-22	1514
2011-01-21	1307
2011-01-20	879
2011-01-19	984
2011-01-18	922
2011-01-17	782
2011-01-16	992
2011-01-15	855
2011-01-14	1076
2011-01-13	1151
2011-01-12	748
2011-01-11	1014
2011-01-10	926
2011-01-09	882
2011-01-08	990
2011-01-07	778
2011-01-06	711
2011-01-05	1072
2011-01-04	642
2011-01-03	920
2011-01-02	588
2011-01-01	620
2010-12-31	482
2010-12-30	618
2010-12-29	552
2010-12-28	563
2010-12-27	737
2010-12-26	565
2010-12-25	562
2010-12-24	463
2010-12-23	512
2010-12-22	715
2010-12-21	600
2010-12-20	1013
2010-12-19	622
2010-12-18	424
2010-12-17	405
2010-12-16	491
2010-12-15	578
2010-12-14	614
2010-12-13	1119
2010-12-12	605
2010-12-11	520
2010-12-10	291
2010-12-09	422
2010-12-08	449
2010-12-07	641
2010-12-06	313
2010-12-05	318
2010-12-04	319
2010-12-03	524
2010-12-02	452
2010-12-01	670
2010-11-30	401
2010-11-29	506
2010-11-28	365
2010-11-27	456
2010-11-26	802
2010-11-25	494
2010-11-24	561
2010-11-23	367
2010-11-22	307
2010-11-21	414
2010-11-20	474
2010-11-19	344
2010-11-18	292
2010-11-17	320
2010-11-16	2988
2010-11-15	4047
2010-11-14	575
2010-11-13	277
2010-11-12	202
2010-11-11	271
2010-11-10	323
2010-11-09	338
2010-11-08	1191
2010-11-07	352
2010-11-06	294
2010-11-05	531
2010-11-04	312
2010-11-03	296
2010-11-02	200
2010-11-01	315
2010-10-31	309
2010-10-30	336
2010-10-29	506
2010-10-28	602
2010-10-27	700
2010-10-26	445
2010-10-25	436
2010-10-24	495
2010-10-23	520
2010-10-22	677
2010-10-21	655
2010-10-20	757
2010-10-19	950
2010-10-18	567
2010-10-17	397
2010-10-16	572
2010-10-15	283
2010-10-14	346
2010-10-13	614
2010-10-12	367
2010-10-11	343
2010-10-10	327
2010-10-09	480
2010-10-08	535
2010-10-07	379
2010-10-06	390
2010-10-05	431
2010-10-04	530
2010-10-03	397
2010-10-02	527
2010-10-01	580
2010-09-30	335
2010-09-29	915
2010-09-28	1397
2010-09-27	937
2010-09-26	355
2010-09-25	536
2010-09-24	432
2010-09-23	633
2010-09-22	713
2010-09-21	928
2010-09-20	405
2010-09-19	364
2010-09-18	271
2010-09-17	736
2010-09-16	396
2010-09-15	373
2010-09-14	345
2010-09-13	417
2010-09-12	434
2010-09-11	207
2010-09-10	281
2010-09-09	271
2010-09-08	280
2010-09-07	177
2010-09-06	254
2010-09-05	285
2010-09-04	197
2010-09-03	234
2010-09-02	291
2010-09-01	336
2010-08-31	447
2010-08-30	268
2010-08-29	154
2010-08-28	275
2010-08-27	240
2010-08-26	363
2010-08-25	221
2010-08-24	329
2010-08-23	332
2010-08-22	298
2010-08-21	258
2010-08-20	367
2010-08-19	230
2010-08-18	444
2010-08-17	251
2010-08-16	443
2010-08-15	191
2010-08-14	240
2010-08-13	526
2010-08-12	238
2010-08-11	371
2010-08-10	282
2010-08-09	435
2010-08-08	313
2010-08-07	280
2010-08-06	365
2010-08-05	500
2010-08-04	339
2010-08-03	629
2010-08-02	291
2010-08-01	286
2010-07-31	200
2010-07-30	291
2010-07-29	219
2010-07-28	351
2010-07-27	435
2010-07-26	838
2010-07-25	1784
2010-07-24	650
2010-07-23	296
2010-07-22	261
2010-07-21	453
2010-07-20	541
2010-07-19	521
2010-07-18	564
2010-07-17	457
2010-07-16	832
2010-07-15	1042
2010-07-14	5692
2010-07-13	876
2010-07-12	1740
2010-07-11	265
2010-07-10	185
2010-07-09	115
2010-07-08	111
2010-07-07	186
2010-07-06	81
2010-07-05	178
2010-07-04	249
2010-07-03	136
2010-07-02	184
2010-07-01	171
2010-06-30	240
2010-06-29	209
2010-06-28	110
2010-06-27	110
2010-06-26	59
2010-06-25	61
2010-06-24	148
2010-06-23	126
2010-06-22	153
2010-06-21	146
2010-06-20	94
2010-06-19	193
2010-06-18	99
2010-06-17	85
2010-06-16	116
2010-06-15	130
2010-06-14	214
2010-06-13	138
2010-06-12	114
2010-06-11	144
2010-06-10	89
2010-06-09	154
2010-06-08	130
2010-06-07	287
2010-06-06	87
2010-06-05	87
2010-06-04	65
2010-06-03	205
2010-06-02	75
2010-06-01	102
2010-05-31	95
2010-05-30	80
2010-05-29	144
2010-05-28	100
2010-05-27	170
2010-05-26	153
2010-05-25	117
2010-05-24	112
2010-05-23	180
2010-05-22	137
2010-05-21	144
2010-05-20	75
2010-05-19	125
2010-05-18	128
2010-05-17	133
2010-05-16	46
2010-05-15	58
2010-05-14	106
2010-05-13	109
2010-05-12	122
2010-05-11	38
2010-05-10	151
2010-05-09	94
2010-05-08	278
2010-05-07	91
2010-05-06	279
2010-05-05	144
2010-05-04	179
2010-05-03	111
2010-05-02	41
2010-05-01	66
2010-04-30	43
2010-04-29	51
2010-04-28	128
2010-04-27	76
2010-04-26	92
2010-04-25	169
2010-04-24	104
2010-04-23	74
2010-04-22	55
2010-04-21	148
2010-04-20	207
2010-04-19	296
2010-04-18	3202
2010-04-17	74
2010-04-16	217
2010-04-15	689
2010-04-14	108
2010-04-13	38
2010-04-12	142
2010-04-11	166
2010-04-10	282
2010-04-09	109
2010-04-08	25
2010-04-07	103
2010-04-06	99
2010-04-05	140
2010-04-04	69
2010-04-03	25
2010-04-02	20
2010-04-01	28
2010-03-31	25
2010-03-30	11
2010-03-29	68
2010-03-28	18
2010-03-27	23
2010-03-26	76
2010-03-25	344
2010-03-24	31
2010-03-23	77
2010-03-22	40
2010-03-21	9
2010-03-20	70
2010-03-19	127
2010-03-18	81
2010-03-17	25
2010-03-16	25
2010-03-15	5
2010-03-14	8
2010-03-13	36
2010-03-12	7
2010-03-11	64
2010-03-10	42
2010-03-09	81
2010-03-08	181
2010-03-07	115
2010-03-06	92
2010-03-05	2
2010-03-04	387
2010-03-03	106
2010-03-02	40
2010-03-01	32
2010-02-28	106
2010-02-27	10
2010-02-26	20
2010-02-25	143
2010-02-24	107
2010-02-23	1
2010-02-22	267
2010-02-21	126
2010-02-20	13
2010-02-19	4
2010-02-18	58
2010-02-17	26
2010-02-16	16
2010-02-15	91
2010-02-14	54
2010-02-13	85
2010-02-12	39
2010-02-11	74
2010-02-10	606
2010-02-09	418
2010-02-08	124
2010-02-07	10
2010-02-06	30
2010-02-05	245
2010-02-04	41
2010-02-03	6
2010-02-02	21
2010-02-01	17
2010-01-31	18
2010-01-30	34
2010-01-29	19
2010-01-28	21
2010-01-27	20
2010-01-26	17
2010-01-25	58
2010-01-24	1
2010-01-23	2
2010-01-22	5
2010-01-21	12
2010-01-18	1
2010-01-16	6
2010-01-15	5
2010-01-14	9
2010-01-13	2
2010-01-12	215
2010-01-04	82
2010-01-01	2
2009-12-27	5
2009-12-25	1
2009-12-21	1
2009-12-19	1
2009-12-17	7
2009-12-16	17
2009-12-15	7
2009-12-14	331
2009-12-12	67
2009-12-09	17
2009-12-08	30
2009-12-06	3
2009-12-05	18
2009-12-01	165
2009-11-19	82
2009-11-13	12
2009-11-11	51
2009-11-04	41
2009-10-29	41
2009-10-27	16
2009-10-24	7
2009-10-22	39
2009-10-21	18
2009-10-20	101
2009-10-18	7
2009-10-16	80
2009-10-12	73
2009-10-06	15
2009-10-02	10
2009-09-29	43
2009-09-27	16
2009-09-25	26
2009-09-22	40
2009-09-21	8
2009-09-17	101
2009-09-16	1
2009-09-07	13
2009-09-03	14
2009-08-31	6
2009-08-30	1
2009-08-26	46
2009-08-07	111
2009-07-30	1
2009-07-29	2
2009-07-20	121
2009-07-02	1
2009-07-01	2
2009-06-30	3
2009-06-29	1
2009-06-28	1
2009-06-25	20
2009-06-24	3
2009-06-22	60
2009-06-01	1
2009-05-29	60
2009-05-15	10
2009-05-14	3
2009-05-13	4
2009-05-11	2
2009-05-05	10
2009-05-04	30
2009-05-03	3
2009-05-02	14
2009-04-29	20
2009-04-26	15
2009-04-21	1
2009-04-20	115
2009-04-19	8
2009-04-18	4
2009-04-13	1
2009-04-12	8
2009-04-11	7
2009-04-05	17
2009-03-31	32
2009-03-28	20
2009-03-26	28
2009-03-22	11
2009-03-20	12
2009-03-18	14
2009-03-16	48
2009-03-13	13
2009-03-12	3
2009-03-08	26
2009-03-05	8
2009-03-04	25
2009-03-03	8
2009-02-28	7
2009-02-27	36
2009-02-22	11
2009-02-19	16
2009-02-16	30
2009-02-15	13
2009-02-11	14
2009-02-09	44
2009-02-08	1
2009-02-07	23
2009-02-03	5
2009-02-02	1
2009-02-01	2
2009-01-31	20
2009-01-29	12
2009-01-27	3
2009-01-26	20
2009-01-25	1
2009-01-24	10
2009-01-23	9
2009-01-22	10
2009-01-21	2
2009-01-20	8
2009-01-19	16
2009-01-18	3
2009-01-16	4
2009-01-15	11
2009-01-14	3
2009-01-12	3