date	total_gas_fee
2024-04-03	3661.829739
2024-04-02	4544.308097
2024-04-01	3104.594243
2024-03-31	2589.755154
2024-03-30	2712.138927
2024-03-29	3202.641786
2024-03-28	4073.029225
2024-03-27	4147.315389
2024-03-26	3755.960235
2024-03-25	3191.20256
2024-03-24	2300.013182
2024-03-23	2330.141496
2024-03-22	3089.13191
2024-03-21	3694.783478
2024-03-20	4337.806594
2024-03-19	4825.479549
2024-03-18	4275.772963
2024-03-17	3517.743365
2024-03-16	4091.647849
2024-03-15	5065.038761
2024-03-14	6165.274696
2024-03-13	6870.282041
2024-03-12	7038.092319
2024-03-11	7846.757729
2024-03-10	6886.560944
2024-03-09	6390.429172
2024-03-08	7100.182995
2024-03-07	8086.875131
2024-03-06	9061.819735
2024-03-05	10809.62076
2024-03-04	9286.337371
2024-03-03	5966.025757
2024-03-02	5681.369098
2024-03-01	6303.945783
2024-02-29	7942.462903
2024-02-28	7067.646805
2024-02-27	5698.409432
2024-02-26	4727.6407
2024-02-25	3423.448237
2024-02-24	3373.572972
2024-02-23	4894.349478
2024-02-22	5619.091333
2024-02-21	4708.885278
2024-02-20	4525.47623
2024-02-19	4090.644573
2024-02-18	2771.59571
2024-02-17	2444.335361
2024-02-16	3350.246918
2024-02-15	4361.18012
2024-02-14	3289.146866
2024-02-13	3911.274007
2024-02-12	5018.434991
2024-02-11	3473.550134
2024-02-10	4402.186189
2024-02-09	8042.50943
2024-02-08	6800.217404
2024-02-07	4879.239912
2024-02-06	4372.222458
2024-02-05	2386.697087
2024-02-04	1994.632735
2024-02-03	2481.782302
2024-02-02	2749.649273
2024-02-01	3455.27019
2024-01-31	3204.705334
2024-01-30	3577.175507
2024-01-29	1860.359439
2024-01-28	1546.869256
2024-01-27	1654.016217
2024-01-26	2510.385569
2024-01-25	3053.639458
2024-01-24	1673.77198
2024-01-23	2028.373627
2024-01-22	2318.948563
2024-01-21	1735.861406
2024-01-20	2096.777619
2024-01-19	3657.122531
2024-01-18	4142.597483
2024-01-17	4445.034525
2024-01-16	4092.493709
2024-01-15	2788.805999
2024-01-14	3819.697164
2024-01-13	2174.267845
2024-01-12	3053.314911
2024-01-11	3843.933388
2024-01-10	4788.38477
2024-01-09	2745.639335
2024-01-08	2952.763151
2024-01-07	3441.932461
2024-01-06	2130.380303
2024-01-05	2429.648189
2024-01-04	2838.80863
2024-01-03	4299.868493
2024-01-02	2403.023206
2024-01-01	1597.04013
2023-12-31	1778.887531
2023-12-30	2385.730816
2023-12-29	3044.163956
2023-12-28	3764.248662
2023-12-27	3381.451423
2023-12-26	2395.265453
2023-12-25	2701.73544
2023-12-24	2806.295707
2023-12-23	2847.254078
2023-12-22	4043.364026
2023-12-21	4869.986619
2023-12-20	6375.355155
2023-12-19	6354.567145
2023-12-18	7001.723112
2023-12-17	4700.97843
2023-12-16	6076.405855
2023-12-15	7002.555359
2023-12-14	5437.878491
2023-12-13	5648.16666
2023-12-12	5362.030409
2023-12-11	4481.418478
2023-12-10	3780.799791
2023-12-09	4129.496642
2023-12-08	5131.091033
2023-12-07	5988.214067
2023-12-06	6724.206571
2023-12-05	6740.793616
2023-12-04	5745.201125
2023-12-03	4005.826479
2023-12-02	4209.675762
2023-12-01	5340.289642
2023-11-30	5509.695627
2023-11-29	4681.778498
2023-11-28	5035.248096
2023-11-27	4073.273861
2023-11-26	3054.680189
2023-11-25	2811.251468
2023-11-24	3578.917907
2023-11-23	4073.524076
2023-11-22	4870.089302
2023-11-21	4885.304442
2023-11-20	4803.594814
2023-11-19	2687.238782
2023-11-18	2846.092437
2023-11-17	3511.912439
2023-11-16	4309.976216
2023-11-15	4277.555731
2023-11-14	4655.040474
2023-11-13	5953.369183
2023-11-12	3553.407615
2023-11-11	3645.383851
2023-11-10	4882.090673
2023-11-09	6046.715296
2023-11-08	3961.77645
2023-11-07	3442.54337
2023-11-06	3835.366866
2023-11-05	2533.25752
2023-11-04	2186.402563
2023-11-03	2870.748579
2023-11-02	3280.990691
2023-11-01	3347.91738
2023-10-31	3155.785139
2023-10-30	2868.348267
2023-10-29	1913.888208
2023-10-28	1922.80128
2023-10-27	2511.584829
2023-10-26	3195.920854
2023-10-25	3209.843692
2023-10-24	3408.391192
2023-10-23	2831.495705
2023-10-22	1252.789631
2023-10-21	1240.231827
2023-10-20	1921.039647
2023-10-19	1434.24815
2023-10-18	1391.706693
2023-10-17	1314.656251
2023-10-16	1647.243051
2023-10-15	894.231924
2023-10-14	838.334353
2023-10-13	1270.775753
2023-10-12	1249.230005
2023-10-11	1168.996135
2023-10-10	1115.151927
2023-10-09	1222.00402
2023-10-08	926.442469
2023-10-07	941.353291
2023-10-06	1178.635592
2023-10-05	1280.294378
2023-10-04	1380.271282
2023-10-03	1638.520583
2023-10-02	2370.05772
2023-10-01	1164.053518
2023-09-30	1208.16951
2023-09-29	1412.995577
2023-09-28	1598.107258
2023-09-27	1683.863589
2023-09-26	2066.840072
2023-09-25	1805.787757
2023-09-24	1082.458561
2023-09-23	1128.577197
2023-09-22	1406.494387
2023-09-21	2474.382368
2023-09-20	2031.637923
2023-09-19	1802.740565
2023-09-18	2202.605448
2023-09-17	1283.619572
2023-09-16	1488.003197
2023-09-15	2261.108311
2023-09-14	2462.701939
2023-09-13	2432.136647
2023-09-12	2112.944583
2023-09-11	2842.16027
2023-09-10	1387.551717
2023-09-09	1550.349156
2023-09-08	2322.276421
2023-09-07	2503.10763
2023-09-06	2582.73477
2023-09-05	2358.177184
2023-09-04	2129.227422
2023-09-03	1639.672631
2023-09-02	1626.808255
2023-09-01	2328.482772
2023-08-31	2816.222875
2023-08-30	2963.063355
2023-08-29	4190.802614
2023-08-28	3519.945573
2023-08-27	1719.821007
2023-08-26	1783.77292
2023-08-25	3083.290343
2023-08-24	2638.876052
2023-08-23	2948.509279
2023-08-22	3937.612466
2023-08-21	2997.230368
2023-08-20	2047.628303
2023-08-19	1996.238722
2023-08-18	3269.385216
2023-08-17	4814.385487
2023-08-16	3907.857733
2023-08-15	3335.862627
2023-08-14	2785.386772
2023-08-13	1948.128612
2023-08-12	1975.778618
2023-08-11	2498.451835
2023-08-10	2954.95979
2023-08-09	2868.958826
2023-08-08	3183.315108
2023-08-07	3092.737548
2023-08-06	2002.530262
2023-08-05	2242.710608
2023-08-04	2562.337835
2023-08-03	2957.943695
2023-08-02	3218.300755
2023-08-01	3004.989318
2023-07-31	3021.404737
2023-07-30	2728.94058
2023-07-29	2842.378949
2023-07-28	4772.719237
2023-07-27	4102.781971
2023-07-26	3519.819523
2023-07-25	3982.912414
2023-07-24	4227.99589
2023-07-23	2788.909239
2023-07-22	2620.520862
2023-07-21	3740.347905
2023-07-20	3551.811913
2023-07-19	3501.694663
2023-07-18	3783.555862
2023-07-17	3005.713157
2023-07-16	2276.172411
2023-07-15	1973.504028
2023-07-14	3162.919657
2023-07-13	4138.898136
2023-07-12	3496.496257
2023-07-11	2915.82373
2023-07-10	2917.992544
2023-07-09	2449.509974
2023-07-08	2585.623055
2023-07-07	4100.765801
2023-07-06	4923.066427
2023-07-05	5822.700407
2023-07-04	3570.614067
2023-07-03	2797.930156
2023-07-02	2030.83055
2023-07-01	2349.489561
2023-06-30	3804.654031
2023-06-29	4241.032509
2023-06-28	2655.651639
2023-06-27	2674.968952
2023-06-26	1928.780173
2023-06-25	1729.357674
2023-06-24	1926.688636
2023-06-23	2563.36789
2023-06-22	2346.257031
2023-06-21	2801.795215
2023-06-20	2504.389608
2023-06-19	2473.835077
2023-06-18	2038.968979
2023-06-17	2423.02753
2023-06-16	2733.517914
2023-06-15	2548.746061
2023-06-14	2841.102588
2023-06-13	2225.928389
2023-06-12	2329.550235
2023-06-11	2200.556805
2023-06-10	3029.980712
2023-06-09	2826.908398
2023-06-08	3136.365636
2023-06-07	3066.958743
2023-06-06	3479.738571
2023-06-05	4455.981465
2023-06-04	2800.898051
2023-06-03	3102.329177
2023-06-02	4088.70327
2023-06-01	5012.313855
2023-05-31	4927.195029
2023-05-30	5696.106111
2023-05-29	4832.601471
2023-05-28	3854.041976
2023-05-27	3344.024738
2023-05-26	4147.022468
2023-05-25	4887.230883
2023-05-24	5523.500814
2023-05-23	6627.440492
2023-05-22	5846.704909
2023-05-21	4337.977171
2023-05-20	4103.38025
2023-05-19	5791.977609
2023-05-18	6567.363386
2023-05-17	6463.277176
2023-05-16	6959.143874
2023-05-15	7380.823735
2023-05-14	5109.269104
2023-05-13	5314.840027
2023-05-12	8240.348863
2023-05-11	12194.225276
2023-05-10	11575.029999
2023-05-09	11172.222861
2023-05-08	13212.109721
2023-05-07	13465.999865
2023-05-06	16438.037011
2023-05-05	16720.441094
2023-05-04	9348.764905
2023-05-03	9047.38853
2023-05-02	10313.812705
2023-05-01	8326.160569
2023-04-30	5317.539545
2023-04-29	4310.365857
2023-04-28	4658.317406
2023-04-27	4563.562313
2023-04-26	4946.584512
2023-04-25	4683.301459
2023-04-24	5397.773495
2023-04-23	5067.454064
2023-04-22	4574.129915
2023-04-21	4912.82504
2023-04-20	8112.43824
2023-04-19	8768.994756
2023-04-18	6368.508635
2023-04-17	4183.919844
2023-04-16	3129.246298
2023-04-15	2853.075707
2023-04-14	3653.442212
2023-04-13	3494.653757
2023-04-12	2786.036678
2023-04-11	3438.570793
2023-04-10	2928.181429
2023-04-09	2460.74912
2023-04-08	2611.068024
2023-04-07	2872.963392
2023-04-06	3403.028785
2023-04-05	4065.783512
2023-04-04	3598.756807
2023-04-03	3509.596866
2023-04-02	2472.491597
2023-04-01	2601.725869
2023-03-31	3315.87846
2023-03-30	3944.00185
2023-03-29	3658.590615
2023-03-28	3555.380057
2023-03-27	3370.842044
2023-03-26	2284.318257
2023-03-25	2135.655732
2023-03-24	2841.020783
2023-03-23	2789.33761
2023-03-22	2536.672214
2023-03-21	2425.6318
2023-03-20	2718.190772
2023-03-19	2329.952665
2023-03-18	2271.33873
2023-03-17	3113.774436
2023-03-16	3124.789625
2023-03-15	3470.21219
2023-03-14	3815.007703
2023-03-13	4028.764902
2023-03-12	3480.895639
2023-03-11	11346.36117
2023-03-10	3932.054636
2023-03-09	4263.12334
2023-03-08	3923.955021
2023-03-07	3943.181598
2023-03-06	4026.691975
2023-03-05	3115.210068
2023-03-04	2828.275836
2023-03-03	3728.394835
2023-03-02	3443.477209
2023-03-01	3779.803614
2023-02-28	3018.624716
2023-02-27	2877.474594
2023-02-26	2549.804026
2023-02-25	2568.073634
2023-02-24	3646.26688
2023-02-23	4427.872986
2023-02-22	4272.322328
2023-02-21	3910.256993
2023-02-20	3951.055597
2023-02-19	3108.929915
2023-02-18	3218.300303
2023-02-17	4237.421994
2023-02-16	4795.605241
2023-02-15	4611.643925
2023-02-14	6270.725255
2023-02-13	3067.737183
2023-02-12	2176.614079
2023-02-11	2236.009764
2023-02-10	3130.685113
2023-02-09	4280.595382
2023-02-08	4118.789208
2023-02-07	3931.030685
2023-02-06	3031.788349
2023-02-05	2496.966069
2023-02-04	2804.182241
2023-02-03	3538.409056
2023-02-02	3446.325352
2023-02-01	3242.643566
2023-01-31	3109.765041
2023-01-30	2298.524237
2023-01-29	2396.523189
2023-01-28	1952.831093
2023-01-27	2648.645953
2023-01-26	2746.665977
2023-01-25	2657.008096
2023-01-24	3065.790029
2023-01-23	2326.59676
2023-01-22	1956.018163
2023-01-21	2210.686773
2023-01-20	2623.505983
2023-01-19	2558.162194
2023-01-18	3325.569321
2023-01-17	2798.829126
2023-01-16	2879.143362
2023-01-15	2398.053281
2023-01-14	3011.626277
2023-01-13	3064.626127
2023-01-12	2721.763845
2023-01-11	2706.3056
2023-01-10	2597.083245
2023-01-09	2792.170737
2023-01-08	2276.966002
2023-01-07	1931.21429
2023-01-06	2534.382457
2023-01-05	2583.473563
2023-01-04	3192.376221
2023-01-03	2290.134653
2023-01-02	2070.695111
2023-01-01	1811.432243
2022-12-31	1977.861083
2022-12-30	2129.640053
2022-12-29	2059.187353
2022-12-28	2039.360346
2022-12-27	1909.475271
2022-12-26	1509.158453
2022-12-25	1393.857979
2022-12-24	1420.316346
2022-12-23	1741.983245
2022-12-22	1869.604626
2022-12-21	1922.242781
2022-12-20	2036.424588
2022-12-19	1858.274545
2022-12-18	1736.562204
2022-12-17	1785.561041
2022-12-16	2450.745163
2022-12-15	2194.349754
2022-12-14	2048.698497
2022-12-13	2347.46147
2022-12-12	2096.184181
2022-12-11	1922.297205
2022-12-10	1893.693251
2022-12-09	3655.137571
2022-12-08	1971.534713
2022-12-07	2169.277911
2022-12-06	1936.921821
2022-12-05	1784.854446
2022-12-04	1472.297029
2022-12-03	1506.634008
2022-12-02	1624.01089
2022-12-01	1677.44649
2022-11-30	1713.687472
2022-11-29	1534.050518
2022-11-28	1822.17157
2022-11-27	1326.929096
2022-11-26	1374.307151
2022-11-25	1430.779037
2022-11-24	1594.539935
2022-11-23	1736.535487
2022-11-22	2017.828438
2022-11-21	1795.530969
2022-11-20	1627.563213
2022-11-19	1556.926564
2022-11-18	1899.432811
2022-11-17	2175.774524
2022-11-16	2195.598745
2022-11-15	2485.002926
2022-11-14	2514.053659
2022-11-13	2082.500767
2022-11-12	2108.816759
2022-11-11	3143.04931
2022-11-10	4862.425613
2022-11-09	6723.875852
2022-11-08	5797.709434
2022-11-07	2271.842489
2022-11-06	1580.280785
2022-11-05	1606.519929
2022-11-04	2408.403095
2022-11-03	3175.389635
2022-11-02	2161.96659
2022-11-01	1880.397512
2022-10-31	2552.678153
2022-10-30	1222.39493
2022-10-29	1753.156701
2022-10-28	2146.374352
2022-10-27	2049.370112
2022-10-26	2437.721941
2022-10-25	2659.261674
2022-10-24	2416.063692
2022-10-23	1820.022216
2022-10-22	2287.091881
2022-10-21	3743.149915
2022-10-20	3854.179736
2022-10-19	3324.602226
2022-10-18	3023.397926
2022-10-17	2799.480327
2022-10-16	1841.875787
2022-10-15	2061.470861
2022-10-14	2229.526935
2022-10-13	2859.351455
2022-10-12	2398.516902
2022-10-11	3161.329246
2022-10-10	4064.611996
2022-10-09	3358.812116
2022-10-08	2297.000878
2022-10-07	1482.945874
2022-10-06	1655.659531
2022-10-05	2057.144451
2022-10-04	1884.205776
2022-10-03	1903.683226
2022-10-02	886.480053
2022-10-01	1203.33012
2022-09-30	2034.835822
2022-09-29	1918.969873
2022-09-28	2047.906377
2022-09-27	2306.752502
2022-09-26	1673.175858
2022-09-25	1108.91117
2022-09-24	911.612658
2022-09-23	1329.921003
2022-09-22	1440.498357
2022-09-21	1874.961712
2022-09-20	1629.50786
2022-09-19	1455.376046
2022-09-18	1181.414931
2022-09-17	956.868797
2022-09-16	1435.674073
2022-09-15	2298.817506
2022-09-14	1543.272705
2022-09-13	2162.504814
2022-09-12	1928.107213
2022-09-11	1207.698697
2022-09-10	1378.743419
2022-09-09	2319.385924
2022-09-08	2472.472193
2022-09-07	2305.713626
2022-09-06	1852.328063
2022-09-05	1314.994669
2022-09-04	1062.720776
2022-09-03	961.468895
2022-09-02	1611.335423
2022-09-01	2227.313994
2022-08-31	2455.016006
2022-08-30	2223.892904
2022-08-29	1862.747434
2022-08-28	1070.840875
2022-08-27	1074.657304
2022-08-26	1685.648333
2022-08-25	1757.093092
2022-08-24	1482.714426
2022-08-23	1583.449742
2022-08-22	1673.844633
2022-08-21	983.813519
2022-08-20	1359.639415
2022-08-19	2033.833618
2022-08-18	1485.991535
2022-08-17	1520.422165
2022-08-16	1471.081504
2022-08-15	2265.147786
2022-08-14	1376.401644
2022-08-13	1293.500824
2022-08-12	2002.916304
2022-08-11	2584.305705
2022-08-10	3164.57385
2022-08-09	2145.391856
2022-08-08	2050.172869
2022-08-07	1188.237265
2022-08-06	1110.424055
2022-08-05	1725.9113
2022-08-04	1613.055884
2022-08-03	1534.482298
2022-08-02	1733.392222
2022-08-01	2370.811481
2022-07-31	1119.772488
2022-07-30	1177.666198
2022-07-29	1926.846957
2022-07-28	2680.251791
2022-07-27	2413.159958
2022-07-26	2612.996077
2022-07-25	2273.947167
2022-07-24	1305.749725
2022-07-23	1580.852434
2022-07-22	1897.574881
2022-07-21	2437.556529
2022-07-20	3335.759505
2022-07-19	3500.540438
2022-07-18	3481.56601
2022-07-17	2492.070463
2022-07-16	2675.316202
2022-07-15	3446.781727
2022-07-14	3796.408629
2022-07-13	3305.025116
2022-07-12	2765.792911
2022-07-11	3229.415877
2022-07-10	2101.087747
2022-07-09	2907.689284
2022-07-08	3012.663659
2022-07-07	3985.409328
2022-07-06	3402.090638
2022-07-05	3262.220776
2022-07-04	2624.112979
2022-07-03	2103.298574
2022-07-02	1887.7617
2022-07-01	3574.179919
2022-06-30	4757.804346
2022-06-29	4976.362824
2022-06-28	4058.575208
2022-06-27	4355.666177
2022-06-26	3214.955015
2022-06-25	3132.03482
2022-06-24	3815.819481
2022-06-23	4358.624498
2022-06-22	3178.420155
2022-06-21	3573.768609
2022-06-20	2793.831069
2022-06-19	2983.891596
2022-06-18	5040.360875
2022-06-17	3941.862823
2022-06-16	4018.897033
2022-06-15	6507.242519
2022-06-14	5957.987374
2022-06-13	8807.057387
2022-06-12	3412.626136
2022-06-11	3725.494099
2022-06-10	5431.423575
2022-06-09	6532.257817
2022-06-08	6755.242568
2022-06-07	5571.589482
2022-06-06	4995.445844
2022-06-05	5212.673826
2022-06-04	5459.01365
2022-06-03	5973.016906
2022-06-02	6006.002339
2022-06-01	5531.80838
2022-05-31	5248.93265
2022-05-30	3467.075998
2022-05-29	2240.96623
2022-05-28	2225.438603
2022-05-27	4330.132828
2022-05-26	4777.888069
2022-05-25	3561.119791
2022-05-24	3014.974468
2022-05-23	2755.601126
2022-05-22	2385.018712
2022-05-21	2367.513119
2022-05-20	3048.534936
2022-05-19	2843.671164
2022-05-18	2934.269246
2022-05-17	3650.169081
2022-05-16	2743.443609
2022-05-15	2646.160864
2022-05-14	3939.580455
2022-05-13	7826.319444
2022-05-12	21155.125348
2022-05-11	14476.738128
2022-05-10	6103.486002
2022-05-09	6330.30236
2022-05-08	2810.27447
2022-05-07	3294.490201
2022-05-06	5424.069168
2022-05-05	6484.714025
2022-05-04	5048.041227
2022-05-03	6210.063159
2022-05-02	6906.372735
2022-05-01	81747.493962
2022-04-30	4932.134596
2022-04-29	5330.061883
2022-04-28	5448.804119
2022-04-27	5443.776492
2022-04-26	4839.858462
2022-04-25	5594.55491
2022-04-24	3510.842138
2022-04-23	3445.331663
2022-04-22	5752.443217
2022-04-21	6232.939638
2022-04-20	7483.310609
2022-04-19	4386.767256
2022-04-18	3894.660807
2022-04-17	3006.366918
2022-04-16	3773.548939
2022-04-15	4174.605838
2022-04-14	5151.445377
2022-04-13	4853.149611
2022-04-12	4917.488908
2022-04-11	4876.599348
2022-04-10	4403.816407
2022-04-09	3749.205365
2022-04-08	5748.037961
2022-04-07	7287.407289
2022-04-06	6090.201567
2022-04-05	13519.948649
2022-04-04	6549.428272
2022-04-03	5949.876314
2022-04-02	6305.861216
2022-04-01	6737.810808
2022-03-31	5387.723293
2022-03-30	5425.742455
2022-03-29	5020.956331
2022-03-28	9491.674007
2022-03-27	6173.841299
2022-03-26	3356.956898
2022-03-25	4824.857088
2022-03-24	5208.513792
2022-03-23	4006.96515
2022-03-22	4425.406711
2022-03-21	3530.289833
2022-03-20	2850.976455
2022-03-19	3239.634711
2022-03-18	6759.527657
2022-03-17	7221.239129
2022-03-16	4317.314364
2022-03-15	3899.120516
2022-03-14	3497.488249
2022-03-13	3535.026824
2022-03-12	2594.38155
2022-03-11	3299.893808
2022-03-10	3539.727671
2022-03-09	3998.865185
2022-03-08	4800.109572
2022-03-07	4425.69442
2022-03-06	4960.952454
2022-03-05	3761.313501
2022-03-04	4983.688365
2022-03-03	5167.03552
2022-03-02	5619.727324
2022-03-01	6104.056646
2022-02-28	7428.106664
2022-02-27	4587.011263
2022-02-26	5447.88932
2022-02-25	6433.460826
2022-02-24	8945.247049
2022-02-23	9935.231552
2022-02-22	8819.960158
2022-02-21	9088.069084
2022-02-20	7500.098525
2022-02-19	7074.307041
2022-02-18	9595.184303
2022-02-17	7748.348248
2022-02-16	8237.980907
2022-02-15	7729.414507
2022-02-14	6323.1296
2022-02-13	5766.386411
2022-02-12	6661.708657
2022-02-11	7594.663506
2022-02-10	10972.887503
2022-02-09	9469.092612
2022-02-08	8957.799182
2022-02-07	11457.293734
2022-02-06	7528.103781
2022-02-05	13628.258445
2022-02-04	10738.634641
2022-02-03	12051.656487
2022-02-02	14982.708663
2022-02-01	15307.636712
2022-01-31	11886.96295
2022-01-30	12824.109343
2022-01-29	11558.534003
2022-01-28	13758.048801
2022-01-27	15283.154794
2022-01-26	13917.218815
2022-01-25	13903.459039
2022-01-24	14013.31418
2022-01-23	12211.089909
2022-01-22	16293.981141
2022-01-21	18182.715945
2022-01-20	14882.163948
2022-01-19	12636.500452
2022-01-18	12207.467178
2022-01-17	14432.452931
2022-01-16	13079.73237
2022-01-15	13418.881909
2022-01-14	18664.63251
2022-01-13	16461.301925
2022-01-12	19495.385463
2022-01-11	18392.758647
2022-01-10	20877.386112
2022-01-09	15264.773168
2022-01-08	11879.025562
2022-01-07	14991.463539
2022-01-06	13357.220186
2022-01-05	14676.050526
2022-01-04	13243.289967
2022-01-03	10537.854258
2022-01-02	10295.014652
2022-01-01	8173.678752
2021-12-31	9315.933012
2021-12-30	10996.004637
2021-12-29	12660.045145
2021-12-28	10411.691728
2021-12-27	8035.150891
2021-12-26	5718.785211
2021-12-25	7258.630975
2021-12-24	7409.269644
2021-12-23	8583.231725
2021-12-22	7947.916104
2021-12-21	6958.755607
2021-12-20	7284.992227
2021-12-19	6439.495199
2021-12-18	6756.61514
2021-12-17	10099.123801
2021-12-16	10425.109544
2021-12-15	9141.095383
2021-12-14	7990.005956
2021-12-13	8881.745101
2021-12-12	6565.699339
2021-12-11	7728.595102
2021-12-10	9498.383158
2021-12-09	8478.797959
2021-12-08	8060.333937
2021-12-07	9442.821735
2021-12-06	10750.742666
2021-12-05	10216.575274
2021-12-04	14360.449741
2021-12-03	10838.543907
2021-12-02	11669.444267
2021-12-01	13659.035763
2021-11-30	14869.577777
2021-11-29	12196.501364
2021-11-28	11449.814609
2021-11-27	12144.675208
2021-11-26	11379.878561
2021-11-25	12411.629625
2021-11-24	13060.893481
2021-11-23	13693.924927
2021-11-22	14931.938876
2021-11-21	10668.714585
2021-11-20	10437.56727
2021-11-19	12140.165124
2021-11-18	14467.30497
2021-11-17	13499.093484
2021-11-16	14651.75566
2021-11-15	15416.784546
2021-11-14	11392.165309
2021-11-13	13177.298143
2021-11-12	15065.384361
2021-11-11	16195.461256
2021-11-10	17010.628922
2021-11-09	17509.786696
2021-11-08	12894.0644
2021-11-07	10117.634519
2021-11-06	11707.631414
2021-11-05	13693.968418
2021-11-04	14465.059426
2021-11-03	16453.982046
2021-11-02	17655.687803
2021-11-01	16074.767344
2021-10-31	14964.522793
2021-10-30	16363.465563
2021-10-29	17671.280619
2021-10-28	19171.137399
2021-10-27	17164.854759
2021-10-26	12813.841598
2021-10-25	10212.737435
2021-10-24	7643.912497
2021-10-23	6795.407659
2021-10-22	9048.135671
2021-10-21	10046.09338
2021-10-20	8222.214422
2021-10-19	7739.352435
2021-10-18	13205.980255
2021-10-17	7725.038217
2021-10-16	8752.975778
2021-10-15	15638.55244
2021-10-14	13596.408075
2021-10-13	10193.959915
2021-10-12	9273.661673
2021-10-11	11220.137863
2021-10-10	8651.623785
2021-10-09	8056.781214
2021-10-08	13093.141765
2021-10-07	14745.258136
2021-10-06	15037.742911
2021-10-05	13747.974108
2021-10-04	10441.14751
2021-10-03	6323.93977
2021-10-02	6712.862159
2021-10-01	9090.188011
2021-09-30	11775.658068
2021-09-29	8538.321083
2021-09-28	9418.926727
2021-09-27	17107.880041
2021-09-26	7482.458488
2021-09-25	5019.537963
2021-09-24	7640.784023
2021-09-23	9503.84831
2021-09-22	7241.07783
2021-09-21	10725.893521
2021-09-20	9331.6174
2021-09-19	7200.917714
2021-09-18	5675.515856
2021-09-17	7912.291493
2021-09-16	9381.540034
2021-09-15	7350.47695
2021-09-14	8678.054137
2021-09-13	8811.061705
2021-09-12	6615.238341
2021-09-11	6799.457326
2021-09-10	10913.772165
2021-09-09	16843.988605
2021-09-08	16548.169177
2021-09-07	21131.62146
2021-09-06	12226.618501
2021-09-05	11617.02937
2021-09-04	12468.815313
2021-09-03	16008.193499
2021-09-02	11645.607308
2021-09-01	15120.502551
2021-08-31	13552.444617
2021-08-30	12370.737328
2021-08-29	11023.756001
2021-08-28	10023.657949
2021-08-27	13519.697354
2021-08-26	9971.381941
2021-08-25	10125.300974
2021-08-24	8796.999246
2021-08-23	6649.918712
2021-08-22	3998.629209
2021-08-21	4017.839836
2021-08-20	4717.247887
2021-08-19	6206.941873
2021-08-18	5279.306655
2021-08-17	5751.675111
2021-08-16	6080.440484
2021-08-15	7635.231154
2021-08-14	6072.735958
2021-08-13	6870.413937
2021-08-12	6522.560502
2021-08-11	6777.540297
2021-08-10	7645.530104
2021-08-09	6446.174106
2021-08-08	5474.532746
2021-08-07	5386.023163
2021-08-06	5312.087766
2021-08-05	6253.961088
2021-08-04	4188.447673
2021-08-03	4922.655647
2021-08-02	4105.103748
2021-08-01	3692.386835
2021-07-31	4850.805467
2021-07-30	3534.63293
2021-07-29	3009.817989
2021-07-28	5164.437201
2021-07-27	4849.166892
2021-07-26	3878.504005
2021-07-25	1990.415682
2021-07-24	2216.465956
2021-07-23	3701.575022
2021-07-22	3156.562393
2021-07-21	2487.717693
2021-07-20	3131.48924
2021-07-19	2751.103105
2021-07-18	2562.80438
2021-07-17	2665.875888
2021-07-16	3927.152838
2021-07-15	4182.958733
2021-07-14	4347.91988
2021-07-13	2928.880711
2021-07-12	2679.63607
2021-07-11	1253.037604
2021-07-10	1626.453573
2021-07-09	2630.170203
2021-07-08	3458.547731
2021-07-07	3678.960373
2021-07-06	4818.444373
2021-07-05	1755.973173
2021-07-04	1278.974287
2021-07-03	1521.217754
2021-07-02	1683.137203
2021-07-01	2147.393484
2021-06-30	3057.199815
2021-06-29	2244.09405
2021-06-28	2250.970115
2021-06-27	2486.766301
2021-06-26	1489.398965
2021-06-25	2461.550435
2021-06-24	1909.340954
2021-06-23	2152.922714
2021-06-22	6598.895285
2021-06-21	4129.552271
2021-06-20	1710.911084
2021-06-19	1486.772727
2021-06-18	2085.18292
2021-06-17	2110.158396
2021-06-16	1937.69313
2021-06-15	2035.563631
2021-06-14	1929.348578
2021-06-13	1466.300631
2021-06-12	1912.181837
2021-06-11	2281.276647
2021-06-10	2000.593952
2021-06-09	2373.718371
2021-06-08	2852.4424
2021-06-07	2102.204785
2021-06-06	1560.432702
2021-06-05	1837.055538
2021-06-04	2606.231242
2021-06-03	3057.505727
2021-06-02	2966.323387
2021-06-01	2835.006547
2021-05-31	3078.771052
2021-05-30	2644.965246
2021-05-29	3095.523313
2021-05-28	3766.053111
2021-05-27	3632.65775
2021-05-26	4592.754085
2021-05-25	4776.783674
2021-05-24	6355.702776
2021-05-23	13635.525533
2021-05-22	5302.534504
2021-05-21	10973.20026
2021-05-20	12343.66754
2021-05-19	30798.93959
2021-05-18	8250.402869
2021-05-17	8943.088142
2021-05-16	7728.84403
2021-05-15	8920.270007
2021-05-14	12221.288581
2021-05-13	16479.162319
2021-05-12	26940.380043
2021-05-11	28202.453497
2021-05-10	22503.721573
2021-05-09	12144.018697
2021-05-08	13122.030256
2021-05-07	6347.754184
2021-05-06	6142.596408
2021-05-05	5578.410842
2021-05-04	6403.313723
2021-05-03	6164.07865
2021-05-02	3862.553057
2021-05-01	4908.598313
2021-04-30	5210.401692
2021-04-29	6652.47168
2021-04-28	7236.849992
2021-04-27	6042.241808
2021-04-26	5693.145153
2021-04-25	5169.258985
2021-04-24	6351.769301
2021-04-23	11486.335371
2021-04-22	13169.122807
2021-04-21	14889.136407
2021-04-20	21627.730842
2021-04-19	15401.60924
2021-04-18	13988.48724
2021-04-17	11693.617711
2021-04-16	14336.227929
2021-04-15	7884.271801
2021-04-14	10853.269936
2021-04-13	9404.908629
2021-04-12	8635.031459
2021-04-11	6690.483671
2021-04-10	7988.993143
2021-04-09	9338.468758
2021-04-08	9614.434465
2021-04-07	12230.859553
2021-04-06	12228.082523
2021-04-05	11723.791427
2021-04-04	8861.749839
2021-04-03	11764.408192
2021-04-02	14621.882898
2021-04-01	15538.193336
2021-03-31	16824.292952
2021-03-30	13279.094243
2021-03-29	11888.535564
2021-03-28	9804.159959
2021-03-27	9393.141906
2021-03-26	11651.077304
2021-03-25	14548.151482
2021-03-24	14029.336266
2021-03-23	13061.673606
2021-03-22	14989.829127
2021-03-21	10816.938862
2021-03-20	11257.635486
2021-03-19	12608.011056
2021-03-18	14353.836719
2021-03-17	15502.620842
2021-03-16	14933.713897
2021-03-15	15017.507737
2021-03-14	11927.853652
2021-03-13	12999.054089
2021-03-12	13597.562724
2021-03-11	10620.444113
2021-03-10	10727.397898
2021-03-09	11010.83375
2021-03-08	10860.456038
2021-03-07	10461.902303
2021-03-06	7843.716824
2021-03-05	11007.323919
2021-03-04	8932.718516
2021-03-03	10186.824284
2021-03-02	9933.724507
2021-03-01	9272.588477
2021-02-28	9587.082321
2021-02-27	9481.603056
2021-02-26	12724.116392
2021-02-25	13131.672119
2021-02-24	16301.979401
2021-02-23	31702.760974
2021-02-22	22368.806841
2021-02-21	11338.021334
2021-02-20	15925.496385
2021-02-19	14951.121919
2021-02-18	14406.597029
2021-02-17	13849.546529
2021-02-16	13460.135442
2021-02-15	14269.453142
2021-02-14	11680.626066
2021-02-13	14523.666758
2021-02-12	14025.280105
2021-02-11	13602.170498
2021-02-10	16946.130504
2021-02-09	18354.158266
2021-02-08	16517.111731
2021-02-07	12582.483936
2021-02-06	14069.80631
2021-02-05	19744.59479
2021-02-04	18797.579496
2021-02-03	13710.00646
2021-02-02	13774.193895
2021-02-01	12133.382593
2021-01-31	10261.033113
2021-01-30	8642.494763
2021-01-29	10902.221997
2021-01-28	7335.124632
2021-01-27	7733.098276
2021-01-26	6683.692815
2021-01-25	8615.004048
2021-01-24	6396.685656
2021-01-23	6336.811105
2021-01-22	10383.079231
2021-01-21	9736.678615
2021-01-20	6658.691192
2021-01-19	7959.149669
2021-01-18	5797.311327
2021-01-17	4872.880895
2021-01-16	6302.56929
2021-01-15	7421.966136
2021-01-14	6499.371431
2021-01-13	5372.778087
2021-01-12	6776.868852
2021-01-11	19748.380039
2021-01-10	6984.828712
2021-01-09	7201.345915
2021-01-08	11193.151283
2021-01-07	10633.979172
2021-01-06	9762.946782
2021-01-05	10958.666235
2021-01-04	20121.689311
2021-01-03	13011.093415
2021-01-02	8012.065285
2021-01-01	5188.673351
2020-12-31	7765.748557
2020-12-30	8986.764068
2020-12-29	7421.205327
2020-12-28	8873.285573
2020-12-27	7559.859753
2020-12-26	5203.245311
2020-12-25	7100.311116
2020-12-24	6673.366342
2020-12-23	8973.283353
2020-12-22	5216.004398
2020-12-21	6179.877798
2020-12-20	3415.530312
2020-12-19	4889.283132
2020-12-18	5561.513983
2020-12-17	11024.418932
2020-12-16	6414.620451
2020-12-15	6519.638016
2020-12-14	4749.089317
2020-12-13	3321.300573
2020-12-12	3106.768214
2020-12-11	4829.411382
2020-12-10	4250.053824
2020-12-09	5024.915425
2020-12-08	4845.224403
2020-12-07	3570.713221
2020-12-06	2648.307255
2020-12-05	2662.916849
2020-12-04	3936.325226
2020-12-03	3488.168407
2020-12-02	3155.093081
2020-12-01	6541.401465
2020-11-30	6022.470625
2020-11-29	1962.351069
2020-11-28	2243.440487
2020-11-27	3124.361353
2020-11-26	11194.82995
2020-11-25	4578.870014
2020-11-24	7166.078127
2020-11-23	5825.958416
2020-11-22	4852.224582
2020-11-21	5071.950928
2020-11-20	5098.65548
2020-11-19	3886.146956
2020-11-18	6371.600162
2020-11-17	5886.356957
2020-11-16	3540.927879
2020-11-15	2520.817489
2020-11-14	2791.589601
2020-11-13	4109.253811
2020-11-12	4175.992024
2020-11-11	3752.279972
2020-11-10	3776.709144
2020-11-09	3182.897314
2020-11-08	2131.668036
2020-11-07	4275.488754
2020-11-06	4519.434581
2020-11-05	3763.177025
2020-11-04	2771.964515
2020-11-03	3354.799839
2020-11-02	4397.645831
2020-11-01	2414.139494
2020-10-31	2992.672544
2020-10-30	4618.596845
2020-10-29	5094.813369
2020-10-28	4849.673848
2020-10-27	3148.634087
2020-10-26	4418.605407
2020-10-25	2346.400107
2020-10-24	2261.147611
2020-10-23	4402.466179
2020-10-22	4850.827674
2020-10-21	5743.034746
2020-10-20	4532.199098
2020-10-19	4181.258995
2020-10-18	2744.857556
2020-10-17	2589.454099
2020-10-16	4743.680213
2020-10-15	5823.950302
2020-10-14	5932.708562
2020-10-13	5702.287881
2020-10-12	5515.120626
2020-10-11	3585.365603
2020-10-10	4494.541296
2020-10-09	5752.785535
2020-10-08	5987.751728
2020-10-07	6123.201143
2020-10-06	8317.971754
2020-10-05	6467.221107
2020-10-04	5898.282626
2020-10-03	5560.363638
2020-10-02	6823.689646
2020-10-01	7447.624885
2020-09-30	8845.797481
2020-09-29	11274.115345
2020-09-28	9050.854037
2020-09-27	6376.072826
2020-09-26	6278.130235
2020-09-25	7685.964086
2020-09-24	8479.593769
2020-09-23	10063.464326
2020-09-22	12151.093799
2020-09-21	13563.368148
2020-09-20	10157.6931
2020-09-19	13538.327845
2020-09-18	24732.127097
2020-09-17	42763.252558
2020-09-16	11651.239035
2020-09-15	14752.337821
2020-09-14	15531.71551
2020-09-13	9308.550822
2020-09-12	8212.912709
2020-09-11	11537.870588
2020-09-10	13897.301461
2020-09-09	9240.83795
2020-09-08	7993.849043
2020-09-07	8661.755119
2020-09-06	10035.002966
2020-09-05	21819.805281
2020-09-04	18017.476673
2020-09-03	30984.757576
2020-09-02	37967.158995
2020-09-01	35517.224015
2020-08-31	18895.060101
2020-08-30	16600.841155
2020-08-29	7841.944389
2020-08-28	7197.373138
2020-08-27	7359.339848
2020-08-26	7184.344914
2020-08-25	8374.263921
2020-08-24	7735.147337
2020-08-23	6545.508371
2020-08-22	7988.313003
2020-08-21	12542.571128
2020-08-20	9115.819759
2020-08-19	10761.369485
2020-08-18	10289.919865
2020-08-17	8615.110457
2020-08-16	7887.333044
2020-08-15	9106.110432
2020-08-14	16401.402644
2020-08-13	20263.769672
2020-08-12	17753.881326
2020-08-11	9978.837169
2020-08-10	9332.143404
2020-08-09	6082.735959
2020-08-08	5151.003834
2020-08-07	5687.037008
2020-08-06	4472.749497
2020-08-05	4072.485598
2020-08-04	4364.523551
2020-08-03	5239.882104
2020-08-02	5869.132001
2020-08-01	4787.707586
2020-07-31	5923.281011
2020-07-30	5260.650226
2020-07-29	5617.714565
2020-07-28	5390.118729
2020-07-27	7408.947483
2020-07-26	5485.496428
2020-07-25	6151.602366
2020-07-24	5618.90911
2020-07-23	5987.575656
2020-07-22	5190.74289
2020-07-21	5327.69946
2020-07-20	5079.939728
2020-07-19	3943.184193
2020-07-18	3643.109447
2020-07-17	3972.430201
2020-07-16	3865.754092
2020-07-15	3588.577456
2020-07-14	2991.335326
2020-07-13	3601.214356
2020-07-12	2110.058415
2020-07-11	2248.096114
2020-07-10	2558.535356
2020-07-09	3261.717337
2020-07-08	3598.79059
2020-07-07	2766.367004
2020-07-06	2723.247349
2020-07-05	2104.098256
2020-07-04	2248.859531
2020-07-03	3022.917815
2020-07-02	2905.199004
2020-07-01	3222.543484
2020-06-30	3606.557485
2020-06-29	2696.246475
2020-06-28	2422.832912
2020-06-27	2518.039544
2020-06-26	2687.986423
2020-06-25	2945.81853
2020-06-24	3310.327331
2020-06-23	3195.626347
2020-06-22	2846.216099
2020-06-21	1991.253869
2020-06-20	1950.967532
2020-06-19	2476.53167
2020-06-18	2227.178718
2020-06-17	2423.167164
2020-06-16	2306.791403
2020-06-15	2532.148961
2020-06-14	1340.126565
2020-06-13	1591.207928
2020-06-12	2048.130099
2020-06-11	15374.798288
2020-06-10	13028.588187
2020-06-09	2152.572192
2020-06-08	2268.498664
2020-06-07	2242.188974
2020-06-06	2061.88053
2020-06-05	1820.203352
2020-06-04	1738.229046
2020-06-03	1621.421726
2020-06-02	2084.439248
2020-06-01	1797.136197
2020-05-31	1571.986221
2020-05-30	1896.568443
2020-05-29	1962.587622
2020-05-28	2256.467456
2020-05-27	2325.220858
2020-05-26	2141.285355
2020-05-25	2085.507316
2020-05-24	1615.103252
2020-05-23	1230.240037
2020-05-22	1934.635729
2020-05-21	2809.292172
2020-05-20	2065.609964
2020-05-19	1785.353813
2020-05-18	2001.364326
2020-05-17	1485.007894
2020-05-16	1381.230858
2020-05-15	1703.919701
2020-05-14	2249.151471
2020-05-13	1855.680809
2020-05-12	1462.671688
2020-05-11	1302.231222
2020-05-10	1704.240857
2020-05-09	941.931342
2020-05-08	1143.695987
2020-05-07	1165.186071
2020-05-06	942.909044
2020-05-05	779.218945
2020-05-04	742.571298
2020-05-03	601.976981
2020-05-02	519.301519
2020-05-01	682.262527
2020-04-30	1276.050163
2020-04-29	978.342003
2020-04-28	597.748887
2020-04-27	651.649889
2020-04-26	635.743289
2020-04-25	568.630633
2020-04-24	663.001978
2020-04-23	693.255247
2020-04-22	657.733728
2020-04-21	697.261803
2020-04-20	662.094832
2020-04-19	513.189147
2020-04-18	584.29057
2020-04-17	528.054699
2020-04-16	693.830514
2020-04-15	493.208569
2020-04-14	525.313395
2020-04-13	495.842263
2020-04-12	367.810501
2020-04-11	399.057944
2020-04-10	520.404513
2020-04-09	490.259294
2020-04-08	511.237521
2020-04-07	581.956718
2020-04-06	641.609308
2020-04-05	352.418794
2020-04-04	363.733651
2020-04-03	486.430785
2020-04-02	521.596274
2020-04-01	457.728735
2020-03-31	500.576909
2020-03-30	453.421143
2020-03-29	351.972078
2020-03-28	402.682722
2020-03-27	491.508593
2020-03-26	526.207264
2020-03-25	548.042866
2020-03-24	561.403052
2020-03-23	590.391079
2020-03-22	500.344847
2020-03-21	517.400525
2020-03-20	723.896225
2020-03-19	888.164144
2020-03-18	613.75493
2020-03-17	759.560827
2020-03-16	1458.39806
2020-03-15	523.336292
2020-03-14	585.942871
2020-03-13	4904.49897
2020-03-12	5112.962877
2020-03-11	587.177134
2020-03-10	470.560113
2020-03-09	747.92206
2020-03-08	681.288725
2020-03-07	369.337932
2020-03-06	401.601683
2020-03-05	434.51924
2020-03-04	377.33231
2020-03-03	373.637413
2020-03-02	354.488239
2020-03-01	344.935625
2020-02-29	326.307046
2020-02-28	465.487544
2020-02-27	546.821349
2020-02-26	847.851283
2020-02-25	475.984157
2020-02-24	409.279308
2020-02-23	361.72149
2020-02-22	306.166021
2020-02-21	342.592642
2020-02-20	515.092915
2020-02-19	489.254101
2020-02-18	449.144331
2020-02-17	480.511083
2020-02-16	593.291086
2020-02-15	498.22733
2020-02-14	523.026623
2020-02-13	542.172019
2020-02-12	591.936373
2020-02-11	425.574892
2020-02-10	391.843104
2020-02-09	368.387263
2020-02-08	395.37445
2020-02-07	487.820304
2020-02-06	485.000881
2020-02-05	438.249562
2020-02-04	355.728738
2020-02-03	322.006417
2020-02-02	278.102824
2020-02-01	274.201564
2020-01-31	305.32283
2020-01-30	309.173778
2020-01-29	269.412681
2020-01-28	260.539237
2020-01-27	234.488607
2020-01-26	193.430188
2020-01-25	190.131631
2020-01-24	251.476248
2020-01-23	255.821628
2020-01-22	252.926558
2020-01-21	274.265212
2020-01-20	296.585236
2020-01-19	324.546951
2020-01-18	344.95138
2020-01-17	369.722174
2020-01-16	342.678929
2020-01-15	406.798121
2020-01-14	505.10759
2020-01-13	343.617325
2020-01-12	288.633168
2020-01-11	313.03714
2020-01-10	411.438352
2020-01-09	345.756341
2020-01-08	423.904578
2020-01-07	351.416569
2020-01-06	365.130435
2020-01-05	267.585827
2020-01-04	275.788678
2020-01-03	341.810244
2020-01-02	289.905748
2020-01-01	300.158298
2019-12-31	373.948834
2019-12-30	352.921465
2019-12-29	293.629712
2019-12-28	305.483178
2019-12-27	355.385286
2019-12-26	365.641618
2019-12-25	357.581626
2019-12-24	373.031637
2019-12-23	430.460202
2019-12-22	321.917913
2019-12-21	342.874264
2019-12-20	438.282456
2019-12-19	431.477176
2019-12-18	570.354673
2019-12-17	667.705801
2019-12-16	502.340851
2019-12-15	352.163253
2019-12-14	340.902507
2019-12-13	398.81411
2019-12-12	419.127534
2019-12-11	428.872789
2019-12-10	418.73818
2019-12-09	381.435428
2019-12-08	265.098525
2019-12-07	308.973701
2019-12-06	372.493452
2019-12-05	417.55531
2019-12-04	486.052554
2019-12-03	435.856745
2019-12-02	501.688389
2019-12-01	491.442702
2019-11-30	406.069891
2019-11-29	466.649687
2019-11-28	545.171244
2019-11-27	549.528134
2019-11-26	685.816216
2019-11-25	983.451891
2019-11-24	426.17044
2019-11-23	426.844752
2019-11-22	1247.618683
2019-11-21	764.870316
2019-11-20	508.597206
2019-11-19	514.580195
2019-11-18	618.224443
2019-11-17	402.11151
2019-11-16	379.951506
2019-11-15	479.643487
2019-11-14	497.247743
2019-11-13	492.616864
2019-11-12	481.223546
2019-11-11	498.673183
2019-11-10	403.37405
2019-11-09	415.895884
2019-11-08	500.791461
2019-11-07	660.62423
2019-11-06	463.92407
2019-11-05	507.67538
2019-11-04	479.957988
2019-11-03	411.123615
2019-11-02	392.108507
2019-11-01	491.681231
2019-10-31	535.243829
2019-10-30	562.591705
2019-10-29	552.415442
2019-10-28	534.471322
2019-10-27	443.947594
2019-10-26	558.225548
2019-10-25	563.583145
2019-10-24	534.224826
2019-10-23	689.667743
2019-10-22	535.165153
2019-10-21	464.133945
2019-10-20	445.683716
2019-10-19	413.375987
2019-10-18	462.716782
2019-10-17	431.511496
2019-10-16	455.449566
2019-10-15	466.904748
2019-10-14	444.695851
2019-10-13	376.372285
2019-10-12	391.504583
2019-10-11	469.916381
2019-10-10	498.838043
2019-10-09	569.675094
2019-10-08	466.79613
2019-10-07	438.560663
2019-10-06	390.611191
2019-10-05	427.436529
2019-10-04	495.206673
2019-10-03	644.28828
2019-10-02	485.105781
2019-10-01	510.519279
2019-09-30	1014.741494
2019-09-29	1131.885866
2019-09-28	1214.596925
2019-09-27	1239.590124
2019-09-26	1219.393512
2019-09-25	1627.783448
2019-09-24	1541.682265
2019-09-23	1314.774219
2019-09-22	895.181759
2019-09-21	1153.966243
2019-09-20	1468.015631
2019-09-19	1460.475047
2019-09-18	1295.192443
2019-09-17	1223.124741
2019-09-16	1009.410963
2019-09-15	969.794893
2019-09-14	955.764587
2019-09-13	871.14181
2019-09-12	962.05944
2019-09-11	868.766729
2019-09-10	916.930693
2019-09-09	832.393931
2019-09-08	726.611953
2019-09-07	678.309666
2019-09-06	729.96568
2019-09-05	683.625582
2019-09-04	536.606366
2019-09-03	552.067619
2019-09-02	562.90574
2019-09-01	456.94608
2019-08-31	444.688482
2019-08-30	500.215056
2019-08-29	517.001416
2019-08-28	510.605809
2019-08-27	498.350931
2019-08-26	632.2802
2019-08-25	511.208664
2019-08-24	392.340555
2019-08-23	457.98307
2019-08-22	489.346337
2019-08-21	559.503434
2019-08-20	469.550974
2019-08-19	458.941731
2019-08-18	292.731797
2019-08-17	285.605634
2019-08-16	380.932536
2019-08-15	495.115214
2019-08-14	423.55703
2019-08-13	442.189111
2019-08-12	379.614138
2019-08-11	287.094949
2019-08-10	321.574615
2019-08-09	411.540538
2019-08-08	390.582468
2019-08-07	372.357085
2019-08-06	399.677392
2019-08-05	367.298889
2019-08-04	262.589046
2019-08-03	574.254801
2019-08-02	492.173487
2019-08-01	706.762331
2019-07-31	409.461195
2019-07-30	380.940768
2019-07-29	348.035384
2019-07-28	261.507478
2019-07-27	335.070288
2019-07-26	360.854794
2019-07-25	726.772894
2019-07-24	736.252412
2019-07-23	347.10145
2019-07-22	318.683401
2019-07-21	273.519756
2019-07-20	287.871159
2019-07-19	598.178412
2019-07-18	378.33595
2019-07-17	740.726375
2019-07-16	1016.43091
2019-07-15	497.647511
2019-07-14	405.898061
2019-07-13	310.646839
2019-07-12	422.040523
2019-07-11	731.771199
2019-07-10	375.450974
2019-07-09	442.101563
2019-07-08	533.539068
2019-07-07	292.500518
2019-07-06	458.957923
2019-07-05	520.894479
2019-07-04	378.309812
2019-07-03	417.480016
2019-07-02	586.40662
2019-07-01	783.261354
2019-06-30	471.733302
2019-06-29	480.848501
2019-06-28	752.316175
2019-06-27	773.847825
2019-06-26	703.805023
2019-06-25	720.566889
2019-06-24	479.551356
2019-06-23	402.14293
2019-06-22	383.761417
2019-06-21	409.16289
2019-06-20	777.395717
2019-06-19	568.027639
2019-06-18	486.262834
2019-06-17	720.796945
2019-06-16	387.64744
2019-06-15	650.059711
2019-06-14	509.056145
2019-06-13	393.640418
2019-06-12	387.462396
2019-06-11	597.194272
2019-06-10	767.522841
2019-06-09	350.745639
2019-06-08	722.150219
2019-06-07	453.830995
2019-06-06	489.340277
2019-06-05	517.528172
2019-06-04	538.360869
2019-06-03	530.903657
2019-06-02	421.116952
2019-06-01	597.692902
2019-05-31	621.670157
2019-05-30	693.34296
2019-05-29	665.45147
2019-05-28	598.339885
2019-05-27	616.238235
2019-05-26	359.586246
2019-05-25	444.60412
2019-05-24	596.560455
2019-05-23	552.521722
2019-05-22	640.879756
2019-05-21	465.35781
2019-05-20	567.687032
2019-05-19	481.723833
2019-05-18	557.079293
2019-05-17	740.510659
2019-05-16	907.41508
2019-05-15	661.2842
2019-05-14	529.145569
2019-05-13	469.420815
2019-05-12	363.428942
2019-05-11	364.548832
2019-05-10	428.289673
2019-05-09	385.012316
2019-05-08	396.119252
2019-05-07	469.331553
2019-05-06	394.664475
2019-05-05	322.436434
2019-05-04	312.588271
2019-05-03	377.235369
2019-05-02	779.257987
2019-05-01	347.04912
2019-04-30	332.816972
2019-04-29	308.482305
2019-04-28	276.424986
2019-04-27	263.999823
2019-04-26	407.862071
2019-04-25	318.585454
2019-04-24	368.62265
2019-04-23	389.700714
2019-04-22	360.044817
2019-04-21	311.141005
2019-04-20	291.326613
2019-04-19	372.532129
2019-04-18	450.457669
2019-04-17	433.035932
2019-04-16	412.885719
2019-04-15	354.372094
2019-04-14	310.354656
2019-04-13	332.295175
2019-04-12	404.613992
2019-04-11	463.796052
2019-04-10	542.728767
2019-04-09	397.350785
2019-04-08	449.945245
2019-04-07	352.488614
2019-04-06	344.12375
2019-04-05	393.319036
2019-04-04	505.040703
2019-04-03	666.422049
2019-04-02	563.9392
2019-04-01	489.840583
2019-03-31	391.446841
2019-03-30	383.162137
2019-03-29	488.682082
2019-03-28	434.039074
2019-03-27	501.636086
2019-03-26	456.064756
2019-03-25	438.341074
2019-03-24	347.354485
2019-03-23	349.002557
2019-03-22	461.516869
2019-03-21	566.026478
2019-03-20	390.60527
2019-03-19	432.020126
2019-03-18	2581.240509
2019-03-17	310.67066
2019-03-16	273.071195
2019-03-15	331.674074
2019-03-14	322.992077
2019-03-13	347.070014
2019-03-12	356.544299
2019-03-11	349.931231
2019-03-10	314.318252
2019-03-09	361.402119
2019-03-08	406.061048
2019-03-07	411.223762
2019-03-06	414.372122
2019-03-05	429.962433
2019-03-04	428.588539
2019-03-03	331.573277
2019-03-02	357.899073
2019-03-01	392.654013
2019-02-28	545.141762
2019-02-27	477.562144
2019-02-26	525.221598
2019-02-25	523.629388
2019-02-24	465.383188
2019-02-23	385.480492
2019-02-22	426.472235
2019-02-21	449.925098
2019-02-20	465.034301
2019-02-19	4475.319097
2019-02-18	491.581845
2019-02-17	358.45577
2019-02-16	360.428548
2019-02-15	408.342429
2019-02-14	395.493346
2019-02-13	356.530882
2019-02-12	316.690456
2019-02-11	321.220211
2019-02-10	274.093902
2019-02-09	292.29338
2019-02-08	327.477084
2019-02-07	302.80648
2019-02-06	283.658211
2019-02-05	269.822521
2019-02-04	266.902416
2019-02-03	253.716463
2019-02-02	286.886085
2019-02-01	358.558441
2019-01-31	390.385914
2019-01-30	351.008389
2019-01-29	328.592828
2019-01-28	373.145073
2019-01-27	270.240949
2019-01-26	272.380802
2019-01-25	324.854363
2019-01-24	355.08255
2019-01-23	344.272989
2019-01-22	486.430934
2019-01-21	355.567771
2019-01-20	307.155159
2019-01-19	331.1484
2019-01-18	369.655289
2019-01-17	329.717909
2019-01-16	432.116691
2019-01-15	422.730695
2019-01-14	507.872339
2019-01-13	266.11348
2019-01-12	247.106866
2019-01-11	331.239542
2019-01-10	365.211038
2019-01-09	299.297944
2019-01-08	312.987855
2019-01-07	336.386276
2019-01-06	299.719299
2019-01-05	494.482682
2019-01-04	360.324446
2019-01-03	328.042378
2019-01-02	346.532897
2019-01-01	302.739537
2018-12-31	332.253314
2018-12-30	565.477701
2018-12-29	321.054115
2018-12-28	363.677405
2018-12-27	339.147495
2018-12-26	507.345487
2018-12-25	439.259912
2018-12-24	440.5975
2018-12-23	362.013364
2018-12-22	325.711436
2018-12-21	425.336554
2018-12-20	445.506844
2018-12-19	449.879209
2018-12-18	662.092735
2018-12-17	392.573942
2018-12-16	308.824911
2018-12-15	338.956378
2018-12-14	588.27786
2018-12-13	437.247037
2018-12-12	368.94592
2018-12-11	384.964808
2018-12-10	403.892043
2018-12-09	340.654196
2018-12-08	351.117629
2018-12-07	491.705947
2018-12-06	504.219768
2018-12-05	651.568036
2018-12-04	608.995688
2018-12-03	599.645065
2018-12-02	514.389211
2018-12-01	585.918402
2018-11-30	889.632678
2018-11-29	736.857421
2018-11-28	644.561058
2018-11-27	484.297116
2018-11-26	520.842837
2018-11-25	529.533094
2018-11-24	460.695684
2018-11-23	527.504608
2018-11-22	501.970613
2018-11-21	526.89181
2018-11-20	650.570175
2018-11-19	632.835654
2018-11-18	459.693128
2018-11-17	408.434086
2018-11-16	543.543242
2018-11-15	628.564345
2018-11-14	578.049842
2018-11-13	477.617246
2018-11-12	443.35355
2018-11-11	276.610297
2018-11-10	298.407836
2018-11-09	411.388152
2018-11-08	547.588247
2018-11-07	467.816806
2018-11-06	508.602118
2018-11-05	503.192427
2018-11-04	353.364413
2018-11-03	396.984333
2018-11-02	443.731385
2018-11-01	406.72833
2018-10-31	423.39156
2018-10-30	422.831718
2018-10-29	427.227664
2018-10-28	332.81987
2018-10-27	352.777078
2018-10-26	480.749731
2018-10-25	543.008039
2018-10-24	470.944435
2018-10-23	407.2414
2018-10-22	399.544008
2018-10-21	331.528022
2018-10-20	365.682894
2018-10-19	414.567745
2018-10-18	362.986377
2018-10-17	382.899377
2018-10-16	351.755168
2018-10-15	409.714492
2018-10-14	295.784466
2018-10-13	341.114582
2018-10-12	617.706521
2018-10-11	471.926909
2018-10-10	447.940965
2018-10-09	387.495837
2018-10-08	431.496703
2018-10-07	314.187829
2018-10-06	290.769199
2018-10-05	429.831402
2018-10-04	441.227547
2018-10-03	444.725782
2018-10-02	646.265081
2018-10-01	611.806879
2018-09-30	522.137411
2018-09-29	662.158329
2018-09-28	620.865649
2018-09-27	569.997043
2018-09-26	535.126298
2018-09-25	514.749182
2018-09-24	679.386813
2018-09-23	370.298072
2018-09-22	419.376993
2018-09-21	680.152692
2018-09-20	494.757312
2018-09-19	698.459808
2018-09-18	543.078626
2018-09-17	442.143632
2018-09-16	370.196807
2018-09-15	385.383483
2018-09-14	392.433138
2018-09-13	535.655261
2018-09-12	519.583146
2018-09-11	512.254528
2018-09-10	448.309581
2018-09-09	433.078937
2018-09-08	404.495484
2018-09-07	506.599508
2018-09-06	511.158838
2018-09-05	362.38021
2018-09-04	459.978457
2018-09-03	372.263742
2018-09-02	332.101884
2018-09-01	360.563523
2018-08-31	447.892056
2018-08-30	441.391249
2018-08-29	530.744662
2018-08-28	380.620382
2018-08-27	376.453586
2018-08-26	950.622764
2018-08-25	333.520517
2018-08-24	1055.963557
2018-08-23	599.908998
2018-08-22	891.346476
2018-08-21	377.618559
2018-08-20	406.410219
2018-08-19	394.17871
2018-08-18	441.953223
2018-08-17	1935.163008
2018-08-16	524.785201
2018-08-15	590.09259
2018-08-14	599.407782
2018-08-13	526.721997
2018-08-12	362.47778
2018-08-11	507.308149
2018-08-10	1520.599826
2018-08-09	2484.608659
2018-08-08	2878.016385
2018-08-07	1344.326975
2018-08-06	426.67888
2018-08-05	262.742229
2018-08-04	401.410556
2018-08-03	344.035547
2018-08-02	333.957457
2018-08-01	747.822723
2018-07-31	355.722348
2018-07-30	343.232712
2018-07-29	303.759406
2018-07-28	512.539594
2018-07-27	363.146119
2018-07-26	390.9988
2018-07-25	443.459507
2018-07-24	475.622972
2018-07-23	558.459657
2018-07-22	367.829168
2018-07-21	591.209762
2018-07-20	558.219142
2018-07-19	431.950071
2018-07-18	478.470516
2018-07-17	506.768491
2018-07-16	583.14451
2018-07-15	3561.566983
2018-07-14	2932.261846
2018-07-13	1531.902623
2018-07-12	1363.060301
2018-07-11	838.937529
2018-07-10	734.239112
2018-07-09	1096.827246
2018-07-08	1382.161999
2018-07-07	3015.040919
2018-07-06	3356.132066
2018-07-05	2561.443824
2018-07-04	2942.86512
2018-07-03	4020.762462
2018-07-02	5862.526226
2018-07-01	3237.253063
2018-06-30	1998.55679
2018-06-29	392.302217
2018-06-28	370.161263
2018-06-27	388.472118
2018-06-26	388.528456
2018-06-25	527.396861
2018-06-24	514.962924
2018-06-23	347.143283
2018-06-22	882.173227
2018-06-21	416.030269
2018-06-20	437.737408
2018-06-19	465.793926
2018-06-18	331.45337
2018-06-17	310.673913
2018-06-16	575.569881
2018-06-15	601.608319
2018-06-14	523.192811
2018-06-13	486.765094
2018-06-12	466.833374
2018-06-11	473.357638
2018-06-10	439.124773
2018-06-09	439.160061
2018-06-08	547.89083
2018-06-07	631.629547
2018-06-06	809.118513
2018-06-05	634.673306
2018-06-04	738.620974
2018-06-03	590.894602
2018-06-02	602.951399
2018-06-01	875.763462
2018-05-31	1073.93136
2018-05-30	867.28435
2018-05-29	825.680264
2018-05-28	862.659407
2018-05-27	546.718706
2018-05-26	596.384804
2018-05-25	688.278233
2018-05-24	718.821398
2018-05-23	780.870327
2018-05-22	769.998111
2018-05-21	683.188825
2018-05-20	604.615807
2018-05-19	663.303938
2018-05-18	747.660402
2018-05-17	790.210562
2018-05-16	718.12605
2018-05-15	673.498367
2018-05-14	667.493523
2018-05-13	522.063871
2018-05-12	498.479458
2018-05-11	721.751162
2018-05-10	737.346626
2018-05-09	522.481471
2018-05-08	496.310278
2018-05-07	443.728234
2018-05-06	383.374429
2018-05-05	428.660254
2018-05-04	545.712358
2018-05-03	569.749608
2018-05-02	476.351338
2018-05-01	444.819094
2018-04-30	566.570332
2018-04-29	546.699468
2018-04-28	518.979361
2018-04-27	486.78028
2018-04-26	463.462969
2018-04-25	455.279846
2018-04-24	478.509637
2018-04-23	390.663518
2018-04-22	357.656973
2018-04-21	347.810313
2018-04-20	445.012555
2018-04-19	445.072975
2018-04-18	421.581472
2018-04-17	359.839166
2018-04-16	333.970775
2018-04-15	293.300031
2018-04-14	317.0223
2018-04-13	442.27252
2018-04-12	378.87659
2018-04-11	326.021987
2018-04-10	292.820209
2018-04-09	307.43839
2018-04-08	282.433505
2018-04-07	242.705024
2018-04-06	352.355027
2018-04-05	488.359097
2018-04-04	283.251215
2018-04-03	332.168332
2018-04-02	308.536535
2018-04-01	250.986522
2018-03-31	281.16332
2018-03-30	353.292966
2018-03-29	388.418604
2018-03-28	367.473353
2018-03-27	360.733891
2018-03-26	434.589111
2018-03-25	333.965328
2018-03-24	380.876658
2018-03-23	450.096131
2018-03-22	426.379987
2018-03-21	442.72638
2018-03-20	379.918837
2018-03-19	377.05389
2018-03-18	363.787779
2018-03-17	312.26906
2018-03-16	420.405332
2018-03-15	393.576584
2018-03-14	421.588644
2018-03-13	391.731499
2018-03-12	513.422
2018-03-11	361.572811
2018-03-10	397.480635
2018-03-09	500.781517
2018-03-08	540.633567
2018-03-07	610.123386
2018-03-06	516.093939
2018-03-05	633.967897
2018-03-04	553.921798
2018-03-03	508.960376
2018-03-02	734.40968
2018-03-01	571.259398
2018-02-28	749.088778
2018-02-27	564.395121
2018-02-26	546.312002
2018-02-25	548.954074
2018-02-24	626.790309
2018-02-23	626.411386
2018-02-22	614.720012
2018-02-21	741.308288
2018-02-20	745.416964
2018-02-19	656.17926
2018-02-18	766.145048
2018-02-17	678.768793
2018-02-16	601.582135
2018-02-15	634.597079
2018-02-14	642.0372
2018-02-13	631.470109
2018-02-12	642.814524
2018-02-11	646.192856
2018-02-10	761.995778
2018-02-09	702.094308
2018-02-08	654.747657
2018-02-07	850.591811
2018-02-06	925.671716
2018-02-05	873.209994
2018-02-04	844.771117
2018-02-03	887.37818
2018-02-02	1202.446582
2018-02-01	1550.754475
2018-01-31	1068.648285
2018-01-30	1062.581045
2018-01-29	1275.091189
2018-01-28	887.823405
2018-01-27	816.46398
2018-01-26	958.758911
2018-01-25	1058.460298
2018-01-24	1292.593055
2018-01-23	1439.10428
2018-01-22	1196.762657
2018-01-21	1323.960385
2018-01-20	1776.83102
2018-01-19	1866.326524
2018-01-18	2153.066739
2018-01-17	2069.225744
2018-01-16	2229.81191
2018-01-15	2227.026798
2018-01-14	2236.838276
2018-01-13	2411.655583
2018-01-12	2324.709276
2018-01-11	3132.478755
2018-01-10	3696.646402
2018-01-09	3091.626897
2018-01-08	2944.30486
2018-01-07	2910.38204
2018-01-06	3641.860338
2018-01-05	3180.85648
2018-01-04	1483.652749
2018-01-03	1240.294973
2018-01-02	1053.030166
2018-01-01	768.440906
2017-12-31	871.221522
2017-12-30	972.74476
2017-12-29	1007.437081
2017-12-28	832.962896
2017-12-27	826.181805
2017-12-26	743.062866
2017-12-25	756.767675
2017-12-24	1024.10605
2017-12-23	1207.05967
2017-12-22	1640.148074
2017-12-21	1760.206791
2017-12-20	1731.489837
2017-12-19	1487.482223
2017-12-18	1161.928902
2017-12-17	1172.634386
2017-12-16	1468.251251
2017-12-15	1455.136989
2017-12-14	1714.108153
2017-12-13	1445.2853
2017-12-12	1559.061195
2017-12-11	1531.823684
2017-12-10	1918.268035
2017-12-09	2126.409908
2017-12-08	2315.319813
2017-12-07	2239.289048
2017-12-06	1540.650625
2017-12-05	1183.244509
2017-12-04	804.106265
2017-12-03	407.152401
2017-12-02	344.504597
2017-12-01	416.073298
2017-11-30	423.152742
2017-11-29	444.283457
2017-11-28	423.203743
2017-11-27	369.147154
2017-11-26	355.108568
2017-11-25	289.454952
2017-11-24	312.00308
2017-11-23	363.134861
2017-11-22	365.489234
2017-11-21	363.885755
2017-11-20	371.508144
2017-11-19	282.287108
2017-11-18	255.609621
2017-11-17	373.486764
2017-11-16	353.507083
2017-11-15	412.66255
2017-11-14	335.979527
2017-11-13	309.385435
2017-11-12	297.799562
2017-11-11	232.953762
2017-11-10	291.688739
2017-11-09	324.913775
2017-11-08	379.928854
2017-11-07	315.044498
2017-11-06	268.798304
2017-11-05	199.749041
2017-11-04	212.077525
2017-11-03	278.695734
2017-11-02	373.864832
2017-11-01	370.465695
2017-10-31	330.604031
2017-10-30	295.610197
2017-10-29	242.546693
2017-10-28	241.167628
2017-10-27	297.455544
2017-10-26	275.041131
2017-10-25	290.665882
2017-10-24	357.095144
2017-10-23	269.725566
2017-10-22	196.134801
2017-10-21	230.098011
2017-10-20	491.672418
2017-10-19	283.929625
2017-10-18	299.370945
2017-10-17	322.847244
2017-10-16	337.116475
2017-10-15	386.38893
2017-10-14	398.049614
2017-10-13	474.904048
2017-10-12	421.957034
2017-10-11	938.415101
2017-10-10	417.793498
2017-10-09	379.844762
2017-10-08	357.3478
2017-10-07	316.276345
2017-10-06	437.255331
2017-10-05	418.983078
2017-10-04	385.387152
2017-10-03	381.246396
2017-10-02	356.930579
2017-10-01	358.613329
2017-09-30	371.957481
2017-09-29	330.886158
2017-09-28	370.160472
2017-09-27	422.710363
2017-09-26	385.775179
2017-09-25	383.148272
2017-09-24	440.089694
2017-09-23	315.524339
2017-09-22	306.112519
2017-09-21	325.903199
2017-09-20	656.83464
2017-09-19	385.073423
2017-09-18	403.163138
2017-09-17	371.183068
2017-09-16	660.859549
2017-09-15	636.971537
2017-09-14	408.76833
2017-09-13	463.058658
2017-09-12	519.977466
2017-09-11	393.332823
2017-09-10	413.297569
2017-09-09	441.03512
2017-09-08	758.749007
2017-09-07	734.239584
2017-09-06	770.277419
2017-09-05	615.809001
2017-09-04	487.767496
2017-09-03	296.684544
2017-09-02	613.662116
2017-09-01	515.416187
2017-08-31	737.552601
2017-08-30	433.380111
2017-08-29	516.170616
2017-08-28	323.120549
2017-08-27	275.33544
2017-08-26	297.916683
2017-08-25	310.136759
2017-08-24	322.859895
2017-08-23	315.881361
2017-08-22	325.350122
2017-08-21	329.868824
2017-08-20	293.147791
2017-08-19	471.918343
2017-08-18	1018.695225
2017-08-17	690.546642
2017-08-16	1168.463266
2017-08-15	383.745249
2017-08-14	345.515738
2017-08-13	304.640583
2017-08-12	344.986096
2017-08-11	354.162104
2017-08-10	313.147658
2017-08-09	268.527475
2017-08-08	339.08382
2017-08-07	323.349087
2017-08-06	244.978437
2017-08-05	236.076709
2017-08-04	220.028358
2017-08-03	236.502809
2017-08-02	236.995422
2017-08-01	263.599402
2017-07-31	231.201084
2017-07-30	208.036715
2017-07-29	204.174935
2017-07-28	281.98229
2017-07-27	263.944245
2017-07-26	294.383921
2017-07-25	355.486138
2017-07-24	309.440275
2017-07-23	288.493998
2017-07-22	224.825603
2017-07-21	309.641557
2017-07-20	256.13319
2017-07-19	324.83875
2017-07-18	423.677943
2017-07-17	281.509048
2017-07-16	276.731321
2017-07-15	288.040627
2017-07-14	275.880609
2017-07-13	327.42188
2017-07-12	330.334229
2017-07-11	287.290319
2017-07-10	261.598673
2017-07-09	256.112817
2017-07-08	360.274207
2017-07-07	356.293807
2017-07-06	304.771433
2017-07-05	409.090971
2017-07-04	377.047005
2017-07-03	425.920316
2017-07-02	317.468244
2017-07-01	315.744643
2017-06-30	352.344502
2017-06-29	466.282394
2017-06-28	773.236092
2017-06-27	332.032513
2017-06-26	875.310976
2017-06-25	411.72149
2017-06-24	640.185605
2017-06-23	469.92945
2017-06-22	684.943046
2017-06-21	913.388219
2017-06-20	720.031463
2017-06-19	283.021106
2017-06-18	251.8969
2017-06-17	238.660364
2017-06-16	257.508487
2017-06-15	279.620592
2017-06-14	254.758374
2017-06-13	294.642099
2017-06-12	512.809391
2017-06-11	313.87761
2017-06-10	214.559641
2017-06-09	250.508481
2017-06-08	239.51528
2017-06-07	277.963469
2017-06-06	265.075763
2017-06-05	219.924347
2017-06-04	255.713871
2017-06-03	228.134696
2017-06-02	291.597841
2017-06-01	253.293471
2017-05-31	634.072177
2017-05-30	319.925872
2017-05-29	192.624558
2017-05-28	192.525514
2017-05-27	182.12726
2017-05-26	206.055826
2017-05-25	218.689885
2017-05-24	272.090679
2017-05-23	253.728642
2017-05-22	182.63242
2017-05-21	160.523137
2017-05-20	155.57977
2017-05-19	173.985855
2017-05-18	158.498593
2017-05-17	220.219437
2017-05-16	137.143768
2017-05-15	132.123399
2017-05-14	106.379137
2017-05-13	106.923588
2017-05-12	109.060374
2017-05-11	109.39338
2017-05-10	104.904537
2017-05-09	106.666628
2017-05-08	95.605964
2017-05-07	105.733506
2017-05-06	84.364146
2017-05-05	84.353306
2017-05-04	92.43034
2017-05-03	77.313506
2017-05-02	112.734603
2017-05-01	105.538214
2017-04-30	78.95863
2017-04-29	70.202686
2017-04-28	79.205968
2017-04-27	87.312691
2017-04-26	74.789724
2017-04-25	78.574205
2017-04-24	72.979824
2017-04-23	65.089202
2017-04-22	74.920144
2017-04-21	92.197365
2017-04-20	71.792774
2017-04-19	78.396485
2017-04-18	73.744782
2017-04-17	60.473297
2017-04-16	55.117695
2017-04-15	57.805251
2017-04-14	62.89644
2017-04-13	61.658463
2017-04-12	80.688959
2017-04-11	58.915272
2017-04-10	63.038608
2017-04-09	56.805679
2017-04-08	52.327124
2017-04-07	72.418988
2017-04-06	73.388623
2017-04-05	68.312686
2017-04-04	64.97985
2017-04-03	74.784458
2017-04-02	66.267082
2017-04-01	57.222881
2017-03-31	77.400677
2017-03-30	71.105132
2017-03-29	69.324984
2017-03-28	63.882073
2017-03-27	77.739246
2017-03-26	58.104729
2017-03-25	58.092453
2017-03-24	73.289018
2017-03-23	60.999082
2017-03-22	60.19647
2017-03-21	64.218719
2017-03-20	56.949212
2017-03-19	57.00351
2017-03-18	60.519845
2017-03-17	88.966203
2017-03-16	85.398886
2017-03-15	64.30799
2017-03-14	74.822606
2017-03-13	76.36275
2017-03-12	48.529027
2017-03-11	47.961429
2017-03-10	55.572756
2017-03-09	49.768597
2017-03-08	40.317484
2017-03-07	43.802709
2017-03-06	41.351692
2017-03-05	43.438703
2017-03-04	42.519421
2017-03-03	46.403123
2017-03-02	54.862694
2017-03-01	54.942972
2017-02-28	50.962691
2017-02-27	45.027386
2017-02-26	39.379004
2017-02-25	44.662422
2017-02-24	41.339238
2017-02-23	43.352493
2017-02-22	50.954348
2017-02-21	54.86548
2017-02-20	41.034468
2017-02-19	36.312674
2017-02-18	44.652699
2017-02-17	38.846674
2017-02-16	39.21124
2017-02-15	90.527761
2017-02-14	49.832184
2017-02-13	61.463154
2017-02-12	40.336777
2017-02-11	38.495933
2017-02-10	46.219404
2017-02-09	40.681622
2017-02-08	43.713742
2017-02-07	46.068715
2017-02-06	35.865614
2017-02-05	34.840821
2017-02-04	32.971662
2017-02-03	34.059355
2017-02-02	35.459397
2017-02-01	38.115541
2017-01-31	32.009038
2017-01-30	32.792538
2017-01-29	30.618546
2017-01-28	33.345009
2017-01-27	35.349429
2017-01-26	36.459948
2017-01-25	37.756706
2017-01-24	41.16426
2017-01-23	35.018861
2017-01-22	35.768656
2017-01-21	30.663927
2017-01-20	33.64778
2017-01-19	31.295282
2017-01-18	33.984214
2017-01-17	39.42237
2017-01-16	32.523713
2017-01-15	29.981494
2017-01-14	28.739323
2017-01-13	35.782732
2017-01-12	37.083061
2017-01-11	34.634134
2017-01-10	38.709404
2017-01-09	35.91917
2017-01-08	33.024228
2017-01-07	30.184494
2017-01-06	31.319076
2017-01-05	34.857578
2017-01-04	39.504583
2017-01-03	40.245343
2017-01-02	28.118341
2017-01-01	25.262225
2016-12-31	28.598801
2016-12-30	44.810911
2016-12-29	40.700293
2016-12-28	31.575304
2016-12-27	36.398135
2016-12-26	23.120413
2016-12-25	24.217902
2016-12-24	25.817525
2016-12-23	29.673669
2016-12-22	38.844406
2016-12-21	54.747365
2016-12-20	43.901597
2016-12-19	36.451358
2016-12-18	27.723247
2016-12-17	32.801701
2016-12-16	30.594388
2016-12-15	34.427868
2016-12-14	34.886653
2016-12-13	30.964451
2016-12-12	31.236666
2016-12-11	36.802825
2016-12-10	29.027316
2016-12-09	31.427945
2016-12-08	792.48898
2016-12-07	34.986831
2016-12-06	34.72419
2016-12-05	31.260228
2016-12-04	26.259068
2016-12-03	25.910085
2016-12-02	28.081757
2016-12-01	27.223137
2016-11-30	35.31984
2016-11-29	101.589445
2016-11-28	122.219276
2016-11-27	114.91605
2016-11-26	72.598881
2016-11-25	59.809748
2016-11-24	58.893292
2016-11-23	82.229078
2016-11-22	38.094846
2016-11-21	35.251512
2016-11-20	32.596469
2016-11-19	27.900217
2016-11-18	34.701169
2016-11-17	30.4288
2016-11-16	34.92424
2016-11-15	37.027398
2016-11-14	38.314563
2016-11-13	33.926471
2016-11-12	30.717758
2016-11-11	44.235782
2016-11-10	35.377436
2016-11-09	34.985426
2016-11-08	31.468343
2016-11-07	29.029823
2016-11-06	23.282719
2016-11-05	24.598064
2016-11-04	21.701364
2016-11-03	29.70314
2016-11-02	29.197536
2016-11-01	41.192686
2016-10-31	33.414826
2016-10-30	30.591478
2016-10-29	31.122482
2016-10-28	35.892081
2016-10-27	33.344291
2016-10-26	35.289185
2016-10-25	43.196156
2016-10-24	48.59063
2016-10-23	26.363037
2016-10-22	27.659673
2016-10-21	41.964567
2016-10-20	54.944966
2016-10-19	92.764122
2016-10-18	96.863275
2016-10-17	71.539503
2016-10-16	66.9971
2016-10-15	69.082723
2016-10-14	75.24662
2016-10-13	112.658501
2016-10-12	44.186463
2016-10-11	39.198655
2016-10-10	54.63669
2016-10-09	60.02357
2016-10-08	56.380562
2016-10-07	53.56977
2016-10-06	50.258109
2016-10-05	64.165744
2016-10-04	85.367793
2016-10-03	65.927533
2016-10-02	87.475217
2016-10-01	91.3895
2016-09-30	40.259027
2016-09-29	41.279258
2016-09-28	68.132691
2016-09-27	98.540752
2016-09-26	115.639206
2016-09-25	67.140201
2016-09-24	71.029475
2016-09-23	49.030931
2016-09-22	63.146132
2016-09-21	30.172186
2016-09-20	32.825568
2016-09-19	27.617378
2016-09-18	29.645262
2016-09-17	35.281318
2016-09-16	46.932014
2016-09-15	36.226955
2016-09-14	36.299359
2016-09-13	30.392172
2016-09-12	35.029999
2016-09-11	28.548046
2016-09-10	27.407063
2016-09-09	41.896879
2016-09-08	41.20654
2016-09-07	34.199424
2016-09-06	33.380267
2016-09-05	28.628867
2016-09-04	49.336068
2016-09-03	27.18075
2016-09-02	45.229878
2016-09-01	31.743656
2016-08-31	29.997664
2016-08-30	32.246377
2016-08-29	29.406897
2016-08-28	25.727257
2016-08-27	28.579939
2016-08-26	31.575936
2016-08-25	32.482904
2016-08-24	30.003259
2016-08-23	72.118571
2016-08-22	29.909456
2016-08-21	29.017442
2016-08-20	26.607695
2016-08-19	29.832359
2016-08-18	36.061491
2016-08-17	28.701739
2016-08-16	31.164285
2016-08-15	27.155156
2016-08-14	24.198119
2016-08-13	25.077814
2016-08-12	30.199867
2016-08-11	32.086722
2016-08-10	33.422242
2016-08-09	31.47682
2016-08-08	53.896575
2016-08-07	27.696032
2016-08-06	26.054509
2016-08-05	29.404613
2016-08-04	32.4119
2016-08-03	33.026036
2016-08-02	33.964004
2016-08-01	30.441802
2016-07-31	30.371511
2016-07-30	29.990469
2016-07-29	45.682048
2016-07-28	63.951262
2016-07-27	38.240126
2016-07-26	45.488885
2016-07-25	39.430338
2016-07-24	37.346353
2016-07-23	33.056305
2016-07-22	37.417848
2016-07-21	34.210521
2016-07-20	75.585688
2016-07-19	29.217899
2016-07-18	25.653265
2016-07-17	19.647012
2016-07-16	23.88086
2016-07-15	29.14697
2016-07-14	32.409642
2016-07-13	24.74975
2016-07-12	32.638639
2016-07-11	28.548693
2016-07-10	27.646054
2016-07-09	49.114685
2016-07-08	39.347484
2016-07-07	26.6133
2016-07-06	29.692077
2016-07-05	30.158882
2016-07-04	26.772881
2016-07-03	30.726877
2016-07-02	24.375606
2016-07-01	45.454096
2016-06-30	87.887411
2016-06-29	56.856452
2016-06-28	32.100178
2016-06-27	27.658057
2016-06-26	27.467986
2016-06-25	28.301648
2016-06-24	39.426748
2016-06-23	31.97827
2016-06-22	51.445064
2016-06-21	82.844435
2016-06-20	51.767218
2016-06-19	54.127485
2016-06-18	271.194911
2016-06-17	229.306004
2016-06-16	40.815292
2016-06-15	30.456376
2016-06-14	38.469211
2016-06-13	36.906453
2016-06-12	29.164101
2016-06-11	27.22463
2016-06-10	28.896512
2016-06-09	28.894767
2016-06-08	28.430812
2016-06-07	67.482112
2016-06-06	25.866186
2016-06-05	23.838806
2016-06-04	24.383533
2016-06-03	25.24009
2016-06-02	25.860107
2016-06-01	31.200754
2016-05-31	31.154238
2016-05-30	31.855747
2016-05-29	38.788723
2016-05-28	80.972786
2016-05-27	37.995661
2016-05-26	35.558396
2016-05-25	32.733418
2016-05-24	28.595807
2016-05-23	29.634409
2016-05-22	28.876089
2016-05-21	35.799931
2016-05-20	38.027969
2016-05-19	33.144675
2016-05-18	35.070045
2016-05-17	28.466737
2016-05-16	27.59844
2016-05-15	31.305207
2016-05-14	35.451335
2016-05-13	43.190878
2016-05-12	39.26254
2016-05-11	31.626826
2016-05-10	27.70145
2016-05-09	26.341934
2016-05-08	28.900901
2016-05-07	24.227823
2016-05-06	35.174889
2016-05-05	31.134811
2016-05-04	27.322747
2016-05-03	26.84099
2016-05-02	27.427867
2016-05-01	36.700669
2016-04-30	32.152456
2016-04-29	23.435253
2016-04-28	22.638624
2016-04-27	20.450153
2016-04-26	21.659383
2016-04-25	23.862166
2016-04-24	22.486015
2016-04-23	19.513945
2016-04-22	20.57608
2016-04-21	30.380826
2016-04-20	23.848411
2016-04-19	19.104946
2016-04-18	20.099188
2016-04-17	30.208194
2016-04-16	17.224483
2016-04-15	23.378874
2016-04-14	31.728572
2016-04-13	32.967124
2016-04-12	22.906012
2016-04-11	18.656503
2016-04-10	19.447013
2016-04-09	19.99806
2016-04-08	25.167538
2016-04-07	21.412719
2016-04-06	21.679133
2016-04-05	28.606927
2016-04-04	24.869416
2016-04-03	17.936873
2016-04-02	18.065664
2016-04-01	24.23741
2016-03-31	25.021663
2016-03-30	37.377481
2016-03-29	23.91279
2016-03-28	26.382126
2016-03-27	19.209908
2016-03-26	35.056421
2016-03-25	40.354892
2016-03-24	41.409783
2016-03-23	32.658298
2016-03-22	26.139489
2016-03-21	32.462389
2016-03-20	35.728854
2016-03-19	44.28538
2016-03-18	27.432689
2016-03-17	31.668098
2016-03-16	23.872786
2016-03-15	24.012965
2016-03-14	27.788709
2016-03-13	25.641715
2016-03-12	24.293925
2016-03-11	19.247905
2016-03-10	20.346662
2016-03-09	26.064171
2016-03-08	33.347884
2016-03-07	30.377258
2016-03-06	37.692123
2016-03-05	33.898153
2016-03-04	33.96318
2016-03-03	35.332731
2016-03-02	39.078763
2016-03-01	33.95084
2016-02-29	32.94419
2016-02-28	29.358721
2016-02-27	28.374745
2016-02-26	50.86164
2016-02-25	31.612843
2016-02-24	52.032071
2016-02-23	94.164366
2016-02-22	32.549111
2016-02-21	28.14068
2016-02-20	26.791645
2016-02-19	37.036003
2016-02-18	29.269923
2016-02-17	41.019394
2016-02-16	33.294521
2016-02-15	30.725343
2016-02-14	27.773044
2016-02-13	36.118586
2016-02-12	33.065545
2016-02-11	46.523547
2016-02-10	58.884244
2016-02-09	50.166925
2016-02-08	37.812427
2016-02-07	53.120734
2016-02-06	240.782836
2016-02-05	38.974371
2016-02-04	32.717502
2016-02-03	27.729175
2016-02-02	29.462928
2016-02-01	32.539227
2016-01-31	33.883769
2016-01-30	35.429282
2016-01-29	37.410343
2016-01-28	41.356011
2016-01-27	56.860147
2016-01-26	37.898058
2016-01-25	40.191243
2016-01-24	23.730883
2016-01-23	17.432803
2016-01-22	31.181325
2016-01-21	20.295976
2016-01-20	19.013492
2016-01-19	35.576958
2016-01-18	30.91881
2016-01-17	17.039702
2016-01-16	22.650257
2016-01-15	23.160124
2016-01-14	26.776176
2016-01-13	60.312609
2016-01-12	25.630722
2016-01-11	25.513565
2016-01-10	26.326053
2016-01-09	39.300518
2016-01-08	26.049508
2016-01-07	65.506548
2016-01-06	66.533918
2016-01-05	60.356445
2016-01-04	21.310432
2016-01-03	19.448317
2016-01-02	19.359791
2016-01-01	15.650895
2015-12-31	25.067325
2015-12-30	76.132284
2015-12-29	33.189211
2015-12-28	36.400491
2015-12-27	86.634345
2015-12-26	31.296185
2015-12-25	26.594059
2015-12-24	45.754638
2015-12-23	81.425991
2015-12-22	59.162526
2015-12-21	39.119194
2015-12-20	34.42717
2015-12-19	28.516231
2015-12-18	32.181421
2015-12-17	32.401075
2015-12-16	44.216782
2015-12-15	114.407858
2015-12-14	74.65244
2015-12-13	18.73211
2015-12-12	23.123143
2015-12-11	16.852444
2015-12-10	11.340935
2015-12-09	10.136989
2015-12-08	9.146201
2015-12-07	9.642772
2015-12-06	17.147404
2015-12-05	13.084825
2015-12-04	12.372342
2015-12-03	10.666078
2015-12-02	11.438123
2015-12-01	13.074389
2015-11-30	20.815752
2015-11-29	9.090792
2015-11-28	14.567131
2015-11-27	9.399193
2015-11-26	9.30701
2015-11-25	12.459631
2015-11-24	12.966491
2015-11-23	13.316085
2015-11-22	11.241715
2015-11-21	11.24491
2015-11-20	11.986899
2015-11-19	15.86394
2015-11-18	10.321475
2015-11-17	9.59683
2015-11-16	10.269636
2015-11-15	11.483974
2015-11-14	18.534034
2015-11-13	14.583302
2015-11-12	25.889101
2015-11-11	23.076791
2015-11-10	15.351193
2015-11-09	11.263103
2015-11-08	29.526879
2015-11-07	32.07992
2015-11-06	15.93627
2015-11-05	10.593891
2015-11-04	9.392857
2015-11-03	12.240351
2015-11-02	10.396014
2015-11-01	16.170261
2015-10-31	15.482426
2015-10-30	13.466322
2015-10-29	12.550752
2015-10-28	10.898697
2015-10-27	18.902898
2015-10-26	10.773267
2015-10-25	9.079512
2015-10-24	10.696638
2015-10-23	13.747941
2015-10-22	13.200505
2015-10-21	10.155858
2015-10-20	11.52702
2015-10-19	11.699219
2015-10-18	13.113013
2015-10-17	12.291462
2015-10-16	21.179447
2015-10-15	18.870344
2015-10-14	11.831999
2015-10-13	12.323249
2015-10-12	10.703807
2015-10-11	8.998795
2015-10-10	11.382812
2015-10-09	11.309218
2015-10-08	11.972933
2015-10-07	12.18299
2015-10-06	9.9953
2015-10-05	11.486774
2015-10-04	9.431926
2015-10-03	9.791648
2015-10-02	9.765297
2015-10-01	8.767949
2015-09-30	8.385327
2015-09-29	8.877328
2015-09-28	9.272347
2015-09-27	8.42387
2015-09-26	9.289146
2015-09-25	9.836595
2015-09-24	10.319506
2015-09-23	10.700267
2015-09-22	11.404145
2015-09-21	10.180742
2015-09-20	10.969645
2015-09-19	7.982204
2015-09-18	11.834821
2015-09-17	8.556524
2015-09-16	15.146617
2015-09-15	8.426997
2015-09-14	9.901548
2015-09-13	9.578726
2015-09-12	11.354833
2015-09-11	8.876728
2015-09-10	7.925807
2015-09-09	9.840601
2015-09-08	10.379926
2015-09-07	9.256422
2015-09-06	8.055488
2015-09-05	9.141228
2015-09-04	9.733856
2015-09-03	6.970026
2015-09-02	8.153735
2015-09-01	7.84377
2015-08-31	7.424534
2015-08-30	5.634174
2015-08-29	5.507452
2015-08-28	9.925148
2015-08-27	8.670963
2015-08-26	7.447729
2015-08-25	8.259756
2015-08-24	8.876285
2015-08-23	8.049768
2015-08-22	42.547172
2015-08-21	7.855042
2015-08-20	6.855567
2015-08-19	15.430951
2015-08-18	11.906071
2015-08-17	7.642812
2015-08-16	6.677238
2015-08-15	8.836593
2015-08-14	14.354834
2015-08-13	24.929169
2015-08-12	32.586992
2015-08-11	11.311449
2015-08-10	31.165144
2015-08-09	14.09895
2015-08-08	68.09997
2015-08-07	37.318414