date	average_transaction_value
2024-04-03	15.402222
2024-04-02	16.670258
2024-04-01	25.86282
2024-03-31	17.766045
2024-03-30	13.204402
2024-03-29	17.403729
2024-03-28	17.561572
2024-03-27	19.632428
2024-03-26	19.064199
2024-03-25	19.848665
2024-03-24	14.335573
2024-03-23	13.055515
2024-03-22	11.069468
2024-03-21	14.63559
2024-03-20	20.661541
2024-03-19	20.003598
2024-03-18	15.997312
2024-03-17	19.213558
2024-03-16	20.766422
2024-03-15	24.134947
2024-03-14	21.860295
2024-03-13	24.730129
2024-03-12	22.797224
2024-03-11	18.024356
2024-03-10	27.675182
2024-03-09	14.568985
2024-03-08	18.112591
2024-03-07	22.612393
2024-03-06	24.432665
2024-03-05	29.396593
2024-03-04	23.953439
2024-03-03	15.560464
2024-03-02	19.196154
2024-03-01	17.941947
2024-02-29	22.87649
2024-02-28	25.188155
2024-02-27	24.736105
2024-02-26	23.829039
2024-02-25	16.630853
2024-02-24	21.573704
2024-02-23	20.724628
2024-02-22	20.589891
2024-02-21	26.110492
2024-02-20	18.318616
2024-02-19	20.69326
2024-02-18	15.631582
2024-02-17	20.994707
2024-02-16	26.851241
2024-02-15	21.201911
2024-02-14	19.310093
2024-02-13	16.041616
2024-02-12	24.589628
2024-02-11	13.856649
2024-02-10	12.243375
2024-02-09	11.416012
2024-02-08	15.27438
2024-02-07	17.419658
2024-02-06	13.352131
2024-02-05	13.491247
2024-02-04	12.296454
2024-02-03	13.23171
2024-02-02	14.97961
2024-02-01	16.028232
2024-01-31	23.456352
2024-01-30	14.301921
2024-01-29	12.830794
2024-01-28	17.691694
2024-01-27	17.04028
2024-01-26	20.060268
2024-01-25	15.463376
2024-01-24	16.508922
2024-01-23	21.77614
2024-01-22	20.92564
2024-01-21	28.03953
2024-01-20	20.212013
2024-01-19	23.675029
2024-01-18	28.213026
2024-01-17	23.968371
2024-01-16	22.668043
2024-01-15	26.047529
2024-01-14	16.548483
2024-01-13	20.13741
2024-01-12	30.263397
2024-01-11	42.135459
2024-01-10	29.575417
2024-01-09	23.871458
2024-01-08	36.936087
2024-01-07	27.346319
2024-01-06	16.207373
2024-01-05	21.882013
2024-01-04	31.930548
2024-01-03	44.893941
2024-01-02	27.037495
2024-01-01	19.55497
2023-12-31	38.924827
2023-12-30	17.46071
2023-12-29	26.194347
2023-12-28	26.557802
2023-12-27	47.437766
2023-12-26	49.005773
2023-12-25	23.030715
2023-12-24	22.51918
2023-12-23	16.818204
2023-12-22	21.90532
2023-12-21	18.150281
2023-12-20	17.644375
2023-12-19	30.693954
2023-12-18	40.123598
2023-12-17	22.0379
2023-12-16	15.27699
2023-12-15	10.579149
2023-12-14	12.806883
2023-12-13	10.061593
2023-12-12	14.367942
2023-12-11	15.629965
2023-12-10	12.025297
2023-12-09	19.410977
2023-12-08	5.890278
2023-12-07	7.679687
2023-12-06	9.507877
2023-12-05	11.092587
2023-12-04	14.882398
2023-12-03	9.744409
2023-12-02	12.034341
2023-12-01	12.752464
2023-11-30	5.408316
2023-11-29	5.426175
2023-11-28	5.586487
2023-11-27	5.866892
2023-11-26	6.803404
2023-11-25	16.583011
2023-11-24	3.668252
2023-11-23	7.533146
2023-11-22	27.806092
2023-11-21	47.322743
2023-11-20	25.409168
2023-11-19	13.23198
2023-11-18	18.091895
2023-11-17	13.21163
2023-11-16	6.339709
2023-11-15	16.641248
2023-11-14	43.512811
2023-11-13	42.938384
2023-11-12	44.662476
2023-11-11	33.709883
2023-11-10	33.347267
2023-11-09	41.911635
2023-11-08	36.620787
2023-11-07	27.220942
2023-11-06	23.446647
2023-11-05	19.041889
2023-11-04	17.208962
2023-11-03	20.485869
2023-11-02	20.124658
2023-11-01	33.576154
2023-10-31	23.818896
2023-10-30	19.406099
2023-10-29	18.339375
2023-10-28	20.254644
2023-10-27	30.670798
2023-10-26	36.433367
2023-10-25	24.270854
2023-10-24	27.239804
2023-10-23	30.516881
2023-10-22	28.110132
2023-10-21	24.357727
2023-10-20	25.370823
2023-10-19	21.351388
2023-10-18	19.885806
2023-10-17	18.781855
2023-10-16	25.224697
2023-10-15	12.457191
2023-10-14	12.970783
2023-10-13	10.598525
2023-10-12	18.631726
2023-10-11	19.618245
2023-10-10	19.358468
2023-10-09	20.558944
2023-10-08	16.953236
2023-10-07	20.006714
2023-10-06	16.759436
2023-10-05	18.32462
2023-10-04	23.64742
2023-10-03	35.875218
2023-10-02	19.604043
2023-10-01	31.193045
2023-09-30	19.682382
2023-09-29	21.562934
2023-09-28	22.33885
2023-09-27	24.410136
2023-09-26	19.047038
2023-09-25	14.469621
2023-09-24	13.517593
2023-09-23	11.766532
2023-09-22	15.843093
2023-09-21	16.076401
2023-09-20	15.459794
2023-09-19	19.966529
2023-09-18	18.012479
2023-09-17	16.454349
2023-09-16	16.681704
2023-09-15	18.941055
2023-09-14	19.494413
2023-09-13	18.075907
2023-09-12	21.827929
2023-09-11	22.902518
2023-09-10	18.091595
2023-09-09	11.783191
2023-09-08	21.245159
2023-09-07	24.069429
2023-09-06	27.685723
2023-09-05	17.203096
2023-09-04	28.457174
2023-09-03	14.040531
2023-09-02	34.070691
2023-09-01	16.272152
2023-08-31	24.992839
2023-08-30	42.846966
2023-08-29	26.956295
2023-08-28	32.318856
2023-08-27	12.098571
2023-08-26	13.956687
2023-08-25	17.568658
2023-08-24	17.950141
2023-08-23	20.605432
2023-08-22	45.05995
2023-08-21	23.055698
2023-08-20	18.228618
2023-08-19	17.130246
2023-08-18	25.093164
2023-08-17	27.336467
2023-08-16	21.635932
2023-08-15	21.575006
2023-08-14	16.365868
2023-08-13	11.763741
2023-08-12	10.807143
2023-08-11	17.358574
2023-08-10	17.664741
2023-08-09	14.720819
2023-08-08	13.79729
2023-08-07	18.96489
2023-08-06	12.597123
2023-08-05	13.524689
2023-08-04	16.320117
2023-08-03	30.854511
2023-08-02	26.79729
2023-08-01	18.315016
2023-07-31	17.68351
2023-07-30	17.682319
2023-07-29	10.362001
2023-07-28	12.860056
2023-07-27	13.323159
2023-07-26	19.692522
2023-07-25	13.17329
2023-07-24	16.256153
2023-07-23	13.27849
2023-07-22	14.280242
2023-07-21	14.682848
2023-07-20	24.253459
2023-07-19	19.275108
2023-07-18	23.63741
2023-07-17	16.19217
2023-07-16	17.388744
2023-07-15	12.542309
2023-07-14	27.307187
2023-07-13	28.616811
2023-07-12	16.902359
2023-07-11	19.71337
2023-07-10	24.995026
2023-07-09	16.608156
2023-07-08	13.285034
2023-07-07	17.599819
2023-07-06	20.48961
2023-07-05	17.475007
2023-07-04	15.108975
2023-07-03	29.401255
2023-07-02	15.339485
2023-07-01	16.451243
2023-06-30	23.40656
2023-06-29	27.392657
2023-06-28	33.402507
2023-06-27	17.45983
2023-06-26	24.747797
2023-06-25	25.075949
2023-06-24	23.875281
2023-06-23	20.565454
2023-06-22	25.515319
2023-06-21	23.952039
2023-06-20	24.969977
2023-06-19	52.427887
2023-06-18	16.039584
2023-06-17	25.837228
2023-06-16	31.23768
2023-06-15	36.114249
2023-06-14	17.411572
2023-06-13	19.708788
2023-06-12	30.451909
2023-06-11	25.719956
2023-06-10	61.934555
2023-06-09	27.116264
2023-06-08	25.843008
2023-06-07	38.649034
2023-06-06	45.225786
2023-06-05	20.317699
2023-06-04	12.128894
2023-06-03	9.264025
2023-06-02	14.177993
2023-06-01	11.446912
2023-05-31	12.233722
2023-05-30	15.209786
2023-05-29	11.04228
2023-05-28	9.343962
2023-05-27	13.385899
2023-05-26	16.443752
2023-05-25	11.823953
2023-05-24	11.914819
2023-05-23	9.991261
2023-05-22	14.810613
2023-05-21	9.05294
2023-05-20	7.363664
2023-05-19	9.75739
2023-05-18	15.184979
2023-05-17	16.08878
2023-05-16	24.918858
2023-05-15	20.588157
2023-05-14	8.515897
2023-05-13	11.606544
2023-05-12	15.305594
2023-05-11	16.126779
2023-05-10	16.542412
2023-05-09	20.420379
2023-05-08	20.198487
2023-05-07	10.954517
2023-05-06	14.670257
2023-05-05	14.438589
2023-05-04	15.048365
2023-05-03	14.341365
2023-05-02	25.864714
2023-05-01	21.639251
2023-04-30	13.045355
2023-04-29	15.298054
2023-04-28	15.076418
2023-04-27	15.123881
2023-04-26	19.793456
2023-04-25	18.116468
2023-04-24	20.317112
2023-04-23	17.347256
2023-04-22	11.470418
2023-04-21	18.854372
2023-04-20	28.234738
2023-04-19	17.85946
2023-04-18	17.378592
2023-04-17	14.539913
2023-04-16	13.600385
2023-04-15	15.532872
2023-04-14	20.042031
2023-04-13	15.534998
2023-04-12	16.661824
2023-04-11	27.769259
2023-04-10	18.836685
2023-04-09	12.079133
2023-04-08	7.070119
2023-04-07	10.867472
2023-04-06	20.5449
2023-04-05	11.032697
2023-04-04	12.378435
2023-04-03	11.370122
2023-04-02	7.96999
2023-04-01	10.586561
2023-03-31	13.086607
2023-03-30	15.15692
2023-03-29	14.708125
2023-03-28	17.297461
2023-03-27	15.034517
2023-03-26	7.657162
2023-03-25	9.687355
2023-03-24	12.572731
2023-03-23	15.185267
2023-03-22	15.029229
2023-03-21	13.384935
2023-03-20	13.809692
2023-03-19	9.834424
2023-03-18	11.919145
2023-03-17	13.395896
2023-03-16	12.206668
2023-03-15	19.04023
2023-03-14	19.441508
2023-03-13	22.21234
2023-03-12	21.144452
2023-03-11	26.568295
2023-03-10	22.02679
2023-03-09	25.67627
2023-03-08	15.42103
2023-03-07	13.319297
2023-03-06	9.732951
2023-03-05	9.823942
2023-03-04	9.521028
2023-03-03	15.597509
2023-03-02	12.74733
2023-03-01	16.029031
2023-02-28	16.123434
2023-02-27	33.994408
2023-02-26	39.288752
2023-02-25	18.185801
2023-02-24	28.243496
2023-02-23	11.759548
2023-02-22	26.032785
2023-02-21	17.660093
2023-02-20	14.463481
2023-02-19	18.4244
2023-02-18	18.316216
2023-02-17	22.275289
2023-02-16	26.68323
2023-02-15	21.784728
2023-02-14	22.986592
2023-02-13	37.185565
2023-02-12	43.115526
2023-02-11	40.573054
2023-02-10	34.758031
2023-02-09	32.20315
2023-02-08	29.194676
2023-02-07	18.762092
2023-02-06	12.243729
2023-02-05	11.323522
2023-02-04	10.579383
2023-02-03	13.585818
2023-02-02	21.502193
2023-02-01	17.644174
2023-01-31	14.052047
2023-01-30	12.560615
2023-01-29	11.491962
2023-01-28	12.238163
2023-01-27	17.084205
2023-01-26	18.365063
2023-01-25	11.080943
2023-01-24	13.61703
2023-01-23	14.258615
2023-01-22	14.27636
2023-01-21	11.873581
2023-01-20	12.58891
2023-01-19	12.442508
2023-01-18	16.756351
2023-01-17	10.691345
2023-01-16	16.459646
2023-01-15	11.313194
2023-01-14	19.402156
2023-01-13	15.205325
2023-01-12	17.210803
2023-01-11	12.494491
2023-01-10	15.579795
2023-01-09	14.700548
2023-01-08	9.475086
2023-01-07	7.111538
2023-01-06	5.931078
2023-01-05	5.702505
2023-01-04	8.607785
2023-01-03	6.621716
2023-01-02	10.078192
2023-01-01	9.295801
2022-12-31	7.551246
2022-12-30	10.646014
2022-12-29	6.619706
2022-12-28	9.25856
2022-12-27	7.168618
2022-12-26	6.923379
2022-12-25	4.773161
2022-12-24	9.523435
2022-12-23	8.86061
2022-12-22	18.260255
2022-12-21	12.924673
2022-12-20	11.351508
2022-12-19	18.863997
2022-12-18	8.654601
2022-12-17	11.354922
2022-12-16	32.356848
2022-12-15	11.54904
2022-12-14	25.391845
2022-12-13	22.824143
2022-12-12	10.047885
2022-12-11	6.772736
2022-12-10	5.759315
2022-12-09	11.093421
2022-12-08	9.381636
2022-12-07	10.756824
2022-12-06	11.196608
2022-12-05	12.358113
2022-12-04	15.395134
2022-12-03	18.460587
2022-12-02	19.087166
2022-12-01	19.129771
2022-11-30	15.625433
2022-11-29	9.390151
2022-11-28	19.588688
2022-11-27	8.399089
2022-11-26	12.891842
2022-11-25	14.442801
2022-11-24	23.472324
2022-11-23	25.732104
2022-11-22	20.518869
2022-11-21	25.892098
2022-11-20	14.641269
2022-11-19	9.624515
2022-11-18	21.595723
2022-11-17	19.901847
2022-11-16	21.711721
2022-11-15	21.693561
2022-11-14	35.398372
2022-11-13	31.178864
2022-11-12	45.662446
2022-11-11	43.504821
2022-11-10	36.891499
2022-11-09	30.31092
2022-11-08	45.610772
2022-11-07	33.457101
2022-11-06	23.694953
2022-11-05	24.744438
2022-11-04	38.115194
2022-11-03	38.69762
2022-11-02	20.809089
2022-11-01	10.896579
2022-10-31	16.658726
2022-10-30	12.589282
2022-10-29	18.036025
2022-10-28	16.541742
2022-10-27	19.761534
2022-10-26	24.862476
2022-10-25	22.505734
2022-10-24	31.388757
2022-10-23	13.947644
2022-10-22	20.507653
2022-10-21	19.716592
2022-10-20	21.518803
2022-10-19	17.947299
2022-10-18	27.687545
2022-10-17	16.886172
2022-10-16	7.337253
2022-10-15	13.62698
2022-10-14	15.140943
2022-10-13	17.194464
2022-10-12	10.3104
2022-10-11	13.603347
2022-10-10	11.629325
2022-10-09	8.809908
2022-10-08	9.645012
2022-10-07	13.91902
2022-10-06	17.774474
2022-10-05	19.641248
2022-10-04	16.944089
2022-10-03	13.21435
2022-10-02	9.52852
2022-10-01	12.451232
2022-09-30	16.81145
2022-09-29	16.683384
2022-09-28	13.585201
2022-09-27	17.933422
2022-09-26	19.783187
2022-09-25	15.902924
2022-09-24	18.075526
2022-09-23	23.40981
2022-09-22	18.930921
2022-09-21	19.666145
2022-09-20	15.321491
2022-09-19	25.879592
2022-09-18	12.535219
2022-09-17	11.614656
2022-09-16	15.741633
2022-09-15	16.948314
2022-09-14	19.322032
2022-09-13	25.732501
2022-09-12	24.260367
2022-09-11	20.311464
2022-09-10	17.866062
2022-09-09	17.892304
2022-09-08	29.175983
2022-09-07	25.819966
2022-09-06	41.903317
2022-09-05	22.645664
2022-09-04	28.893758
2022-09-03	20.918526
2022-09-02	36.591164
2022-09-01	35.891775
2022-08-31	30.103895
2022-08-30	29.818473
2022-08-29	47.90334
2022-08-28	31.328178
2022-08-27	43.951158
2022-08-26	41.657092
2022-08-25	29.285763
2022-08-24	35.369932
2022-08-23	24.546948
2022-08-22	38.559043
2022-08-21	27.391397
2022-08-20	23.320278
2022-08-19	37.012691
2022-08-18	33.974109
2022-08-17	32.764298
2022-08-16	35.664976
2022-08-15	25.032644
2022-08-14	29.408854
2022-08-13	43.441876
2022-08-12	17.300359
2022-08-11	16.915987
2022-08-10	16.056712
2022-08-09	17.672654
2022-08-08	17.165772
2022-08-07	13.974431
2022-08-06	18.181544
2022-08-05	14.153585
2022-08-04	16.661471
2022-08-03	21.315317
2022-08-02	25.347076
2022-08-01	28.695444
2022-07-31	25.357592
2022-07-30	13.501911
2022-07-29	26.714532
2022-07-28	25.769205
2022-07-27	28.498158
2022-07-26	17.652999
2022-07-25	21.143779
2022-07-24	15.684235
2022-07-23	14.659188
2022-07-22	19.477837
2022-07-21	40.209661
2022-07-20	29.31452
2022-07-19	40.524904
2022-07-18	36.293797
2022-07-17	17.395412
2022-07-16	20.22105
2022-07-15	30.908534
2022-07-14	32.040788
2022-07-13	27.45181
2022-07-12	19.233441
2022-07-11	20.323702
2022-07-10	11.257633
2022-07-09	18.616452
2022-07-08	25.60958
2022-07-07	20.030758
2022-07-06	39.755008
2022-07-05	27.662157
2022-07-04	48.133925
2022-07-03	40.29286
2022-07-02	27.187707
2022-07-01	35.60458
2022-06-30	52.246098
2022-06-29	32.671947
2022-06-28	32.647513
2022-06-27	26.317215
2022-06-26	16.536879
2022-06-25	15.012242
2022-06-24	29.579752
2022-06-23	44.871132
2022-06-22	27.107326
2022-06-21	20.785226
2022-06-20	22.959523
2022-06-19	24.585022
2022-06-18	24.93224
2022-06-17	17.193716
2022-06-16	21.115692
2022-06-15	34.145332
2022-06-14	34.132972
2022-06-13	34.065473
2022-06-12	24.430414
2022-06-11	17.58125
2022-06-10	19.963919
2022-06-09	16.138178
2022-06-08	16.038231
2022-06-07	13.628842
2022-06-06	21.120808
2022-06-05	8.63076
2022-06-04	12.461885
2022-06-03	14.737662
2022-06-02	26.927129
2022-06-01	20.499078
2022-05-31	27.735429
2022-05-30	20.445744
2022-05-29	18.479369
2022-05-28	12.84823
2022-05-27	18.994963
2022-05-26	20.966964
2022-05-25	24.32455
2022-05-24	16.110317
2022-05-23	15.205644
2022-05-22	14.210771
2022-05-21	16.726637
2022-05-20	20.052862
2022-05-19	15.830068
2022-05-18	22.08979
2022-05-17	21.662951
2022-05-16	20.865945
2022-05-15	27.112031
2022-05-14	20.472406
2022-05-13	34.389747
2022-05-12	35.613197
2022-05-11	54.920775
2022-05-10	39.716469
2022-05-09	27.172116
2022-05-08	32.71925
2022-05-07	28.209945
2022-05-06	36.850088
2022-05-05	18.035458
2022-05-04	28.005862
2022-05-03	23.040637
2022-05-02	13.688121
2022-05-01	18.913281
2022-04-30	11.309163
2022-04-29	19.347072
2022-04-28	12.124078
2022-04-27	8.830171
2022-04-26	9.774414
2022-04-25	11.795365
2022-04-24	9.567443
2022-04-23	9.786437
2022-04-22	12.956521
2022-04-21	13.157963
2022-04-20	9.938643
2022-04-19	13.136048
2022-04-18	11.912346
2022-04-17	7.601656
2022-04-16	8.535862
2022-04-15	11.007996
2022-04-14	11.267897
2022-04-13	14.672961
2022-04-12	14.090606
2022-04-11	15.808554
2022-04-10	7.57622
2022-04-09	7.021602
2022-04-08	10.43552
2022-04-07	12.582836
2022-04-06	13.740214
2022-04-05	9.416647
2022-04-04	10.323464
2022-04-03	7.461013
2022-04-02	10.3372
2022-04-01	12.476754
2022-03-31	13.830059
2022-03-30	12.289708
2022-03-29	12.535164
2022-03-28	12.373323
2022-03-27	9.26306
2022-03-26	12.013995
2022-03-25	12.011582
2022-03-24	17.463051
2022-03-23	11.000102
2022-03-22	10.641733
2022-03-21	12.749299
2022-03-20	13.062866
2022-03-19	8.52339
2022-03-18	9.052661
2022-03-17	13.475989
2022-03-16	16.710414
2022-03-15	10.207319
2022-03-14	12.79486
2022-03-13	7.12096
2022-03-12	4.737547
2022-03-11	6.152447
2022-03-10	18.143937
2022-03-09	13.50041
2022-03-08	13.551115
2022-03-07	15.913
2022-03-06	12.484569
2022-03-05	14.449693
2022-03-04	16.974124
2022-03-03	12.297535
2022-03-02	17.371185
2022-03-01	13.609537
2022-02-28	16.496792
2022-02-27	11.367466
2022-02-26	9.714057
2022-02-25	40.427741
2022-02-24	24.251943
2022-02-23	25.670122
2022-02-22	16.096101
2022-02-21	16.382037
2022-02-20	16.423213
2022-02-19	11.868973
2022-02-18	23.860033
2022-02-17	19.834779
2022-02-16	11.803362
2022-02-15	15.696675
2022-02-14	15.865977
2022-02-13	16.479999
2022-02-12	19.220455
2022-02-11	19.5138
2022-02-10	29.067375
2022-02-09	28.933795
2022-02-08	16.802036
2022-02-07	35.237709
2022-02-06	10.823703
2022-02-05	15.97289
2022-02-04	21.155646
2022-02-03	24.636095
2022-02-02	15.240113
2022-02-01	13.641539
2022-01-31	15.651625
2022-01-30	17.888845
2022-01-29	15.89723
2022-01-28	17.579139
2022-01-27	27.810992
2022-01-26	26.440142
2022-01-25	20.699504
2022-01-24	21.461059
2022-01-23	16.311231
2022-01-22	33.532201
2022-01-21	21.776189
2022-01-20	13.446911
2022-01-19	28.139725
2022-01-18	12.241005
2022-01-17	13.938384
2022-01-16	9.165482
2022-01-15	11.039079
2022-01-14	12.938004
2022-01-13	11.567978
2022-01-12	13.571086
2022-01-11	16.482063
2022-01-10	11.327492
2022-01-09	13.670841
2022-01-08	13.002725
2022-01-07	15.989475
2022-01-06	14.081619
2022-01-05	9.585203
2022-01-04	6.277966
2022-01-03	6.581167
2022-01-02	6.89486
2022-01-01	6.875619
2021-12-31	8.582709
2021-12-30	13.590539
2021-12-29	19.677336
2021-12-28	19.921681
2021-12-27	12.328404
2021-12-26	13.898333
2021-12-25	15.541872
2021-12-24	8.685713
2021-12-23	23.619991
2021-12-22	29.148724
2021-12-21	20.072529
2021-12-20	15.761869
2021-12-19	18.450401
2021-12-18	14.453845
2021-12-17	18.091006
2021-12-16	19.628732
2021-12-15	17.70504
2021-12-14	19.532063
2021-12-13	16.05319
2021-12-12	9.312499
2021-12-11	12.839335
2021-12-10	13.711879
2021-12-09	14.150848
2021-12-08	17.776318
2021-12-07	12.226091
2021-12-06	16.473262
2021-12-05	20.135604
2021-12-04	20.673071
2021-12-03	21.10693
2021-12-02	23.788749
2021-12-01	24.979355
2021-11-30	17.146246
2021-11-29	24.80064
2021-11-28	16.153166
2021-11-27	22.581739
2021-11-26	22.680394
2021-11-25	17.005232
2021-11-24	12.989743
2021-11-23	11.838225
2021-11-22	12.470203
2021-11-21	10.674458
2021-11-20	9.126768
2021-11-19	15.998327
2021-11-18	14.428583
2021-11-17	11.234586
2021-11-16	13.442882
2021-11-15	16.617789
2021-11-14	18.635574
2021-11-13	13.960307
2021-11-12	15.438438
2021-11-11	14.047515
2021-11-10	22.733957
2021-11-09	21.846614
2021-11-08	10.052117
2021-11-07	16.931203
2021-11-06	15.173747
2021-11-05	15.304795
2021-11-04	9.766492
2021-11-03	15.596033
2021-11-02	11.590993
2021-11-01	9.111763
2021-10-31	11.210951
2021-10-30	9.827583
2021-10-29	16.277586
2021-10-28	20.893509
2021-10-27	16.864178
2021-10-26	16.314214
2021-10-25	10.241952
2021-10-24	11.990177
2021-10-23	17.227624
2021-10-22	28.993443
2021-10-21	24.997349
2021-10-20	15.857233
2021-10-19	17.292321
2021-10-18	20.678415
2021-10-17	13.1135
2021-10-16	58.453936
2021-10-15	31.558179
2021-10-14	14.696145
2021-10-13	7.834479
2021-10-12	9.02511
2021-10-11	7.370382
2021-10-10	7.44119
2021-10-09	5.993359
2021-10-08	8.45725
2021-10-07	7.253954
2021-10-06	8.672899
2021-10-05	5.720128
2021-10-04	5.729665
2021-10-03	4.083307
2021-10-02	4.74863
2021-10-01	5.578734
2021-09-30	4.975141
2021-09-29	4.045732
2021-09-28	4.020164
2021-09-27	4.802446
2021-09-26	4.336601
2021-09-25	3.696883
2021-09-24	4.766928
2021-09-23	6.975155
2021-09-22	10.164397
2021-09-21	4.467882
2021-09-20	6.176666
2021-09-19	4.405146
2021-09-18	3.455109
2021-09-17	5.150246
2021-09-16	6.183516
2021-09-15	6.416755
2021-09-14	4.32189
2021-09-13	4.534583
2021-09-12	5.269018
2021-09-11	7.491695
2021-09-10	9.765446
2021-09-09	6.943534
2021-09-08	14.283514
2021-09-07	18.697184
2021-09-06	9.676758
2021-09-05	9.702267
2021-09-04	6.81848
2021-09-03	4.968861
2021-09-02	6.210347
2021-09-01	6.35603
2021-08-31	10.420547
2021-08-30	9.585351
2021-08-29	6.19964
2021-08-28	7.326414
2021-08-27	7.165681
2021-08-26	7.558075
2021-08-25	5.223621
2021-08-24	6.178637
2021-08-23	5.27484
2021-08-22	5.454587
2021-08-21	11.111913
2021-08-20	8.866157
2021-08-19	7.715892
2021-08-18	9.533342
2021-08-17	11.192929
2021-08-16	11.116704
2021-08-15	8.408253
2021-08-14	8.786115
2021-08-13	11.073751
2021-08-12	11.05479
2021-08-11	16.785841
2021-08-10	10.791993
2021-08-09	7.371993
2021-08-08	7.936621
2021-08-07	8.664105
2021-08-06	8.56661
2021-08-05	9.116532
2021-08-04	12.183525
2021-08-03	9.98946
2021-08-02	9.788042
2021-08-01	8.836031
2021-07-31	9.342676
2021-07-30	11.558597
2021-07-29	11.953955
2021-07-28	5.932987
2021-07-27	8.80612
2021-07-26	8.765676
2021-07-25	4.907572
2021-07-24	7.78486
2021-07-23	8.444372
2021-07-22	11.770818
2021-07-21	35.494012
2021-07-20	15.377298
2021-07-19	8.059233
2021-07-18	7.656997
2021-07-17	14.727377
2021-07-16	9.712766
2021-07-15	6.606906
2021-07-14	7.039994
2021-07-13	5.445606
2021-07-12	9.839272
2021-07-11	3.523053
2021-07-10	7.024785
2021-07-09	6.077593
2021-07-08	7.332334
2021-07-07	12.413225
2021-07-06	7.012625
2021-07-05	6.060335
2021-07-04	4.567395
2021-07-03	5.880729
2021-07-02	7.298947
2021-07-01	6.51284
2021-06-30	7.267307
2021-06-29	7.922028
2021-06-28	24.373755
2021-06-27	15.684175
2021-06-26	8.583404
2021-06-25	15.242653
2021-06-24	9.118151
2021-06-23	16.15659
2021-06-22	22.334318
2021-06-21	13.293523
2021-06-20	12.290914
2021-06-19	10.938256
2021-06-18	20.334533
2021-06-17	36.102987
2021-06-16	32.036414
2021-06-15	37.620583
2021-06-14	27.351429
2021-06-13	11.529265
2021-06-12	16.506456
2021-06-11	12.981354
2021-06-10	17.528911
2021-06-09	19.874079
2021-06-08	22.053889
2021-06-07	14.555753
2021-06-06	8.055186
2021-06-05	14.032837
2021-06-04	14.989273
2021-06-03	9.087931
2021-06-02	13.550729
2021-06-01	11.620213
2021-05-31	17.485593
2021-05-30	14.667578
2021-05-29	15.592138
2021-05-28	14.493911
2021-05-27	16.26133
2021-05-26	21.634925
2021-05-25	30.47014
2021-05-24	37.746796
2021-05-23	61.296889
2021-05-22	30.258589
2021-05-21	36.365617
2021-05-20	30.918496
2021-05-19	32.152269
2021-05-18	27.980809
2021-05-17	27.20814
2021-05-16	36.478348
2021-05-15	44.612595
2021-05-14	52.061839
2021-05-13	49.821456
2021-05-12	41.519449
2021-05-11	41.644304
2021-05-10	29.437672
2021-05-09	63.603239
2021-05-08	31.129973
2021-05-07	75.958377
2021-05-06	68.270216
2021-05-05	87.17383
2021-05-04	108.775564
2021-05-03	125.806158
2021-05-02	138.073429
2021-05-01	95.558689
2021-04-30	88.962317
2021-04-29	131.806973
2021-04-28	99.698209
2021-04-27	151.843491
2021-04-26	148.244298
2021-04-25	164.398185
2021-04-24	144.231235
2021-04-23	123.453212
2021-04-22	193.942959
2021-04-21	152.424796
2021-04-20	157.643825
2021-04-19	222.016405
2021-04-18	331.47935
2021-04-17	309.42009
2021-04-16	517.8864
2021-04-15	481.560559
2021-04-14	523.127347
2021-04-13	52.850934
2021-04-12	30.867896
2021-04-11	41.175877
2021-04-10	23.308279
2021-04-09	20.71061
2021-04-08	34.794265
2021-04-07	34.224535
2021-04-06	34.527205
2021-04-05	33.77656
2021-04-04	30.195896
2021-04-03	30.174477
2021-04-02	34.309339
2021-04-01	35.842698
2021-03-31	45.19305
2021-03-30	33.892407
2021-03-29	45.081614
2021-03-28	33.524851
2021-03-27	18.035195
2021-03-26	27.516789
2021-03-25	23.534815
2021-03-24	57.235556
2021-03-23	37.367423
2021-03-22	26.467353
2021-03-21	32.163039
2021-03-20	22.303746
2021-03-19	27.57379
2021-03-18	17.354076
2021-03-17	17.727215
2021-03-16	29.925647
2021-03-15	28.382646
2021-03-14	58.377984
2021-03-13	67.913802
2021-03-12	73.129774
2021-03-11	63.694659
2021-03-10	49.786937
2021-03-09	71.019012
2021-03-08	61.622505
2021-03-07	56.538403
2021-03-06	40.929061
2021-03-05	70.278954
2021-03-04	79.869478
2021-03-03	70.470185
2021-03-02	50.465138
2021-03-01	95.778044
2021-02-28	112.892854
2021-02-27	84.841034
2021-02-26	65.908833
2021-02-25	106.881871
2021-02-24	96.569095
2021-02-23	75.679321
2021-02-22	81.777888
2021-02-21	71.42335
2021-02-20	105.159103
2021-02-19	56.556209
2021-02-18	69.008951
2021-02-17	61.828807
2021-02-16	47.65005
2021-02-15	40.831233
2021-02-14	37.400908
2021-02-13	27.996846
2021-02-12	37.499573
2021-02-11	13.461901
2021-02-10	42.306361
2021-02-09	48.886398
2021-02-08	48.149093
2021-02-07	75.748734
2021-02-06	16.157221
2021-02-05	82.029827
2021-02-04	23.050265
2021-02-03	67.577217
2021-02-02	16.192374
2021-02-01	14.412866
2021-01-31	11.727181
2021-01-30	57.820288
2021-01-29	103.151308
2021-01-28	29.688794
2021-01-27	40.559645
2021-01-26	45.125977
2021-01-25	72.661697
2021-01-24	63.68603
2021-01-23	20.37578
2021-01-22	16.177228
2021-01-21	11.113248
2021-01-20	59.793358
2021-01-19	34.950238
2021-01-18	26.060089
2021-01-17	91.032045
2021-01-16	95.329581
2021-01-15	37.59773
2021-01-14	8.961124
2021-01-13	7.608414
2021-01-12	7.333956
2021-01-11	2.790136
2021-01-10	10.126168
2021-01-09	4.850487
2021-01-08	2.855811
2021-01-07	22.27816
2021-01-06	14.611285
2021-01-05	5.171744
2021-01-04	14.626715
2021-01-03	14.466271
2021-01-02	3.284276
2021-01-01	4.05035
2020-12-31	4.60323
2020-12-30	3.690748
2020-12-29	5.043507
2020-12-28	13.866083
2020-12-27	11.047321
2020-12-26	5.978195
2020-12-25	2.81472
2020-12-24	9.333283
2020-12-23	8.643699
2020-12-22	8.75532
2020-12-21	21.516938
2020-12-20	30.752358
2020-12-19	38.211629
2020-12-18	6.644884
2020-12-17	8.822248
2020-12-16	9.28018
2020-12-15	2.48327
2020-12-14	1.22813
2020-12-13	0.368031
2020-12-12	0.848268
2020-12-11	2.084312
2020-12-10	3.36265
2020-12-09	2.240465
2020-12-08	7.708877
2020-12-07	2.309081
2020-12-06	8.91681
2020-12-05	2.626947
2020-12-04	9.260006
2020-12-03	0.967769
2020-12-02	2.733496
2020-12-01	2.171909
2020-11-30	23.321944
2020-11-29	5.556659
2020-11-28	19.840711
2020-11-27	3.887106
2020-11-26	5.023709
2020-11-25	7.753216
2020-11-24	7.48728
2020-11-23	8.692239
2020-11-22	27.933917
2020-11-21	8.854655
2020-11-20	25.8666
2020-11-19	23.911632
2020-11-18	27.411112
2020-11-17	36.325049
2020-11-16	13.150121
2020-11-15	22.841892
2020-11-14	12.306051
2020-11-13	5.759733
2020-11-12	116.865665
2020-11-11	38.828617
2020-11-10	7.108803
2020-11-09	7.785156
2020-11-08	15.070175
2020-11-07	14.534273
2020-11-06	7.191462
2020-11-05	245.110865
2020-11-04	18.016058
2020-11-03	25.527702
2020-11-02	15.907989
2020-11-01	159.967161
2020-10-31	48.42772
2020-10-30	214.67237
2020-10-29	110.82101
2020-10-28	17.520105
2020-10-27	88.385305
2020-10-26	463.793676
2020-10-25	33.709531
2020-10-24	114.745762
2020-10-23	371.472567
2020-10-22	201.196615
2020-10-21	5.943437
2020-10-20	8.853038
2020-10-19	12.277991
2020-10-18	11.581737
2020-10-17	8.289415
2020-10-16	4.266421
2020-10-15	13.261995
2020-10-14	8.293159
2020-10-13	53.248868
2020-10-12	19.793822
2020-10-11	20.851537
2020-10-10	26.764708
2020-10-09	21.876121
2020-10-08	3.178844
2020-10-07	31.187862
2020-10-06	14.649509
2020-10-05	2.275823
2020-10-04	13.04995
2020-10-03	3.512683
2020-10-02	2.605566
2020-10-01	3.203813
2020-09-30	35.550472
2020-09-29	12.667504
2020-09-28	2.523286
2020-09-27	4.793
2020-09-26	14.575549
2020-09-25	0.701969
2020-09-24	11.843266
2020-09-23	19.277035
2020-09-22	25.466729
2020-09-21	3.208207
2020-09-20	43.040983
2020-09-19	9.33867
2020-09-18	5.715492
2020-09-17	1.248497
2020-09-16	2.652679
2020-09-15	3.119177
2020-09-14	13.373413
2020-09-13	21.608871
2020-09-12	8.605235
2020-09-11	16.020426
2020-09-10	2.136085
2020-09-09	14.422476
2020-09-08	6.811718
2020-09-07	17.226837
2020-09-06	8.094275
2020-09-05	14.868265
2020-09-04	40.330793
2020-09-03	33.58234
2020-09-02	3.219469
2020-09-01	16.134124
2020-08-31	10.478557
2020-08-30	221.40219
2020-08-29	48.513183
2020-08-28	59.632671
2020-08-27	36.803588
2020-08-26	20.982166
2020-08-25	28.775525
2020-08-24	63.135469
2020-08-23	49.093297
2020-08-22	46.631269
2020-08-21	146.139599
2020-08-20	98.390283
2020-08-19	31.631311
2020-08-18	18.505542
2020-08-17	71.748261
2020-08-16	65.612735
2020-08-15	143.383619
2020-08-14	106.068835
2020-08-13	40.586327
2020-08-12	91.935413
2020-08-11	194.218945
2020-08-10	123.017336
2020-08-09	186.012048
2020-08-08	229.876153
2020-08-07	289.183592
2020-08-06	227.603665
2020-08-05	122.444158
2020-08-04	527.700004
2020-08-03	247.113722
2020-08-02	240.177865
2020-08-01	205.61119
2020-07-31	8.250698
2020-07-30	5.906649
2020-07-29	30.321553
2020-07-28	12.454217
2020-07-27	4.242919
2020-07-26	4.509017
2020-07-25	5.463907
2020-07-24	1.12173
2020-07-23	9.755496
2020-07-22	0.167347
2020-07-21	0.074526
2020-07-20	0.775403
2020-07-19	0
2020-07-18	3.025
2020-07-17	10.486364
2020-07-16	0.310345
2020-07-15	1.6
2020-07-14	0
2020-07-13	0.285714
2020-07-12	6.66515
2020-07-11	0.60662
2020-07-10	0
2020-07-09	0.153846
2020-07-08	1.857143
2020-07-07	2.380952
2020-07-06	0
2020-07-05	0
2020-07-04	0
2020-07-03	0.270833
2020-07-02	0.333333
2020-07-01	0
2020-06-30	0.078937
2020-06-29	2.222222
2020-06-28	0
2020-06-27	0.9
2020-06-24	0
2020-06-23	0.32125
2020-06-21	0.874667
2020-06-20	3.992278
2020-06-19	0.631471
2020-06-18	0.020588
2020-06-16	0.1
2020-06-15	0.378471
2020-06-12	0.15125
2020-05-30	0.506875
