date	total_num_addresses
2024-03-12	939692
2024-03-11	1139020
2024-03-10	873972
2024-03-09	940966
2024-03-08	965916
2024-03-07	1045624
2024-03-06	934042
2024-03-05	1174926
2024-03-04	900297
2024-03-03	866349
2024-03-02	845759
2024-03-01	1065754
2024-02-29	1005567
2024-02-28	1046938
2024-02-27	923179
2024-02-26	884329
2024-02-25	908205
2024-02-24	822973
2024-02-23	953945
2024-02-22	860531
2024-02-21	828959
2024-02-20	879965
2024-02-19	877518
2024-02-18	759402
2024-02-17	850975
2024-02-16	858413
2024-02-15	886946
2024-02-14	799661
2024-02-13	862962
2024-02-12	1009686
2024-02-11	856030
2024-02-10	962140
2024-02-09	963041
2024-02-08	817557
2024-02-07	909344
2024-02-06	861174
2024-02-05	854077
2024-02-04	807380
2024-02-03	818423
2024-02-02	932784
2024-02-01	948860
2024-01-31	876782
2024-01-30	916025
2024-01-29	963016
2024-01-28	899984
2024-01-27	979299
2024-01-26	908781
2024-01-25	1102828
2024-01-24	893063
2024-01-23	869624
2024-01-22	983112
2024-01-21	878379
2024-01-20	911943
2024-01-19	854201
2024-01-18	936785
2024-01-17	843100
2024-01-16	777712
2024-01-15	799151
2024-01-14	711613
2024-01-13	848148
2024-01-12	998633
2024-01-11	968663
2024-01-10	856843
2024-01-09	935495
2024-01-08	809278
2024-01-07	726494
2024-01-06	815325
2024-01-05	868879
2024-01-04	1025456
2024-01-03	958234
2024-01-02	876861
2024-01-01	845486
2023-12-31	793703
2023-12-30	807966
2023-12-29	922051
2023-12-28	848674
2023-12-27	775268
2023-12-26	746048
2023-12-25	707047
2023-12-24	914956
2023-12-23	908560
2023-12-22	1019741
2023-12-21	818059
2023-12-20	790695
2023-12-19	828993
2023-12-18	934037
2023-12-17	707359
2023-12-16	743285
2023-12-15	882952
2023-12-14	701811
2023-12-13	764902
2023-12-12	900468
2023-12-11	1071567
2023-12-10	864229
2023-12-09	955551
2023-12-08	936564
2023-12-07	907921
2023-12-06	866120
2023-12-05	865483
2023-12-04	1040544
2023-12-03	922008
2023-12-02	865744
2023-12-01	1117312
2023-11-30	967326
2023-11-29	927484
2023-11-28	994152
2023-11-27	972020
2023-11-26	978981
2023-11-25	1030991
2023-11-24	1135376
2023-11-23	966211
2023-11-22	983283
2023-11-21	1004116
2023-11-20	1070654
2023-11-19	960190
2023-11-18	867084
2023-11-17	1018940
2023-11-16	938169
2023-11-15	970942
2023-11-14	959901
2023-11-13	962078
2023-11-12	1015437
2023-11-11	1072884
2023-11-10	1126341
2023-11-09	1000533
2023-11-08	1006491
2023-11-07	962942
2023-11-06	1000768
2023-11-05	1132351
2023-11-04	1121107
2023-11-03	991167
2023-11-02	1078718
2023-11-01	1042925
2023-10-31	1054273
2023-10-30	1105712
2023-10-29	906239
2023-10-28	1028701
2023-10-27	1060419
2023-10-26	1084798
2023-10-25	1085437
2023-10-24	1030593
2023-10-23	1052873
2023-10-22	810757
2023-10-21	889257
2023-10-20	960129
2023-10-19	911129
2023-10-18	923760
2023-10-17	923336
2023-10-16	1025139
2023-10-15	779037
2023-10-14	830652
2023-10-13	919317
2023-10-12	899971
2023-10-11	866739
2023-10-10	908967
2023-10-09	958607
2023-10-08	788615
2023-10-07	866698
2023-10-06	920042
2023-10-05	953504
2023-10-04	887242
2023-10-03	1086734
2023-10-02	1032203
2023-10-01	932326
2023-09-30	1018477
2023-09-29	1055075
2023-09-28	1037665
2023-09-27	1079190
2023-09-26	1027121
2023-09-25	1105224
2023-09-24	1057446
2023-09-23	1090031
2023-09-22	983637
2023-09-21	1083042
2023-09-20	1064416
2023-09-19	1027880
2023-09-18	1125339
2023-09-17	1043496
2023-09-16	1058662
2023-09-15	1240740
2023-09-14	1124087
2023-09-13	1049807
2023-09-12	1045471
2023-09-11	1115222
2023-09-10	1054485
2023-09-09	1111523
2023-09-08	986362
2023-09-07	999440
2023-09-06	1009477
2023-09-05	939569
2023-09-04	925489
2023-09-03	872819
2023-09-02	969824
2023-09-01	1030029
2023-08-31	996890
2023-08-30	880620
2023-08-29	1051269
2023-08-28	878193
2023-08-27	804867
2023-08-26	921637
2023-08-25	921331
2023-08-24	950085
2023-08-23	934855
2023-08-22	930845
2023-08-21	1009275
2023-08-20	932504
2023-08-19	887935
2023-08-18	1020222
2023-08-17	1053728
2023-08-16	956823
2023-08-15	1069685
2023-08-14	1004609
2023-08-13	867958
2023-08-12	929964
2023-08-11	967467
2023-08-10	953741
2023-08-09	1051782
2023-08-08	876004
2023-08-07	952715
2023-08-06	980117
2023-08-05	993100
2023-08-04	915811
2023-08-03	1035109
2023-08-02	1076907
2023-08-01	988380
2023-07-31	916255
2023-07-30	1013491
2023-07-29	883630
2023-07-28	944840
2023-07-27	943039
2023-07-26	1017946
2023-07-25	941826
2023-07-24	942591
2023-07-23	895779
2023-07-22	925679
2023-07-21	856403
2023-07-20	904255
2023-07-19	961963
2023-07-18	1017135
2023-07-17	951557
2023-07-16	925365
2023-07-15	916326
2023-07-14	1002400
2023-07-13	873562
2023-07-12	953165
2023-07-11	931508
2023-07-10	930844
2023-07-09	980068
2023-07-08	1006754
2023-07-07	1033152
2023-07-06	974988
2023-07-05	969986
2023-07-04	963114
2023-07-03	961193
2023-07-02	1010690
2023-07-01	926042
2023-06-30	1062608
2023-06-29	982837
2023-06-28	836792
2023-06-27	963926
2023-06-26	1010313
2023-06-25	951595
2023-06-24	1013179
2023-06-23	951874
2023-06-22	1008212
2023-06-21	915404
2023-06-20	959473
2023-06-19	909634
2023-06-18	897404
2023-06-17	860690
2023-06-16	962059
2023-06-15	913181
2023-06-14	835411
2023-06-13	939394
2023-06-12	978234
2023-06-11	885081
2023-06-10	943821
2023-06-09	1025999
2023-06-08	974592
2023-06-07	1002967
2023-06-06	1030676
2023-06-05	884878
2023-06-04	895565
2023-06-03	866525
2023-06-02	982299
2023-06-01	920709
2023-05-31	934567
2023-05-30	956160
2023-05-29	905417
2023-05-28	874230
2023-05-27	887381
2023-05-26	962531
2023-05-25	934639
2023-05-24	863939
2023-05-23	851408
2023-05-22	830833
2023-05-21	777170
2023-05-20	741142
2023-05-19	898269
2023-05-18	813710
2023-05-17	838435
2023-05-16	813434
2023-05-15	813853
2023-05-14	836690
2023-05-13	719504
2023-05-12	809108
2023-05-11	832817
2023-05-10	899670
2023-05-09	761548
2023-05-08	691575
2023-05-07	567445
2023-05-06	767118
2023-05-05	831530
2023-05-04	904617
2023-05-03	964920
2023-05-02	815626
2023-05-01	933809
2023-04-30	782782
2023-04-29	811292
2023-04-28	955033
2023-04-27	897822
2023-04-26	893665
2023-04-25	906982
2023-04-24	983636
2023-04-23	842549
2023-04-22	921038
2023-04-21	1036355
2023-04-20	953756
2023-04-19	994818
2023-04-18	1149961
2023-04-17	987873
2023-04-16	838013
2023-04-15	1052383
2023-04-14	1016870
2023-04-13	1020560
2023-04-12	1046999
2023-04-11	1160423
2023-04-10	948055
2023-04-09	936841
2023-04-08	873000
2023-04-07	974883
2023-04-06	1038298
2023-04-05	962257
2023-04-04	1126607
2023-04-03	975912
2023-04-02	1015069
2023-04-01	1047870
2023-03-31	1044871
2023-03-30	1018397
2023-03-29	992610
2023-03-28	977256
2023-03-27	1055338
2023-03-26	838165
2023-03-25	909390
2023-03-24	886593
2023-03-23	915894
2023-03-22	944070
2023-03-21	985637
2023-03-20	1023019
2023-03-19	849038
2023-03-18	972557
2023-03-17	1074437
2023-03-16	893376
2023-03-15	1015004
2023-03-14	1028332
2023-03-13	995257
2023-03-12	891560
2023-03-11	975440
2023-03-10	993874
2023-03-09	930069
2023-03-08	895631
2023-03-07	1067377
2023-03-06	928914
2023-03-05	995109
2023-03-04	907044
2023-03-03	1089648
2023-03-02	943944
2023-03-01	1086910
2023-02-28	985104
2023-02-27	971028
2023-02-26	918618
2023-02-25	817375
2023-02-24	964183
2023-02-23	1079195
2023-02-22	942922
2023-02-21	1015220
2023-02-20	910033
2023-02-19	920448
2023-02-18	1054449
2023-02-17	1052081
2023-02-16	1127027
2023-02-15	994080
2023-02-14	912315
2023-02-13	970819
2023-02-12	876806
2023-02-11	883953
2023-02-10	916853
2023-02-09	1074333
2023-02-08	945889
2023-02-07	933987
2023-02-06	915864
2023-02-05	809568
2023-02-04	977809
2023-02-03	993120
2023-02-02	1004623
2023-02-01	1054557
2023-01-31	948426
2023-01-30	948343
2023-01-29	835444
2023-01-28	862388
2023-01-27	928369
2023-01-26	901563
2023-01-25	922991
2023-01-24	915811
2023-01-23	932335
2023-01-22	863602
2023-01-21	905450
2023-01-20	918882
2023-01-19	935852
2023-01-18	953948
2023-01-17	993453
2023-01-16	971751
2023-01-15	811063
2023-01-14	983318
2023-01-13	1074196
2023-01-12	1050430
2023-01-11	945470
2023-01-10	1150952
2023-01-09	984100
2023-01-08	773840
2023-01-07	807340
2023-01-06	953581
2023-01-05	937729
2023-01-04	924789
2023-01-03	984940
2023-01-02	852672
2023-01-01	720492
2022-12-31	845887
2022-12-30	1071554
2022-12-29	951167
2022-12-28	916269
2022-12-27	865433
2022-12-26	782542
2022-12-25	756854
2022-12-24	760320
2022-12-23	893033
2022-12-22	905153
2022-12-21	929009
2022-12-20	953831
2022-12-19	966009
2022-12-18	806020
2022-12-17	973490
2022-12-16	880665
2022-12-15	916384
2022-12-14	929316
2022-12-13	975737
2022-12-12	909723
2022-12-11	776310
2022-12-10	937078
2022-12-09	945942
2022-12-08	886391
2022-12-07	923181
2022-12-06	945078
2022-12-05	968963
2022-12-04	854339
2022-12-03	942108
2022-12-02	971482
2022-12-01	1035543
2022-11-30	941581
2022-11-29	964873
2022-11-28	940694
2022-11-27	857686
2022-11-26	893310
2022-11-25	981952
2022-11-24	997933
2022-11-23	1061671
2022-11-22	928080
2022-11-21	978810
2022-11-20	1019510
2022-11-19	1109770
2022-11-18	971978
2022-11-17	885270
2022-11-16	955242
2022-11-15	997707
2022-11-14	948108
2022-11-13	897887
2022-11-12	927792
2022-11-11	977570
2022-11-10	1053637
2022-11-09	1076548
2022-11-08	1059839
2022-11-07	919351
2022-11-06	825050
2022-11-05	933416
2022-11-04	950915
2022-11-03	1016762
2022-11-02	873292
2022-11-01	963108
2022-10-31	972865
2022-10-30	833298
2022-10-29	884714
2022-10-28	942825
2022-10-27	901087
2022-10-26	1053033
2022-10-25	830671
2022-10-24	923403
2022-10-23	808800
2022-10-22	835674
2022-10-21	929251
2022-10-20	894481
2022-10-19	925521
2022-10-18	887436
2022-10-17	876676
2022-10-16	767400
2022-10-15	863932
2022-10-14	983980
2022-10-13	949993
2022-10-12	876831
2022-10-11	902571
2022-10-10	917604
2022-10-09	776456
2022-10-08	820789
2022-10-07	946342
2022-10-06	944081
2022-10-05	894638
2022-10-04	938192
2022-10-03	989556
2022-10-02	841556
2022-10-01	884590
2022-09-30	993821
2022-09-29	887558
2022-09-28	867381
2022-09-27	955761
2022-09-26	932798
2022-09-25	795079
2022-09-24	814336
2022-09-23	987921
2022-09-22	866821
2022-09-21	915105
2022-09-20	968908
2022-09-19	916643
2022-09-18	779131
2022-09-17	936221
2022-09-16	937515
2022-09-15	957592
2022-09-14	987889
2022-09-13	950171
2022-09-12	987756
2022-09-11	862582
2022-09-10	897672
2022-09-09	1036225
2022-09-08	934179
2022-09-07	961941
2022-09-06	931166
2022-09-05	939069
2022-09-04	774346
2022-09-03	945920
2022-09-02	993737
2022-09-01	969780
2022-08-31	925078
2022-08-30	952599
2022-08-29	940481
2022-08-28	772045
2022-08-27	844000
2022-08-26	931907
2022-08-25	920757
2022-08-24	923697
2022-08-23	936789
2022-08-22	886312
2022-08-21	769158
2022-08-20	844049
2022-08-19	999569
2022-08-18	1014144
2022-08-17	913886
2022-08-16	1032647
2022-08-15	918182
2022-08-14	819073
2022-08-13	828340
2022-08-12	961031
2022-08-11	1012662
2022-08-10	1033613
2022-08-09	953042
2022-08-08	923946
2022-08-07	712883
2022-08-06	876047
2022-08-05	950479
2022-08-04	955783
2022-08-03	979238
2022-08-02	947567
2022-08-01	908302
2022-07-31	773541
2022-07-30	801682
2022-07-29	954956
2022-07-28	1016625
2022-07-27	890784
2022-07-26	962865
2022-07-25	905603
2022-07-24	734545
2022-07-23	776821
2022-07-22	852850
2022-07-21	965128
2022-07-20	920079
2022-07-19	998065
2022-07-18	874433
2022-07-17	727955
2022-07-16	791313
2022-07-15	955069
2022-07-14	990479
2022-07-13	810857
2022-07-12	945981
2022-07-11	838433
2022-07-10	710613
2022-07-09	782171
2022-07-08	946807
2022-07-07	1007918
2022-07-06	984020
2022-07-05	868674
2022-07-04	855494
2022-07-03	737759
2022-07-02	848341
2022-07-01	941571
2022-06-30	963234
2022-06-29	923528
2022-06-28	909041
2022-06-27	974966
2022-06-26	715607
2022-06-25	755500
2022-06-24	885638
2022-06-23	861825
2022-06-22	881810
2022-06-21	917352
2022-06-20	834875
2022-06-19	750949
2022-06-18	936380
2022-06-17	880351
2022-06-16	893767
2022-06-15	1069858
2022-06-14	1097038
2022-06-13	1005439
2022-06-12	760134
2022-06-11	849994
2022-06-10	908421
2022-06-09	916889
2022-06-08	894223
2022-06-07	946090
2022-06-06	957734
2022-06-05	742340
2022-06-04	780613
2022-06-03	946371
2022-06-02	956018
2022-06-01	968548
2022-05-31	1000162
2022-05-30	941604
2022-05-29	757441
2022-05-28	794128
2022-05-27	936015
2022-05-26	910133
2022-05-25	1034175
2022-05-24	848460
2022-05-23	939060
2022-05-22	751429
2022-05-21	787760
2022-05-20	948874
2022-05-19	902105
2022-05-18	903949
2022-05-17	1036631
2022-05-16	1098098
2022-05-15	1022995
2022-05-14	1097507
2022-05-13	1036736
2022-05-12	1043690
2022-05-11	1005376
2022-05-10	985477
2022-05-09	1044085
2022-05-08	849741
2022-05-07	840612
2022-05-06	1099911
2022-05-05	1174988
2022-05-04	872482
2022-05-03	952464
2022-05-02	980280
2022-05-01	840129
2022-04-30	970531
2022-04-29	1063975
2022-04-28	1015298
2022-04-27	973994
2022-04-26	967613
2022-04-25	1008968
2022-04-24	816123
2022-04-23	864789
2022-04-22	952065
2022-04-21	993088
2022-04-20	976492
2022-04-19	950234
2022-04-18	932584
2022-04-17	756979
2022-04-16	803288
2022-04-15	898503
2022-04-14	919508
2022-04-13	950299
2022-04-12	1001863
2022-04-11	985815
2022-04-10	756941
2022-04-09	813141
2022-04-08	932330
2022-04-07	943697
2022-04-06	928405
2022-04-05	954258
2022-04-04	991442
2022-04-03	811263
2022-04-02	951158
2022-04-01	1072470
2022-03-31	983682
2022-03-30	951685
2022-03-29	969097
2022-03-28	1052990
2022-03-27	819815
2022-03-26	839220
2022-03-25	1084340
2022-03-24	960407
2022-03-23	974165
2022-03-22	939357
2022-03-21	947604
2022-03-20	790049
2022-03-19	887796
2022-03-18	991557
2022-03-17	1037510
2022-03-16	1018750
2022-03-15	941486
2022-03-14	935383
2022-03-13	766163
2022-03-12	818806
2022-03-11	911121
2022-03-10	1005046
2022-03-09	967729
2022-03-08	963012
2022-03-07	926136
2022-03-06	784370
2022-03-05	818445
2022-03-04	966182
2022-03-03	1017862
2022-03-02	1100872
2022-03-01	1066006
2022-02-28	979415
2022-02-27	792012
2022-02-26	816478
2022-02-25	942391
2022-02-24	956898
2022-02-23	863872
2022-02-22	909069
2022-02-21	882870
2022-02-20	745783
2022-02-19	859806
2022-02-18	950177
2022-02-17	938318
2022-02-16	930742
2022-02-15	1022494
2022-02-14	904274
2022-02-13	827179
2022-02-12	1088876
2022-02-11	984285
2022-02-10	1029618
2022-02-09	1005608
2022-02-08	1024351
2022-02-07	933433
2022-02-06	913200
2022-02-05	961340
2022-02-04	890327
2022-02-03	937908
2022-02-02	981122
2022-02-01	1063484
2022-01-31	999813
2022-01-30	783141
2022-01-29	832877
2022-01-28	955985
2022-01-27	912466
2022-01-26	885174
2022-01-25	897415
2022-01-24	976712
2022-01-23	767044
2022-01-22	997611
2022-01-21	1033192
2022-01-20	958119
2022-01-19	950212
2022-01-18	916974
2022-01-17	971298
2022-01-16	775715
2022-01-15	830710
2022-01-14	991166
2022-01-13	948196
2022-01-12	972780
2022-01-11	964369
2022-01-10	968910
2022-01-09	763229
2022-01-08	822664
2022-01-07	969222
2022-01-06	960123
2022-01-05	1010591
2022-01-04	981322
2022-01-03	937567
2022-01-02	747901
2022-01-01	703687
2021-12-31	1115526
2021-12-30	983172
2021-12-29	1147265
2021-12-28	1052127
2021-12-27	1001923
2021-12-26	771509
2021-12-25	878650
2021-12-24	987514
2021-12-23	991258
2021-12-22	1007074
2021-12-21	1020149
2021-12-20	1015320
2021-12-19	741075
2021-12-18	877278
2021-12-17	993183
2021-12-16	883914
2021-12-15	1059017
2021-12-14	970932
2021-12-13	978610
2021-12-12	747889
2021-12-11	818663
2021-12-10	942604
2021-12-09	1118585
2021-12-08	920483
2021-12-07	1009283
2021-12-06	1068510
2021-12-05	974421
2021-12-04	973332
2021-12-03	1018511
2021-12-02	1188324
2021-12-01	1066896
2021-11-30	970183
2021-11-29	993337
2021-11-28	817993
2021-11-27	802097
2021-11-26	1015247
2021-11-25	986642
2021-11-24	1092846
2021-11-23	921004
2021-11-22	931794
2021-11-21	861537
2021-11-20	867447
2021-11-19	974692
2021-11-18	992178
2021-11-17	1006223
2021-11-16	1037312
2021-11-15	1078080
2021-11-14	820224
2021-11-13	845061
2021-11-12	960970
2021-11-11	1049695
2021-11-10	1039083
2021-11-09	1195964
2021-11-08	998089
2021-11-07	843881
2021-11-06	834639
2021-11-05	1050274
2021-11-04	1017736
2021-11-03	1058657
2021-11-02	1039531
2021-11-01	1080241
2021-10-31	883834
2021-10-30	912641
2021-10-29	1018114
2021-10-28	1056342
2021-10-27	977381
2021-10-26	1000999
2021-10-25	1076612
2021-10-24	753932
2021-10-23	824852
2021-10-22	984230
2021-10-21	1143093
2021-10-20	981559
2021-10-19	1087443
2021-10-18	992177
2021-10-17	839443
2021-10-16	955334
2021-10-15	1032014
2021-10-14	1002358
2021-10-13	1004822
2021-10-12	962449
2021-10-11	1017932
2021-10-10	803883
2021-10-09	1017910
2021-10-08	986355
2021-10-07	1147003
2021-10-06	902218
2021-10-05	1058306
2021-10-04	1040922
2021-10-03	815756
2021-10-02	978461
2021-10-01	962874
2021-09-30	1085666
2021-09-29	842156
2021-09-28	943302
2021-09-27	894905
2021-09-26	720222
2021-09-25	720157
2021-09-24	979201
2021-09-23	915784
2021-09-22	916099
2021-09-21	856395
2021-09-20	1021826
2021-09-19	727219
2021-09-18	834528
2021-09-17	951976
2021-09-16	1039227
2021-09-15	984065
2021-09-14	952672
2021-09-13	929205
2021-09-12	714327
2021-09-11	858711
2021-09-10	909854
2021-09-09	942426
2021-09-08	913342
2021-09-07	942065
2021-09-06	975521
2021-09-05	741843
2021-09-04	799676
2021-09-03	1032028
2021-09-02	1027555
2021-09-01	970432
2021-08-31	935955
2021-08-30	919072
2021-08-29	683619
2021-08-28	756327
2021-08-27	864268
2021-08-26	846598
2021-08-25	869269
2021-08-24	955195
2021-08-23	981745
2021-08-22	723240
2021-08-21	804867
2021-08-20	986387
2021-08-19	895377
2021-08-18	881951
2021-08-17	969682
2021-08-16	965998
2021-08-15	766285
2021-08-14	728140
2021-08-13	937232
2021-08-12	849471
2021-08-11	873969
2021-08-10	895480
2021-08-09	929034
2021-08-08	730498
2021-08-07	747230
2021-08-06	905784
2021-08-05	853896
2021-08-04	852595
2021-08-03	830521
2021-08-02	915849
2021-08-01	687296
2021-07-31	739461
2021-07-30	856797
2021-07-29	890174
2021-07-28	864677
2021-07-27	920476
2021-07-26	944619
2021-07-25	655409
2021-07-24	726848
2021-07-23	802628
2021-07-22	808746
2021-07-21	817021
2021-07-20	829637
2021-07-19	851082
2021-07-18	645619
2021-07-17	650785
2021-07-16	772846
2021-07-15	838706
2021-07-14	827355
2021-07-13	819404
2021-07-12	827843
2021-07-11	719771
2021-07-10	708313
2021-07-09	850023
2021-07-08	808253
2021-07-07	817306
2021-07-06	844029
2021-07-05	927307
2021-07-04	853740
2021-07-03	1025373
2021-07-02	811147
2021-07-01	832632
2021-06-30	776819
2021-06-29	802064
2021-06-28	789301
2021-06-27	507420
2021-06-26	721267
2021-06-25	867884
2021-06-24	861032
2021-06-23	855569
2021-06-22	776294
2021-06-21	827011
2021-06-20	656232
2021-06-19	699556
2021-06-18	824328
2021-06-17	873122
2021-06-16	956251
2021-06-15	988538
2021-06-14	954988
2021-06-13	806068
2021-06-12	1013404
2021-06-11	889352
2021-06-10	945059
2021-06-09	820199
2021-06-08	1008748
2021-06-07	912797
2021-06-06	724487
2021-06-05	779545
2021-06-04	921892
2021-06-03	1021654
2021-06-02	1088205
2021-06-01	921569
2021-05-31	983731
2021-05-30	997986
2021-05-29	873487
2021-05-28	971076
2021-05-27	865305
2021-05-26	942875
2021-05-25	975706
2021-05-24	974827
2021-05-23	966136
2021-05-22	920089
2021-05-21	950130
2021-05-20	945687
2021-05-19	1027970
2021-05-18	857995
2021-05-17	965712
2021-05-16	979399
2021-05-15	963546
2021-05-14	1072614
2021-05-13	1192796
2021-05-12	1266735
2021-05-11	1250432
2021-05-10	1317509
2021-05-09	1241582
2021-05-08	1177648
2021-05-07	1195688
2021-05-06	1242448
2021-05-05	1216037
2021-05-04	1295533
2021-05-03	1271242
2021-05-02	1248561
2021-05-01	1051913
2021-04-30	1119846
2021-04-29	997879
2021-04-28	1121374
2021-04-27	1097458
2021-04-26	948650
2021-04-25	1033232
2021-04-24	1129982
2021-04-23	1121883
2021-04-22	1124380
2021-04-21	925510
2021-04-20	1126096
2021-04-19	890831
2021-04-18	1052011
2021-04-17	842490
2021-04-16	938241
2021-04-15	1368446
2021-04-14	1155927
2021-04-13	1178675
2021-04-12	1131851
2021-04-11	1056340
2021-04-10	1167266
2021-04-09	1230357
2021-04-08	1099573
2021-04-07	1248811
2021-04-06	1196411
2021-04-05	1228669
2021-04-04	1043036
2021-04-03	1030471
2021-04-02	1111019
2021-04-01	1142123
2021-03-31	1250492
2021-03-30	1156120
2021-03-29	1120831
2021-03-28	1076860
2021-03-27	1154917
2021-03-26	1098753
2021-03-25	1212522
2021-03-24	1163145
2021-03-23	1241595
2021-03-22	1151612
2021-03-21	1106157
2021-03-20	1141770
2021-03-19	1167778
2021-03-18	1215730
2021-03-17	1126915
2021-03-16	1167303
2021-03-15	1171129
2021-03-14	1167862
2021-03-13	1115013
2021-03-12	1189158
2021-03-11	1086818
2021-03-10	1183231
2021-03-09	1091867
2021-03-08	1174988
2021-03-07	1050974
2021-03-06	1133078
2021-03-05	1169154
2021-03-04	1046922
2021-03-03	1186311
2021-03-02	1135141
2021-03-01	1089780
2021-02-28	1033356
2021-02-27	1206178
2021-02-26	1125624
2021-02-25	1220361
2021-02-24	1242369
2021-02-23	1062759
2021-02-22	1099128
2021-02-21	1046681
2021-02-20	1194605
2021-02-19	1251430
2021-02-18	1142942
2021-02-17	1142720
2021-02-16	996111
2021-02-15	1146720
2021-02-14	1118974
2021-02-13	1224606
2021-02-12	1153262
2021-02-11	1067369
2021-02-10	1189875
2021-02-09	1184738
2021-02-08	1248710
2021-02-07	1156729
2021-02-06	1163858
2021-02-05	1262356
2021-02-04	1234340
2021-02-03	1193560
2021-02-02	1216327
2021-02-01	985275
2021-01-31	1080570
2021-01-30	1089067
2021-01-29	1217518
2021-01-28	1104168
2021-01-27	1108814
2021-01-26	1187227
2021-01-25	1124380
2021-01-24	1006861
2021-01-23	1141674
2021-01-22	1104253
2021-01-21	1076271
2021-01-20	1097715
2021-01-19	1106821
2021-01-18	1089185
2021-01-17	1013712
2021-01-16	1120297
2021-01-15	1210431
2021-01-14	1170717
2021-01-13	1167752
2021-01-12	1213667
2021-01-11	1211336
2021-01-10	1183261
2021-01-09	1102951
2021-01-08	1239827
2021-01-07	1296053
2021-01-06	1348484
2021-01-05	1239169
2021-01-04	1282625
2021-01-03	1194185
2021-01-02	1144903
2021-01-01	1003690
2020-12-31	1208524
2020-12-30	1221423
2020-12-29	1154890
2020-12-28	1150942
2020-12-27	1066022
2020-12-26	954584
2020-12-25	1030838
2020-12-24	975658
2020-12-23	1136460
2020-12-22	1102565
2020-12-21	1128470
2020-12-20	1083257
2020-12-19	1169476
2020-12-18	1197425
2020-12-17	1071652
2020-12-16	1097514
2020-12-15	1051653
2020-12-14	984095
2020-12-13	950690
2020-12-12	968857
2020-12-11	1079199
2020-12-10	996607
2020-12-09	1062909
2020-12-08	1066196
2020-12-07	1021082
2020-12-06	917279
2020-12-05	1079825
2020-12-04	1077785
2020-12-03	1173566
2020-12-02	1021217
2020-12-01	1173783
2020-11-30	893156
2020-11-29	890939
2020-11-28	1050540
2020-11-27	1103114
2020-11-26	1124058
2020-11-25	1133404
2020-11-24	1060309
2020-11-23	1008161
2020-11-22	876077
2020-11-21	1028346
2020-11-20	1188355
2020-11-19	1062290
2020-11-18	1193670
2020-11-17	1140199
2020-11-16	1042566
2020-11-15	868441
2020-11-14	923828
2020-11-13	1007716
2020-11-12	1057681
2020-11-11	1024519
2020-11-10	1028073
2020-11-09	1209513
2020-11-08	932713
2020-11-07	1059747
2020-11-06	1088848
2020-11-05	1074285
2020-11-04	1172973
2020-11-03	1036673
2020-11-02	782160
2020-11-01	894688
2020-10-31	884817
2020-10-30	900409
2020-10-29	892820
2020-10-28	821377
2020-10-27	829584
2020-10-26	828770
2020-10-25	857717
2020-10-24	1102593
2020-10-23	989606
2020-10-22	1051445
2020-10-21	1014122
2020-10-20	1017603
2020-10-19	937659
2020-10-18	735424
2020-10-17	854061
2020-10-16	994310
2020-10-15	1046621
2020-10-14	944126
2020-10-13	1065009
2020-10-12	947074
2020-10-11	802894
2020-10-10	921691
2020-10-09	1011644
2020-10-08	1045186
2020-10-07	1068933
2020-10-06	982298
2020-10-05	951108
2020-10-04	926183
2020-10-03	1019376
2020-10-02	991524
2020-10-01	934982
2020-09-30	1124558
2020-09-29	1009336
2020-09-28	878745
2020-09-27	795760
2020-09-26	959416
2020-09-25	1154509
2020-09-24	950734
2020-09-23	1021138
2020-09-22	975383
2020-09-21	952266
2020-09-20	816881
2020-09-19	910164
2020-09-18	980147
2020-09-17	1118361
2020-09-16	1075646
2020-09-15	976363
2020-09-14	1033414
2020-09-13	801618
2020-09-12	910805
2020-09-11	968474
2020-09-10	1105281
2020-09-09	973331
2020-09-08	990830
2020-09-07	1099514
2020-09-06	1002063
2020-09-05	987399
2020-09-04	1013330
2020-09-03	985739
2020-09-02	1034209
2020-09-01	1089210
2020-08-31	931549
2020-08-30	839662
2020-08-29	985094
2020-08-28	1089313
2020-08-27	958992
2020-08-26	1039702
2020-08-25	959916
2020-08-24	943490
2020-08-23	926956
2020-08-22	963973
2020-08-21	1098887
2020-08-20	1004719
2020-08-19	984468
2020-08-18	1021120
2020-08-17	890289
2020-08-16	897723
2020-08-15	987359
2020-08-14	1099122
2020-08-13	954330
2020-08-12	1064980
2020-08-11	1091961
2020-08-10	977807
2020-08-09	913883
2020-08-08	956982
2020-08-07	1056177
2020-08-06	1130815
2020-08-05	960098
2020-08-04	1001974
2020-08-03	1087285
2020-08-02	961511
2020-08-01	962645
2020-07-31	1065584
2020-07-30	972959
2020-07-29	1048886
2020-07-28	1060050
2020-07-27	1027493
2020-07-26	1005933
2020-07-25	979174
2020-07-24	1086693
2020-07-23	988083
2020-07-22	1024306
2020-07-21	928809
2020-07-20	945876
2020-07-19	883750
2020-07-18	894991
2020-07-17	858601
2020-07-16	974469
2020-07-15	972945
2020-07-14	1008030
2020-07-13	913626
2020-07-12	755307
2020-07-11	890511
2020-07-10	994020
2020-07-09	1051240
2020-07-08	1024774
2020-07-07	978928
2020-07-06	1002538
2020-07-05	776789
2020-07-04	817057
2020-07-03	954683
2020-07-02	968985
2020-07-01	1091883
2020-06-30	938812
2020-06-29	950697
2020-06-28	699408
2020-06-27	784452
2020-06-26	945633
2020-06-25	898830
2020-06-24	936111
2020-06-23	1044734
2020-06-22	846995
2020-06-21	726175
2020-06-20	780726
2020-06-19	960310
2020-06-18	856951
2020-06-17	933528
2020-06-16	992090
2020-06-15	874857
2020-06-14	703360
2020-06-13	822890
2020-06-12	929963
2020-06-11	1051109
2020-06-10	918863
2020-06-09	940560
2020-06-08	980377
2020-06-07	700237
2020-06-06	791428
2020-06-05	927188
2020-06-04	912565
2020-06-03	961251
2020-06-02	902307
2020-06-01	889872
2020-05-31	806377
2020-05-30	915981
2020-05-29	858638
2020-05-28	874348
2020-05-27	914536
2020-05-26	876092
2020-05-25	831210
2020-05-24	814572
2020-05-23	853635
2020-05-22	802123
2020-05-21	927079
2020-05-20	880458
2020-05-19	893883
2020-05-18	969202
2020-05-17	775036
2020-05-16	884995
2020-05-15	901217
2020-05-14	885249
2020-05-13	860632
2020-05-12	966723
2020-05-11	1001130
2020-05-10	884533
2020-05-09	919601
2020-05-08	958464
2020-05-07	1018694
2020-05-06	983514
2020-05-05	981599
2020-05-04	903205
2020-05-03	915872
2020-05-02	995598
2020-05-01	950575
2020-04-30	955268
2020-04-29	919164
2020-04-28	943523
2020-04-27	883071
2020-04-26	716591
2020-04-25	835211
2020-04-24	903172
2020-04-23	949362
2020-04-22	756886
2020-04-21	826820
2020-04-20	861163
2020-04-19	721017
2020-04-18	875649
2020-04-17	856386
2020-04-16	880877
2020-04-15	945210
2020-04-14	836310
2020-04-13	790180
2020-04-12	616567
2020-04-11	643484
2020-04-10	750288
2020-04-09	734627
2020-04-08	787342
2020-04-07	956984
2020-04-06	780520
2020-04-05	608720
2020-04-04	666600
2020-04-03	764473
2020-04-02	815117
2020-04-01	819464
2020-03-31	834050
2020-03-30	788798
2020-03-29	592536
2020-03-28	637889
2020-03-27	850337
2020-03-26	893980
2020-03-25	598712
2020-03-24	742260
2020-03-23	689405
2020-03-22	564483
2020-03-21	668556
2020-03-20	741538
2020-03-19	721003
2020-03-18	637093
2020-03-17	767792
2020-03-16	738358
2020-03-15	655029
2020-03-14	778463
2020-03-13	790528
2020-03-12	928287
2020-03-11	727804
2020-03-10	826647
2020-03-09	826066
2020-03-08	660606
2020-03-07	695748
2020-03-06	818398
2020-03-05	806481
2020-03-04	891259
2020-03-03	854329
2020-03-02	838460
2020-03-01	693012
2020-02-29	691341
2020-02-28	818281
2020-02-27	795263
2020-02-26	787332
2020-02-25	753553
2020-02-24	776140
2020-02-23	626125
2020-02-22	693755
2020-02-21	788126
2020-02-20	780227
2020-02-19	806844
2020-02-18	797723
2020-02-17	793229
2020-02-16	659491
2020-02-15	771499
2020-02-14	743762
2020-02-13	842953
2020-02-12	826232
2020-02-11	906170
2020-02-10	721478
2020-02-09	705457
2020-02-08	741496
2020-02-07	881461
2020-02-06	762755
2020-02-05	854413
2020-02-04	781460
2020-02-03	880626
2020-02-02	742165
2020-02-01	735593
2020-01-31	788227
2020-01-30	779424
2020-01-29	792832
2020-01-28	836582
2020-01-27	714325
2020-01-26	589726
2020-01-25	667450
2020-01-24	747701
2020-01-23	785637
2020-01-22	801211
2020-01-21	771496
2020-01-20	753896
2020-01-19	653912
2020-01-18	652540
2020-01-17	774012
2020-01-16	761525
2020-01-15	787490
2020-01-14	867310
2020-01-13	700552
2020-01-12	614378
2020-01-11	679792
2020-01-10	804292
2020-01-09	798148
2020-01-08	762152
2020-01-07	793752
2020-01-06	738884
2020-01-05	617940
2020-01-04	638070
2020-01-03	733099
2020-01-02	696061
2020-01-01	543325
2019-12-31	686605
2019-12-30	750636
2019-12-29	606660
2019-12-28	651017
2019-12-27	725751
2019-12-26	659669
2019-12-25	560851
2019-12-24	684733
2019-12-23	724032
2019-12-22	608464
2019-12-21	645839
2019-12-20	731570
2019-12-19	747228
2019-12-18	759545
2019-12-17	907264
2019-12-16	811549
2019-12-15	661886
2019-12-14	650993
2019-12-13	749138
2019-12-12	741807
2019-12-11	808846
2019-12-10	821791
2019-12-09	802840
2019-12-08	610741
2019-12-07	680070
2019-12-06	764220
2019-12-05	750875
2019-12-04	782018
2019-12-03	772416
2019-12-02	754563
2019-12-01	626684
2019-11-30	693647
2019-11-29	750134
2019-11-28	722124
2019-11-27	845211
2019-11-26	799457
2019-11-25	682392
2019-11-24	579123
2019-11-23	692979
2019-11-22	823718
2019-11-21	810934
2019-11-20	721713
2019-11-19	850199
2019-11-18	706583
2019-11-17	618290
2019-11-16	703108
2019-11-15	783649
2019-11-14	770964
2019-11-13	778776
2019-11-12	697597
2019-11-11	721190
2019-11-10	608540
2019-11-09	747618
2019-11-08	740142
2019-11-07	803598
2019-11-06	854864
2019-11-05	811465
2019-11-04	760820
2019-11-03	650360
2019-11-02	649866
2019-11-01	811229
2019-10-31	721479
2019-10-30	745381
2019-10-29	745317
2019-10-28	770522
2019-10-27	608889
2019-10-26	783057
2019-10-25	806794
2019-10-24	732414
2019-10-23	768722
2019-10-22	749792
2019-10-21	763038
2019-10-20	593306
2019-10-19	654735
2019-10-18	699255
2019-10-17	751155
2019-10-16	763139
2019-10-15	732096
2019-10-14	714529
2019-10-13	564137
2019-10-12	614227
2019-10-11	751493
2019-10-10	756672
2019-10-09	720117
2019-10-08	743943
2019-10-07	760241
2019-10-06	584930
2019-10-05	658270
2019-10-04	733685
2019-10-03	723661
2019-10-02	734492
2019-10-01	792546
2019-09-30	759048
2019-09-29	581939
2019-09-28	652682
2019-09-27	721178
2019-09-26	773419
2019-09-25	825103
2019-09-24	863866
2019-09-23	745122
2019-09-22	625449
2019-09-21	673285
2019-09-20	758288
2019-09-19	758469
2019-09-18	887035
2019-09-17	808713
2019-09-16	801535
2019-09-15	587576
2019-09-14	682788
2019-09-13	783394
2019-09-12	775111
2019-09-11	821400
2019-09-10	832883
2019-09-09	790664
2019-09-08	593894
2019-09-07	643202
2019-09-06	816899
2019-09-05	762227
2019-09-04	770403
2019-09-03	825786
2019-09-02	750534
2019-09-01	591637
2019-08-31	636292
2019-08-30	756677
2019-08-29	761717
2019-08-28	738073
2019-08-27	753395
2019-08-26	771525
2019-08-25	546990
2019-08-24	726337
2019-08-23	815080
2019-08-22	848259
2019-08-21	791958
2019-08-20	776189
2019-08-19	727138
2019-08-18	559206
2019-08-17	597735
2019-08-16	716590
2019-08-15	740777
2019-08-14	787817
2019-08-13	916637
2019-08-12	683471
2019-08-11	573508
2019-08-10	639080
2019-08-09	773649
2019-08-08	846611
2019-08-07	871200
2019-08-06	885062
2019-08-05	820648
2019-08-04	609533
2019-08-03	653484
2019-08-02	803424
2019-08-01	784671
2019-07-31	804228
2019-07-30	770270
2019-07-29	753702
2019-07-28	556661
2019-07-27	610543
2019-07-26	777937
2019-07-25	802462
2019-07-24	741865
2019-07-23	737011
2019-07-22	731341
2019-07-21	569001
2019-07-20	750063
2019-07-19	763382
2019-07-18	764256
2019-07-17	768199
2019-07-16	819215
2019-07-15	791104
2019-07-14	625446
2019-07-13	687624
2019-07-12	940406
2019-07-11	804123
2019-07-10	820440
2019-07-09	846357
2019-07-08	863272
2019-07-07	637489
2019-07-06	711108
2019-07-05	854082
2019-07-04	853837
2019-07-03	928004
2019-07-02	925034
2019-07-01	862809
2019-06-30	710855
2019-06-29	892393
2019-06-28	1039984
2019-06-27	921095
2019-06-26	1067038
2019-06-25	942990
2019-06-24	1002172
2019-06-23	932668
2019-06-22	875146
2019-06-21	867237
2019-06-20	851976
2019-06-19	940654
2019-06-18	982557
2019-06-17	823860
2019-06-16	723849
2019-06-15	893180
2019-06-14	1060602
2019-06-13	926412
2019-06-12	824197
2019-06-11	869309
2019-06-10	833904
2019-06-09	610433
2019-06-08	661535
2019-06-07	888602
2019-06-06	852883
2019-06-05	908415
2019-06-04	939577
2019-06-03	758320
2019-06-02	731098
2019-06-01	881660
2019-05-31	791688
2019-05-30	887741
2019-05-29	932901
2019-05-28	985719
2019-05-27	920997
2019-05-26	705386
2019-05-25	749293
2019-05-24	897989
2019-05-23	870437
2019-05-22	912107
2019-05-21	919192
2019-05-20	869875
2019-05-19	786670
2019-05-18	887987
2019-05-17	934336
2019-05-16	912985
2019-05-15	906193
2019-05-14	928465
2019-05-13	905136
2019-05-12	855440
2019-05-11	802405
2019-05-10	808103
2019-05-09	856022
2019-05-08	872619
2019-05-07	785306
2019-05-06	801591
2019-05-05	652096
2019-05-04	694252
2019-05-03	837488
2019-05-02	828841
2019-05-01	802691
2019-04-30	865426
2019-04-29	828573
2019-04-28	637889
2019-04-27	653097
2019-04-26	808788
2019-04-25	793482
2019-04-24	918384
2019-04-23	744630
2019-04-22	684024
2019-04-21	736169
2019-04-20	727204
2019-04-19	828920
2019-04-18	784146
2019-04-17	782031
2019-04-16	805383
2019-04-15	812394
2019-04-14	632313
2019-04-13	634235
2019-04-12	807079
2019-04-11	853807
2019-04-10	820131
2019-04-09	809788
2019-04-08	815867
2019-04-07	663859
2019-04-06	716047
2019-04-05	925289
2019-04-04	839066
2019-04-03	897707
2019-04-02	931387
2019-04-01	742925
2019-03-31	691799
2019-03-30	735911
2019-03-29	809947
2019-03-28	816964
2019-03-27	823614
2019-03-26	725012
2019-03-25	738507
2019-03-24	569880
2019-03-23	593810
2019-03-22	735026
2019-03-21	721365
2019-03-20	753347
2019-03-19	764409
2019-03-18	729520
2019-03-17	549122
2019-03-16	624234
2019-03-15	732220
2019-03-14	754397
2019-03-13	728433
2019-03-12	710449
2019-03-11	762249
2019-03-10	530849
2019-03-09	611435
2019-03-08	722941
2019-03-07	700381
2019-03-06	748454
2019-03-05	718015
2019-03-04	700424
2019-03-03	595430
2019-03-02	664627
2019-03-01	752393
2019-02-28	723161
2019-02-27	706548
2019-02-26	734105
2019-02-25	698360
2019-02-24	600042
2019-02-23	600634
2019-02-22	765893
2019-02-21	671016
2019-02-20	719167
2019-02-19	748424
2019-02-18	719362
2019-02-17	568092
2019-02-16	642958
2019-02-15	645085
2019-02-14	659013
2019-02-13	792204
2019-02-12	842858
2019-02-11	723279
2019-02-10	537945
2019-02-09	604407
2019-02-08	727382
2019-02-07	685367
2019-02-06	722314
2019-02-05	683680
2019-02-04	650416
2019-02-03	561526
2019-02-02	597362
2019-02-01	700878
2019-01-31	678650
2019-01-30	647204
2019-01-29	664300
2019-01-28	666174
2019-01-27	532591
2019-01-26	621149
2019-01-25	657356
2019-01-24	660872
2019-01-23	708846
2019-01-22	626613
2019-01-21	631330
2019-01-20	549773
2019-01-19	557299
2019-01-18	652367
2019-01-17	636329
2019-01-16	678059
2019-01-15	645081
2019-01-14	636617
2019-01-13	518576
2019-01-12	542093
2019-01-11	655751
2019-01-10	680078
2019-01-09	646347
2019-01-08	655007
2019-01-07	633246
2019-01-06	545467
2019-01-05	545846
2019-01-04	615961
2019-01-03	630077
2019-01-02	613261
2019-01-01	461105
2018-12-31	581317
2018-12-30	566963
2018-12-29	595184
2018-12-28	671839
2018-12-27	651466
2018-12-26	578227
2018-12-25	526841
2018-12-24	613783
2018-12-23	556098
2018-12-22	580350
2018-12-21	684456
2018-12-20	674536
2018-12-19	734734
2018-12-18	669403
2018-12-17	727582
2018-12-16	560839
2018-12-15	629936
2018-12-14	723450
2018-12-13	669120
2018-12-12	649869
2018-12-11	643565
2018-12-10	642160
2018-12-09	545200
2018-12-08	557725
2018-12-07	680079
2018-12-06	678431
2018-12-05	623076
2018-12-04	697990
2018-12-03	594029
2018-12-02	529374
2018-12-01	611585
2018-11-30	611146
2018-11-29	627382
2018-11-28	634492
2018-11-27	664504
2018-11-26	649621
2018-11-25	588419
2018-11-24	602095
2018-11-23	658702
2018-11-22	674777
2018-11-21	642219
2018-11-20	781612
2018-11-19	693761
2018-11-18	572212
2018-11-17	616227
2018-11-16	728953
2018-11-15	736412
2018-11-14	746378
2018-11-13	669519
2018-11-12	708464
2018-11-11	614666
2018-11-10	616864
2018-11-09	725173
2018-11-08	721536
2018-11-07	727200
2018-11-06	715671
2018-11-05	736330
2018-11-04	638497
2018-11-03	664462
2018-11-02	789905
2018-11-01	716325
2018-10-31	732516
2018-10-30	722192
2018-10-29	732345
2018-10-28	583240
2018-10-27	599637
2018-10-26	705500
2018-10-25	674946
2018-10-24	652136
2018-10-23	697985
2018-10-22	692314
2018-10-21	572486
2018-10-20	611379
2018-10-19	701213
2018-10-18	670447
2018-10-17	688109
2018-10-16	694685
2018-10-15	716731
2018-10-14	533594
2018-10-13	583522
2018-10-12	704003
2018-10-11	699363
2018-10-10	653131
2018-10-09	632009
2018-10-08	656648
2018-10-07	607630
2018-10-06	597479
2018-10-05	697142
2018-10-04	652955
2018-10-03	703346
2018-10-02	686740
2018-10-01	682978
2018-09-30	543253
2018-09-29	563086
2018-09-28	684920
2018-09-27	645101
2018-09-26	638491
2018-09-25	659797
2018-09-24	625278
2018-09-23	517479
2018-09-22	573260
2018-09-21	727401
2018-09-20	641789
2018-09-19	646913
2018-09-18	648567
2018-09-17	640997
2018-09-16	476502
2018-09-15	563724
2018-09-14	626748
2018-09-13	614272
2018-09-12	606273
2018-09-11	657659
2018-09-10	619760
2018-09-09	512601
2018-09-08	551231
2018-09-07	695708
2018-09-06	674168
2018-09-05	671171
2018-09-04	635288
2018-09-03	619115
2018-09-02	501961
2018-09-01	572708
2018-08-31	657088
2018-08-30	627437
2018-08-29	677005
2018-08-28	669852
2018-08-27	670286
2018-08-26	506696
2018-08-25	553307
2018-08-24	637445
2018-08-23	575309
2018-08-22	644814
2018-08-21	595311
2018-08-20	629941
2018-08-19	518565
2018-08-18	508161
2018-08-17	659137
2018-08-16	627176
2018-08-15	690139
2018-08-14	665106
2018-08-13	618980
2018-08-12	483751
2018-08-11	531739
2018-08-10	664519
2018-08-09	636348
2018-08-08	657844
2018-08-07	713514
2018-08-06	660988
2018-08-05	501318
2018-08-04	548835
2018-08-03	696718
2018-08-02	640776
2018-08-01	713287
2018-07-31	697539
2018-07-30	643271
2018-07-29	490273
2018-07-28	570157
2018-07-27	726245
2018-07-26	648173
2018-07-25	785007
2018-07-24	728369
2018-07-23	717809
2018-07-22	463902
2018-07-21	511231
2018-07-20	659346
2018-07-19	645071
2018-07-18	780118
2018-07-17	696983
2018-07-16	591036
2018-07-15	515490
2018-07-14	816904
2018-07-13	940736
2018-07-12	952133
2018-07-11	625249
2018-07-10	674996
2018-07-09	636033
2018-07-08	499531
2018-07-07	482580
2018-07-06	655859
2018-07-05	554487
2018-07-04	619779
2018-07-03	667943
2018-07-02	647264
2018-07-01	491879
2018-06-30	575034
2018-06-29	597323
2018-06-28	562176
2018-06-27	596895
2018-06-26	620530
2018-06-25	622576
2018-06-24	465351
2018-06-23	490606
2018-06-22	628367
2018-06-21	572851
2018-06-20	593528
2018-06-19	630701
2018-06-18	581840
2018-06-17	442321
2018-06-16	448709
2018-06-15	637867
2018-06-14	592409
2018-06-13	668119
2018-06-12	662459
2018-06-11	596633
2018-06-10	537058
2018-06-09	498294
2018-06-08	655501
2018-06-07	641565
2018-06-06	657356
2018-06-05	661376
2018-06-04	708308
2018-06-03	536366
2018-06-02	528261
2018-06-01	697999
2018-05-31	633570
2018-05-30	598661
2018-05-29	610910
2018-05-28	597039
2018-05-27	447062
2018-05-26	472333
2018-05-25	624360
2018-05-24	576660
2018-05-23	648114
2018-05-22	593732
2018-05-21	628005
2018-05-20	480119
2018-05-19	520662
2018-05-18	710771
2018-05-17	635087
2018-05-16	611010
2018-05-15	645896
2018-05-14	641742
2018-05-13	488183
2018-05-12	594827
2018-05-11	765655
2018-05-10	623605
2018-05-09	617853
2018-05-08	675731
2018-05-07	667042
2018-05-06	539977
2018-05-05	634526
2018-05-04	702444
2018-05-03	670349
2018-05-02	689284
2018-05-01	638057
2018-04-30	648401
2018-04-29	549012
2018-04-28	580639
2018-04-27	681912
2018-04-26	666593
2018-04-25	694533
2018-04-24	783122
2018-04-23	651279
2018-04-22	515379
2018-04-21	625491
2018-04-20	658440
2018-04-19	649807
2018-04-18	593728
2018-04-17	613343
2018-04-16	742491
2018-04-15	591039
2018-04-14	497549
2018-04-13	654807
2018-04-12	625416
2018-04-11	543094
2018-04-10	571412
2018-04-09	549006
2018-04-08	410502
2018-04-07	504278
2018-04-06	643506
2018-04-05	539742
2018-04-04	572121
2018-04-03	599016
2018-04-02	498636
2018-04-01	427489
2018-03-31	483684
2018-03-30	575601
2018-03-29	570132
2018-03-28	548051
2018-03-27	608149
2018-03-26	589103
2018-03-25	446626
2018-03-24	542035
2018-03-23	629230
2018-03-22	600305
2018-03-21	579292
2018-03-20	574335
2018-03-19	588000
2018-03-18	539648
2018-03-17	464245
2018-03-16	598710
2018-03-15	622464
2018-03-14	579629
2018-03-13	771468
2018-03-12	851084
2018-03-11	888958
2018-03-10	814934
2018-03-09	887960
2018-03-08	920570
2018-03-07	928851
2018-03-06	845625
2018-03-05	854266
2018-03-04	805403
2018-03-03	935002
2018-03-02	752596
2018-03-01	824240
2018-02-28	809779
2018-02-27	720090
2018-02-26	675606
2018-02-25	531590
2018-02-24	707478
2018-02-23	743339
2018-02-22	717202
2018-02-21	709530
2018-02-20	718120
2018-02-19	853281
2018-02-18	733485
2018-02-17	773685
2018-02-16	777060
2018-02-15	792480
2018-02-14	941608
2018-02-13	856261
2018-02-12	918494
2018-02-11	821981
2018-02-10	746239
2018-02-09	778811
2018-02-08	750412
2018-02-07	819765
2018-02-06	1007028
2018-02-05	910410
2018-02-04	727585
2018-02-03	722943
2018-02-02	859632
2018-02-01	848865
2018-01-31	681635
2018-01-30	845783
2018-01-29	785522
2018-01-28	777053
2018-01-27	876974
2018-01-26	813618
2018-01-25	847796
2018-01-24	953050
2018-01-23	937619
2018-01-22	951619
2018-01-21	991753
2018-01-20	979236
2018-01-19	1033373
2018-01-18	1060979
2018-01-17	1097689
2018-01-16	1006185
2018-01-15	959309
2018-01-14	972468
2018-01-13	948768
2018-01-12	1158813
2018-01-11	1230730
2018-01-10	1131299
2018-01-09	1156807
2018-01-08	1165435
2018-01-07	1133382
2018-01-06	1178753
2018-01-05	1074215
2018-01-04	1261665
2018-01-03	1138158
2018-01-02	1147833
2018-01-01	971215
2017-12-31	1011390
2017-12-30	1014272
2017-12-29	1100149
2017-12-28	1008308
2017-12-27	1036878
2017-12-26	917770
2017-12-25	884229
2017-12-24	1028472
2017-12-23	989778
2017-12-22	1118979
2017-12-21	1006303
2017-12-20	1030900
2017-12-19	1054026
2017-12-18	1204506
2017-12-17	1182589
2017-12-16	1142998
2017-12-15	1186295
2017-12-14	1289172
2017-12-13	1266277
2017-12-12	1101611
2017-12-11	1157672
2017-12-10	1081860
2017-12-09	1192760
2017-12-08	1129057
2017-12-07	1074279
2017-12-06	1243969
2017-12-05	1162235
2017-12-04	1154127
2017-12-03	1032301
2017-12-02	965635
2017-12-01	1149321
2017-11-30	1089772
2017-11-29	1136365
2017-11-28	1030379
2017-11-27	1064910
2017-11-26	942272
2017-11-25	945295
2017-11-24	917417
2017-11-23	964629
2017-11-22	875893
2017-11-21	1002106
2017-11-20	993656
2017-11-19	912452
2017-11-18	853524
2017-11-17	996197
2017-11-16	907546
2017-11-15	954914
2017-11-14	820592
2017-11-13	922985
2017-11-12	600267
2017-11-11	580285
2017-11-10	798478
2017-11-09	949958
2017-11-08	866204
2017-11-07	947186
2017-11-06	829421
2017-11-05	808762
2017-11-04	805930
2017-11-03	821734
2017-11-02	922062
2017-11-01	967634
2017-10-31	833764
2017-10-30	895467
2017-10-29	924869
2017-10-28	557169
2017-10-27	675820
2017-10-26	738100
2017-10-25	926100
2017-10-24	962656
2017-10-23	881597
2017-10-22	909573
2017-10-21	809071
2017-10-20	854048
2017-10-19	914723
2017-10-18	822776
2017-10-17	878772
2017-10-16	854172
2017-10-15	830841
2017-10-14	802715
2017-10-13	822103
2017-10-12	787272
2017-10-11	785188
2017-10-10	830235
2017-10-09	804344
2017-10-08	693180
2017-10-07	675356
2017-10-06	823148
2017-10-05	731053
2017-10-04	642436
2017-10-03	789969
2017-10-02	818801
2017-10-01	627850
2017-09-30	632166
2017-09-29	749352
2017-09-28	764653
2017-09-27	696320
2017-09-26	734006
2017-09-25	661983
2017-09-24	536331
2017-09-23	572873
2017-09-22	653300
2017-09-21	699463
2017-09-20	625106
2017-09-19	793721
2017-09-18	677054
2017-09-17	592822
2017-09-16	651462
2017-09-15	839597
2017-09-14	778850
2017-09-13	723604
2017-09-12	715977
2017-09-11	740040
2017-09-10	562566
2017-09-09	631540
2017-09-08	831233
2017-09-07	773169
2017-09-06	780740
2017-09-05	789682
2017-09-04	758033
2017-09-03	590837
2017-09-02	700573
2017-09-01	787641
2017-08-31	802342
2017-08-30	804606
2017-08-29	802531
2017-08-28	657289
2017-08-27	767714
2017-08-26	620764
2017-08-25	580873
2017-08-24	550862
2017-08-23	846625
2017-08-22	532361
2017-08-21	637529
2017-08-20	621899
2017-08-19	721026
2017-08-18	763319
2017-08-17	879024
2017-08-16	691449
2017-08-15	825387
2017-08-14	692104
2017-08-13	709669
2017-08-12	697206
2017-08-11	741169
2017-08-10	736567
2017-08-09	710242
2017-08-08	793854
2017-08-07	686861
2017-08-06	542263
2017-08-05	662040
2017-08-04	669245
2017-08-03	599416
2017-08-02	595251
2017-08-01	480718
2017-07-31	710260
2017-07-30	574465
2017-07-29	650841
2017-07-28	689042
2017-07-27	689863
2017-07-26	671131
2017-07-25	703420
2017-07-24	680062
2017-07-23	538475
2017-07-22	653793
2017-07-21	754509
2017-07-20	661661
2017-07-19	721931
2017-07-18	815536
2017-07-17	696719
2017-07-16	613814
2017-07-15	639495
2017-07-14	643748
2017-07-13	684759
2017-07-12	754337
2017-07-11	775095
2017-07-10	775801
2017-07-09	553222
2017-07-08	645693
2017-07-07	741956
2017-07-06	629688
2017-07-05	658024
2017-07-04	722198
2017-07-03	672266
2017-07-02	608987
2017-07-01	647826
2017-06-30	727417
2017-06-29	624172
2017-06-28	749164
2017-06-27	700130
2017-06-26	707638
2017-06-25	538529
2017-06-24	649568
2017-06-23	715885
2017-06-22	739184
2017-06-21	758122
2017-06-20	745136
2017-06-19	733099
2017-06-18	631933
2017-06-17	667827
2017-06-16	732364
2017-06-15	799478
2017-06-14	746991
2017-06-13	771394
2017-06-12	725777
2017-06-11	669902
2017-06-10	705037
2017-06-09	769003
2017-06-08	824752
2017-06-07	882021
2017-06-06	805562
2017-06-05	770564
2017-06-04	738057
2017-06-03	887640
2017-06-02	729203
2017-06-01	841940
2017-05-31	822814
2017-05-30	851547
2017-05-29	773589
2017-05-28	860215
2017-05-27	896081
2017-05-26	822114
2017-05-25	846813
2017-05-24	814969
2017-05-23	881824
2017-05-22	775500
2017-05-21	793969
2017-05-20	854723
2017-05-19	811073
2017-05-18	744563
2017-05-17	765222
2017-05-16	662457
2017-05-15	829143
2017-05-14	896627
2017-05-13	796331
2017-05-12	749974
2017-05-11	708026
2017-05-10	740812
2017-05-09	798779
2017-05-08	894501
2017-05-07	794066
2017-05-06	877650
2017-05-05	666643
2017-05-04	855571
2017-05-03	693523
2017-05-02	793139
2017-05-01	716349
2017-04-30	738955
2017-04-29	837083
2017-04-28	730815
2017-04-27	727280
2017-04-26	771922
2017-04-25	742833
2017-04-24	611649
2017-04-23	647988
2017-04-22	695315
2017-04-21	797398
2017-04-20	691989
2017-04-19	727714
2017-04-18	715616
2017-04-17	608594
2017-04-16	595592
2017-04-15	689879
2017-04-14	705778
2017-04-13	616904
2017-04-12	694225
2017-04-11	762554
2017-04-10	695999
2017-04-09	666532
2017-04-08	603135
2017-04-07	729776
2017-04-06	707107
2017-04-05	753537
2017-04-04	639720
2017-04-03	745400
2017-04-02	659287
2017-04-01	643936
2017-03-31	634614
2017-03-30	708778
2017-03-29	689325
2017-03-28	739715
2017-03-27	604343
2017-03-26	591405
2017-03-25	619575
2017-03-24	714958
2017-03-23	684539
2017-03-22	748042
2017-03-21	697181
2017-03-20	657207
2017-03-19	679122
2017-03-18	688602
2017-03-17	719835
2017-03-16	741421
2017-03-15	680432
2017-03-14	744191
2017-03-13	696369
2017-03-12	596814
2017-03-11	700488
2017-03-10	750291
2017-03-09	712606
2017-03-08	697316
2017-03-07	751777
2017-03-06	687505
2017-03-05	698112
2017-03-04	626904
2017-03-03	736366
2017-03-02	740534
2017-03-01	693531
2017-02-28	711021
2017-02-27	666849
2017-02-26	660039
2017-02-25	756336
2017-02-24	768914
2017-02-23	702509
2017-02-22	636232
2017-02-21	647509
2017-02-20	660622
2017-02-19	600447
2017-02-18	692667
2017-02-17	698688
2017-02-16	674048
2017-02-15	636426
2017-02-14	681184
2017-02-13	672274
2017-02-12	571383
2017-02-11	631522
2017-02-10	661068
2017-02-09	761694
2017-02-08	667561
2017-02-07	719291
2017-02-06	620842
2017-02-05	693085
2017-02-04	657814
2017-02-03	717712
2017-02-02	641874
2017-02-01	793057
2017-01-31	679601
2017-01-30	646742
2017-01-29	647475
2017-01-28	663149
2017-01-27	664609
2017-01-26	727690
2017-01-25	713203
2017-01-24	725088
2017-01-23	621707
2017-01-22	566601
2017-01-21	638695
2017-01-20	665649
2017-01-19	688533
2017-01-18	652518
2017-01-17	660229
2017-01-16	635067
2017-01-15	554307
2017-01-14	595370
2017-01-13	593639
2017-01-12	626371
2017-01-11	640611
2017-01-10	703934
2017-01-09	612983
2017-01-08	599742
2017-01-07	649279
2017-01-06	719666
2017-01-05	653187
2017-01-04	699023
2017-01-03	656631
2017-01-02	706004
2017-01-01	465501
2016-12-31	573846
2016-12-30	644375
2016-12-29	656761
2016-12-28	662997
2016-12-27	650563
2016-12-26	591799
2016-12-25	472776
2016-12-24	553797
2016-12-23	666292
2016-12-22	687018
2016-12-21	708870
2016-12-20	654479
2016-12-19	662361
2016-12-18	567437
2016-12-17	588896
2016-12-16	641112
2016-12-15	614039
2016-12-14	622713
2016-12-13	667959
2016-12-12	640595
2016-12-11	572051
2016-12-10	598160
2016-12-09	619016
2016-12-08	656085
2016-12-07	772764
2016-12-06	752107
2016-12-05	673204
2016-12-04	647498
2016-12-03	709304
2016-12-02	734332
2016-12-01	599176
2016-11-30	640448
2016-11-29	653139
2016-11-28	711477
2016-11-27	574090
2016-11-26	668055
2016-11-25	687120
2016-11-24	737208
2016-11-23	647968
2016-11-22	610870
2016-11-21	611177
2016-11-20	581201
2016-11-19	581466
2016-11-18	628713
2016-11-17	630313
2016-11-16	619114
2016-11-15	655879
2016-11-14	635432
2016-11-13	541238
2016-11-12	573771
2016-11-11	560192
2016-11-10	614029
2016-11-09	616611
2016-11-08	665456
2016-11-07	631014
2016-11-06	522317
2016-11-05	559093
2016-11-04	550065
2016-11-03	596124
2016-11-02	587580
2016-11-01	604939
2016-10-31	581814
2016-10-30	474170
2016-10-29	543922
2016-10-28	572668
2016-10-27	724967
2016-10-26	615605
2016-10-25	620109
2016-10-24	583734
2016-10-23	527516
2016-10-22	526716
2016-10-21	587039
2016-10-20	626591
2016-10-19	461988
2016-10-18	592884
2016-10-17	552870
2016-10-16	485071
2016-10-15	504150
2016-10-14	534462
2016-10-13	550455
2016-10-12	548243
2016-10-11	605153
2016-10-10	516746
2016-10-09	513099
2016-10-08	552764
2016-10-07	580458
2016-10-06	623619
2016-10-05	587930
2016-10-04	603043
2016-10-03	631275
2016-10-02	464351
2016-10-01	502197
2016-09-30	562554
2016-09-29	555925
2016-09-28	549569
2016-09-27	551598
2016-09-26	542751
2016-09-25	467720
2016-09-24	475437
2016-09-23	490768
2016-09-22	498853
2016-09-21	516795
2016-09-20	535708
2016-09-19	506923
2016-09-18	467798
2016-09-17	511960
2016-09-16	476784
2016-09-15	496662
2016-09-14	493955
2016-09-13	532514
2016-09-12	512355
2016-09-11	460209
2016-09-10	447527
2016-09-09	494034
2016-09-08	502324
2016-09-07	527811
2016-09-06	520832
2016-09-05	543323
2016-09-04	440928
2016-09-03	466276
2016-09-02	478891
2016-09-01	488486
2016-08-31	501879
2016-08-30	552241
2016-08-29	502674
2016-08-28	429225
2016-08-27	458834
2016-08-26	488398
2016-08-25	495276
2016-08-24	518471
2016-08-23	515828
2016-08-22	528018
2016-08-21	448496
2016-08-20	497305
2016-08-19	510567
2016-08-18	530304
2016-08-17	525490
2016-08-16	539127
2016-08-15	501800
2016-08-14	457243
2016-08-13	459850
2016-08-12	493299
2016-08-11	533906
2016-08-10	533284
2016-08-09	492713
2016-08-08	532467
2016-08-07	449172
2016-08-06	426155
2016-08-05	478244
2016-08-04	489611
2016-08-03	518444
2016-08-02	539439
2016-08-01	517085
2016-07-31	493131
2016-07-30	451392
2016-07-29	466728
2016-07-28	496259
2016-07-27	478489
2016-07-26	508847
2016-07-25	499953
2016-07-24	434964
2016-07-23	448622
2016-07-22	469394
2016-07-21	447503
2016-07-20	479158
2016-07-19	470529
2016-07-18	498404
2016-07-17	435751
2016-07-16	468924
2016-07-15	453988
2016-07-14	476585
2016-07-13	453958
2016-07-12	478122
2016-07-11	494106
2016-07-10	401280
2016-07-09	439730
2016-07-08	464445
2016-07-07	469269
2016-07-06	466766
2016-07-05	490045
2016-07-04	506124
2016-07-03	431308
2016-07-02	447445
2016-07-01	496134
2016-06-30	508325
2016-06-29	467721
2016-06-28	542750
2016-06-27	485116
2016-06-26	502812
2016-06-25	531079
2016-06-24	548710
2016-06-23	550619
2016-06-22	548244
2016-06-21	593632
2016-06-20	564349
2016-06-19	515984
2016-06-18	562920
2016-06-17	587643
2016-06-16	583844
2016-06-15	596061
2016-06-14	528082
2016-06-13	580046
2016-06-12	522908
2016-06-11	468603
2016-06-10	507296
2016-06-09	526428
2016-06-08	483111
2016-06-07	511601
2016-06-06	512123
2016-06-05	464449
2016-06-04	448566
2016-06-03	497278
2016-06-02	479459
2016-06-01	509530
2016-05-31	478795
2016-05-30	549640
2016-05-29	428937
2016-05-28	483043
2016-05-27	530630
2016-05-26	461109
2016-05-25	493328
2016-05-24	516833
2016-05-23	517762
2016-05-22	446577
2016-05-21	503972
2016-05-20	445310
2016-05-19	461534
2016-05-18	511977
2016-05-17	480691
2016-05-16	512800
2016-05-15	425394
2016-05-14	460454
2016-05-13	460120
2016-05-12	454885
2016-05-11	472604
2016-05-10	497301
2016-05-09	486980
2016-05-08	440913
2016-05-07	419837
2016-05-06	455802
2016-05-05	458982
2016-05-04	500458
2016-05-03	467113
2016-05-02	485098
2016-05-01	432050
2016-04-30	441150
2016-04-29	517754
2016-04-28	461287
2016-04-27	472899
2016-04-26	525876
2016-04-25	495966
2016-04-24	458533
2016-04-23	435656
2016-04-22	441367
2016-04-21	478570
2016-04-20	466761
2016-04-19	481299
2016-04-18	480042
2016-04-17	479568
2016-04-16	409993
2016-04-15	437682
2016-04-14	471491
2016-04-13	497338
2016-04-12	516327
2016-04-11	479926
2016-04-10	437929
2016-04-09	426774
2016-04-08	443851
2016-04-07	448373
2016-04-06	480317
2016-04-05	463681
2016-04-04	489759
2016-04-03	469544
2016-04-02	479286
2016-04-01	508187
2016-03-31	422358
2016-03-30	482865
2016-03-29	671415
2016-03-28	517885
2016-03-27	426673
2016-03-26	458307
2016-03-25	401523
2016-03-24	429318
2016-03-23	433676
2016-03-22	465984
2016-03-21	438929
2016-03-20	438363
2016-03-19	424401
2016-03-18	439049
2016-03-17	478833
2016-03-16	447629
2016-03-15	450228
2016-03-14	457318
2016-03-13	427125
2016-03-12	377340
2016-03-11	426008
2016-03-10	442444
2016-03-09	512080
2016-03-08	467249
2016-03-07	410786
2016-03-06	418922
2016-03-05	522343
2016-03-04	528155
2016-03-03	568825
2016-03-02	559817
2016-03-01	566452
2016-02-29	564015
2016-02-28	490258
2016-02-27	477064
2016-02-26	475872
2016-02-25	527076
2016-02-24	469952
2016-02-23	547210
2016-02-22	539776
2016-02-21	523756
2016-02-20	501273
2016-02-19	511150
2016-02-18	497219
2016-02-17	540958
2016-02-16	481035
2016-02-15	499551
2016-02-14	495579
2016-02-13	446315
2016-02-12	475955
2016-02-11	502599
2016-02-10	500501
2016-02-09	508703
2016-02-08	476131
2016-02-07	530583
2016-02-06	486174
2016-02-05	506917
2016-02-04	466039
2016-02-03	543826
2016-02-02	689099
2016-02-01	601242
2016-01-31	480576
2016-01-30	498022
2016-01-29	532761
2016-01-28	523389
2016-01-27	530065
2016-01-26	535543
2016-01-25	518510
2016-01-24	488296
2016-01-23	473699
2016-01-22	502349
2016-01-21	518672
2016-01-20	626659
2016-01-19	420013
2016-01-18	476544
2016-01-17	539865
2016-01-16	503116
2016-01-15	418527
2016-01-14	428984
2016-01-13	427269
2016-01-12	458913
2016-01-11	449865
2016-01-10	434918
2016-01-09	452714
2016-01-08	414855
2016-01-07	431308
2016-01-06	380457
2016-01-05	436708
2016-01-04	419331
2016-01-03	394843
2016-01-02	420430
2016-01-01	317140
2015-12-31	356182
2015-12-30	406413
2015-12-29	415822
2015-12-28	412195
2015-12-27	406940
2015-12-26	420281
2015-12-25	377893
2015-12-24	449027
2015-12-23	473394
2015-12-22	486901
2015-12-21	502798
2015-12-20	474678
2015-12-19	505494
2015-12-18	452694
2015-12-17	457925
2015-12-16	483830
2015-12-15	495422
2015-12-14	529504
2015-12-13	478309
2015-12-12	532460
2015-12-11	458240
2015-12-10	481149
2015-12-09	489496
2015-12-08	456220
2015-12-07	436334
2015-12-06	430509
2015-12-05	456956
2015-12-04	435394
2015-12-03	361836
2015-12-02	428537
2015-12-01	414207
2015-11-30	491474
2015-11-29	322110
2015-11-28	414842
2015-11-27	360741
2015-11-26	387683
2015-11-25	364776
2015-11-24	384812
2015-11-23	342630
2015-11-22	376880
2015-11-21	374913
2015-11-20	358944
2015-11-19	358077
2015-11-18	408636
2015-11-17	378292
2015-11-16	402885
2015-11-15	418646
2015-11-14	387249
2015-11-13	358654
2015-11-12	370971
2015-11-11	375671
2015-11-10	395405
2015-11-09	419120
2015-11-08	378068
2015-11-07	366631
2015-11-06	431877
2015-11-05	445970
2015-11-04	497717
2015-11-03	449531
2015-11-02	399359
2015-11-01	393798
2015-10-31	368270
2015-10-30	380417
2015-10-29	386836
2015-10-28	353838
2015-10-27	355912
2015-10-26	376435
2015-10-25	373325
2015-10-24	378012
2015-10-23	371262
2015-10-22	345101
2015-10-21	358001
2015-10-20	403162
2015-10-19	349881
2015-10-18	335438
2015-10-17	370783
2015-10-16	336304
2015-10-15	366270
2015-10-14	311033
2015-10-13	307231
2015-10-12	310831
2015-10-11	294966
2015-10-10	323864
2015-10-09	266420
2015-10-08	315785
2015-10-07	310230
2015-10-06	326169
2015-10-05	290837
2015-10-04	306802
2015-10-03	260197
2015-10-02	312824
2015-10-01	298721
2015-09-30	330801
2015-09-29	354682
2015-09-28	304080
2015-09-27	326483
2015-09-26	310840
2015-09-25	295739
2015-09-24	296349
2015-09-23	296839
2015-09-22	356587
2015-09-21	351215
2015-09-20	341240
2015-09-19	270845
2015-09-18	315123
2015-09-17	317168
2015-09-16	299594
2015-09-15	327001
2015-09-14	307431
2015-09-13	323188
2015-09-12	282829
2015-09-11	333537
2015-09-10	290566
2015-09-09	307412
2015-09-08	335125
2015-09-07	318282
2015-09-06	294550
2015-09-05	317186
2015-09-04	266109
2015-09-03	303789
2015-09-02	291180
2015-09-01	308740
2015-08-31	303949
2015-08-30	285108
2015-08-29	287856
2015-08-28	298358
2015-08-27	278338
2015-08-26	285843
2015-08-25	288603
2015-08-24	308366
2015-08-23	287131
2015-08-22	297720
2015-08-21	282808
2015-08-20	277551
2015-08-19	288647
2015-08-18	302557
2015-08-17	284058
2015-08-16	278647
2015-08-15	268405
2015-08-14	272838
2015-08-13	276482
2015-08-12	278110
2015-08-11	269591
2015-08-10	293020
2015-08-09	267959
2015-08-08	272971
2015-08-07	273159
2015-08-06	296112
2015-08-05	316599
2015-08-04	292475
2015-08-03	297285
2015-08-02	296891
2015-08-01	298966
2015-07-31	303744
2015-07-30	275824
2015-07-29	321636
2015-07-28	298664
2015-07-27	284086
2015-07-26	299176
2015-07-25	243110
2015-07-24	272446
2015-07-23	256817
2015-07-22	295409
2015-07-21	306641
2015-07-20	284492
2015-07-19	290272
2015-07-18	256550
2015-07-17	253536
2015-07-16	275546
2015-07-15	275378
2015-07-14	285663
2015-07-13	295292
2015-07-12	319924
2015-07-11	319652
2015-07-10	322540
2015-07-09	327838
2015-07-08	323720
2015-07-07	325265
2015-07-06	342304
2015-07-05	308093
2015-07-04	276011
2015-07-03	301521
2015-07-02	316505
2015-07-01	309213
2015-06-30	314219
2015-06-29	290479
2015-06-28	272208
2015-06-27	294816
2015-06-26	291464
2015-06-25	232327
2015-06-24	268291
2015-06-23	301923
2015-06-22	265970
2015-06-21	280154
2015-06-20	263279
2015-06-19	294565
2015-06-18	282743
2015-06-17	323549
2015-06-16	280586
2015-06-15	321261
2015-06-14	289554
2015-06-13	282551
2015-06-12	300700
2015-06-11	283778
2015-06-10	361160
2015-06-09	283440
2015-06-08	248397
2015-06-07	259916
2015-06-06	267905
2015-06-05	264846
2015-06-04	277364
2015-06-03	292371
2015-06-02	306507
2015-06-01	310430
2015-05-31	295146
2015-05-30	308685
2015-05-29	293376
2015-05-28	256520
2015-05-27	260806
2015-05-26	271126
2015-05-25	260373
2015-05-24	288097
2015-05-23	221693
2015-05-22	247257
2015-05-21	238139
2015-05-20	257346
2015-05-19	255804
2015-05-18	245891
2015-05-17	259252
2015-05-16	262533
2015-05-15	246651
2015-05-14	238107
2015-05-13	248437
2015-05-12	274528
2015-05-11	266285
2015-05-10	270435
2015-05-09	234043
2015-05-08	296401
2015-05-07	261689
2015-05-06	272014
2015-05-05	263347
2015-05-04	257420
2015-05-03	247792
2015-05-02	266512
2015-05-01	222372
2015-04-30	246152
2015-04-29	261016
2015-04-28	254152
2015-04-27	255519
2015-04-26	275341
2015-04-25	264408
2015-04-24	258950
2015-04-23	263019
2015-04-22	263018
2015-04-21	246101
2015-04-20	249930
2015-04-19	270083
2015-04-18	251121
2015-04-17	231109
2015-04-16	226044
2015-04-15	226628
2015-04-14	258022
2015-04-13	275907
2015-04-12	254220
2015-04-11	270762
2015-04-10	258042
2015-04-09	247278
2015-04-08	255354
2015-04-07	262298
2015-04-06	248586
2015-04-05	268193
2015-04-04	249280
2015-04-03	236921
2015-04-02	256770
2015-04-01	267879
2015-03-31	268361
2015-03-30	259917
2015-03-29	278336
2015-03-28	235645
2015-03-27	233010
2015-03-26	230461
2015-03-25	224388
2015-03-24	221810
2015-03-23	260606
2015-03-22	273409
2015-03-21	244354
2015-03-20	236907
2015-03-19	266786
2015-03-18	250808
2015-03-17	226199
2015-03-16	261887
2015-03-15	255201
2015-03-14	258541
2015-03-13	241681
2015-03-12	246925
2015-03-11	251570
2015-03-10	249384
2015-03-09	259158
2015-03-08	268987
2015-03-07	254628
2015-03-06	236843
2015-03-05	257192
2015-03-04	241125
2015-03-03	267335
2015-03-02	281612
2015-03-01	274855
2015-02-28	282023
2015-02-27	241354
2015-02-26	226935
2015-02-25	230557
2015-02-24	236207
2015-02-23	250127
2015-02-22	272262
2015-02-21	271658
2015-02-20	247984
2015-02-19	214089
2015-02-18	249907
2015-02-17	271246
2015-02-16	265780
2015-02-15	346945
2015-02-14	261571
2015-02-13	308353
2015-02-12	230955
2015-02-11	233224
2015-02-10	232006
2015-02-09	230993
2015-02-08	291521
2015-02-07	195072
2015-02-06	232938
2015-02-05	215030
2015-02-04	231692
2015-02-03	240618
2015-02-02	226659
2015-02-01	251020
2015-01-31	276616
2015-01-30	194109
2015-01-29	214247
2015-01-28	200207
2015-01-27	250956
2015-01-26	261204
2015-01-25	320035
2015-01-24	204729
2015-01-23	215307
2015-01-22	224095
2015-01-21	226145
2015-01-20	226426
2015-01-19	253701
2015-01-18	244672
2015-01-17	278595
2015-01-16	243200
2015-01-15	264669
2015-01-14	252615
2015-01-13	255091
2015-01-12	220827
2015-01-11	248734
2015-01-10	272473
2015-01-09	239104
2015-01-08	231521
2015-01-07	202694
2015-01-06	214620
2015-01-05	241796
2015-01-04	241042
2015-01-03	241254
2015-01-02	208771
2015-01-01	141655
2014-12-31	180017
2014-12-30	209696
2014-12-29	200174
2014-12-28	266893
2014-12-27	210168
2014-12-26	187738
2014-12-25	166682
2014-12-24	190013
2014-12-23	245356
2014-12-22	259281
2014-12-21	235768
2014-12-20	253403
2014-12-19	224312
2014-12-18	240175
2014-12-17	245011
2014-12-16	256148
2014-12-15	243318
2014-12-14	280724
2014-12-13	184726
2014-12-12	220202
2014-12-11	217199
2014-12-10	224571
2014-12-09	221069
2014-12-08	246043
2014-12-07	257477
2014-12-06	191213
2014-12-05	224229
2014-12-04	225114
2014-12-03	232494
2014-12-02	254958
2014-12-01	216217
2014-11-30	278481
2014-11-29	187164
2014-11-28	208537
2014-11-27	212728
2014-11-26	199016
2014-11-25	211060
2014-11-24	208935
2014-11-23	247147
2014-11-22	179426
2014-11-21	199216
2014-11-20	214345
2014-11-19	201491
2014-11-18	208755
2014-11-17	213407
2014-11-16	247987
2014-11-15	178215
2014-11-14	221687
2014-11-13	216425
2014-11-12	227461
2014-11-11	202225
2014-11-10	212200
2014-11-09	249998
2014-11-08	167389
2014-11-07	222241
2014-11-06	226811
2014-11-05	202186
2014-11-04	204276
2014-11-03	211299
2014-11-02	269173
2014-11-01	173772
2014-10-31	203254
2014-10-30	205538
2014-10-29	201072
2014-10-28	204111
2014-10-27	223008
2014-10-26	213766
2014-10-25	211154
2014-10-24	188328
2014-10-23	198727
2014-10-22	202536
2014-10-21	210710
2014-10-20	201580
2014-10-19	231498
2014-10-18	176017
2014-10-17	184726
2014-10-16	185030
2014-10-15	210636
2014-10-14	215812
2014-10-13	208781
2014-10-12	245314
2014-10-11	164750
2014-10-10	199898
2014-10-09	188892
2014-10-08	192185
2014-10-07	204117
2014-10-06	189674
2014-10-05	249316
2014-10-04	165394
2014-10-03	176393
2014-10-02	184248
2014-10-01	212052
2014-09-30	219763
2014-09-29	194301
2014-09-28	235333
2014-09-27	170653
2014-09-26	181149
2014-09-25	200082
2014-09-24	189851
2014-09-23	199235
2014-09-22	205313
2014-09-21	204150
2014-09-20	169045
2014-09-19	170472
2014-09-18	193289
2014-09-17	193684
2014-09-16	220235
2014-09-15	192914
2014-09-14	238646
2014-09-13	154127
2014-09-12	168356
2014-09-11	174041
2014-09-10	229163
2014-09-09	233740
2014-09-08	193169
2014-09-07	234710
2014-09-06	156338
2014-09-05	184257
2014-09-04	179428
2014-09-03	172519
2014-09-02	189218
2014-09-01	191812
2014-08-31	191466
2014-08-30	166245
2014-08-29	166081
2014-08-28	193290
2014-08-27	188465
2014-08-26	190296
2014-08-25	180475
2014-08-24	206426
2014-08-23	150754
2014-08-22	182565
2014-08-21	193876
2014-08-20	187324
2014-08-19	187539
2014-08-18	194400
2014-08-17	200734
2014-08-16	182932
2014-08-15	194486
2014-08-14	198105
2014-08-13	197243
2014-08-12	200288
2014-08-11	196074
2014-08-10	199447
2014-08-09	151357
2014-08-08	173912
2014-08-07	179568
2014-08-06	204290
2014-08-05	199364
2014-08-04	175599
2014-08-03	171180
2014-08-02	142057
2014-08-01	174628
2014-07-31	180431
2014-07-30	182612
2014-07-29	166270
2014-07-28	174474
2014-07-27	183909
2014-07-26	138529
2014-07-25	176905
2014-07-24	177647
2014-07-23	176845
2014-07-22	166622
2014-07-21	164110
2014-07-20	187545
2014-07-19	151927
2014-07-18	170514
2014-07-17	175156
2014-07-16	167301
2014-07-15	179159
2014-07-14	162448
2014-07-13	188417
2014-07-12	153835
2014-07-11	170509
2014-07-10	171201
2014-07-09	184688
2014-07-08	214025
2014-07-07	185975
2014-07-06	183781
2014-07-05	128226
2014-07-04	144728
2014-07-03	161269
2014-07-02	182040
2014-07-01	186234
2014-06-30	182775
2014-06-29	173601
2014-06-28	143713
2014-06-27	167889
2014-06-26	159179
2014-06-25	175370
2014-06-24	175687
2014-06-23	163327
2014-06-22	184083
2014-06-21	153731
2014-06-20	155275
2014-06-19	158754
2014-06-18	168037
2014-06-17	185057
2014-06-16	177681
2014-06-15	176498
2014-06-14	149472
2014-06-13	173779
2014-06-12	175286
2014-06-11	173921
2014-06-10	178913
2014-06-09	166162
2014-06-08	173346
2014-06-07	140292
2014-06-06	174192
2014-06-05	183223
2014-06-04	171277
2014-06-03	187099
2014-06-02	175331
2014-06-01	191158
2014-05-31	146489
2014-05-30	152353
2014-05-29	171725
2014-05-28	184291
2014-05-27	179094
2014-05-26	170984
2014-05-25	187261
2014-05-24	124971
2014-05-23	176289
2014-05-22	162939
2014-05-21	157842
2014-05-20	191009
2014-05-19	185478
2014-05-18	177611
2014-05-17	148243
2014-05-16	155501
2014-05-15	177219
2014-05-14	160753
2014-05-13	149382
2014-05-12	154710
2014-05-11	165291
2014-05-10	135415
2014-05-09	162487
2014-05-08	166681
2014-05-07	161797
2014-05-06	168302
2014-05-05	148058
2014-05-04	156437
2014-05-03	116971
2014-05-02	143673
2014-05-01	154507
2014-04-30	166570
2014-04-29	169230
2014-04-28	167473
2014-04-27	171822
2014-04-26	135225
2014-04-25	181605
2014-04-24	166383
2014-04-23	155833
2014-04-22	183454
2014-04-21	141995
2014-04-20	164119
2014-04-19	140843
2014-04-18	149204
2014-04-17	157382
2014-04-16	184731
2014-04-15	198889
2014-04-14	183167
2014-04-13	172558
2014-04-12	132126
2014-04-11	169504
2014-04-10	182885
2014-04-09	178878
2014-04-08	165195
2014-04-07	158680
2014-04-06	183722
2014-04-05	153923
2014-04-04	178171
2014-04-03	169394
2014-04-02	179053
2014-04-01	179678
2014-03-31	170345
2014-03-30	167307
2014-03-29	145204
2014-03-28	182894
2014-03-27	183144
2014-03-26	169352
2014-03-25	166919
2014-03-24	192799
2014-03-23	149508
2014-03-22	169600
2014-03-21	189841
2014-03-20	166798
2014-03-19	165215
2014-03-18	142940
2014-03-17	189485
2014-03-16	140539
2014-03-15	146802
2014-03-14	192292
2014-03-13	193724
2014-03-12	203507
2014-03-11	190763
2014-03-10	208065
2014-03-09	173511
2014-03-08	171369
2014-03-07	180961
2014-03-06	195770
2014-03-05	202137
2014-03-04	232480
2014-03-03	237371
2014-03-02	159491
2014-03-01	181719
2014-02-28	196525
2014-02-27	185098
2014-02-26	201181
2014-02-25	209148
2014-02-24	215088
2014-02-23	163496
2014-02-22	155207
2014-02-21	178646
2014-02-20	180978
2014-02-19	177441
2014-02-18	158094
2014-02-17	180256
2014-02-16	127416
2014-02-15	150318
2014-02-14	177116
2014-02-13	163940
2014-02-12	215029
2014-02-11	154760
2014-02-10	171347
2014-02-09	129082
2014-02-08	148081
2014-02-07	165386
2014-02-06	163366
2014-02-05	156804
2014-02-04	169022
2014-02-03	172445
2014-02-02	135602
2014-02-01	135007
2014-01-31	149077
2014-01-30	151799
2014-01-29	141296
2014-01-28	158238
2014-01-27	170533
2014-01-26	125564
2014-01-25	126974
2014-01-24	142623
2014-01-23	150313
2014-01-22	152984
2014-01-21	159731
2014-01-20	179147
2014-01-19	108829
2014-01-18	106540
2014-01-17	129276
2014-01-16	132450
2014-01-15	132930
2014-01-14	131488
2014-01-13	152180
2014-01-12	117031
2014-01-11	130050
2014-01-10	127465
2014-01-09	134121
2014-01-08	147461
2014-01-07	142546
2014-01-06	178918
2014-01-05	136213
2014-01-04	116604
2014-01-03	143117
2014-01-02	137760
2014-01-01	97263
2013-12-31	119180
2013-12-30	152691
2013-12-29	129271
2013-12-28	115926
2013-12-27	126409
2013-12-26	122664
2013-12-25	130234
2013-12-24	130529
2013-12-23	152467
2013-12-22	124085
2013-12-21	127414
2013-12-20	153562
2013-12-19	157749
2013-12-18	181247
2013-12-17	158832
2013-12-16	177672
2013-12-15	141318
2013-12-14	149175
2013-12-13	144948
2013-12-12	130827
2013-12-11	152926
2013-12-10	154548
2013-12-09	156261
2013-12-08	114541
2013-12-07	150908
2013-12-06	169437
2013-12-05	184048
2013-12-04	184291
2013-12-03	174156
2013-12-02	178035
2013-12-01	166648
2013-11-30	163658
2013-11-29	189633
2013-11-28	202036
2013-11-27	199267
2013-11-26	179511
2013-11-25	143016
2013-11-24	124669
2013-11-23	150900
2013-11-22	165424
2013-11-21	188792
2013-11-20	165514
2013-11-19	207757
2013-11-18	164697
2013-11-17	107733
2013-11-16	103893
2013-11-15	120013
2013-11-14	133441
2013-11-13	122999
2013-11-12	116409
2013-11-11	116257
2013-11-10	117027
2013-11-09	129817
2013-11-08	130740
2013-11-07	130495
2013-11-06	131401
2013-11-05	117732
2013-11-04	100574
2013-11-03	83335
2013-11-02	77879
2013-11-01	87054
2013-10-31	96937
2013-10-30	95949
2013-10-29	85463
2013-10-28	86597
2013-10-27	65295
2013-10-26	73939
2013-10-25	101197
2013-10-24	112118
2013-10-23	108034
2013-10-22	109559
2013-10-21	96422
2013-10-20	73526
2013-10-19	92555
2013-10-18	86027
2013-10-17	81453
2013-10-16	93274
2013-10-15	85590
2013-10-14	82482
2013-10-13	87657
2013-10-12	66982
2013-10-11	79797
2013-10-10	80598
2013-10-09	80276
2013-10-08	76020
2013-10-07	76600
2013-10-06	61110
2013-10-05	65744
2013-10-04	77848
2013-10-03	90271
2013-10-02	105736
2013-10-01	89794
2013-09-30	80461
2013-09-29	71312
2013-09-28	68931
2013-09-27	78102
2013-09-26	78182
2013-09-25	78501
2013-09-24	78405
2013-09-23	80541
2013-09-22	63588
2013-09-21	66371
2013-09-20	77107
2013-09-19	79121
2013-09-18	79097
2013-09-17	73046
2013-09-16	69774
2013-09-15	54802
2013-09-14	54055
2013-09-13	66579
2013-09-12	77033
2013-09-11	74681
2013-09-10	70671
2013-09-09	73996
2013-09-08	56485
2013-09-07	62595
2013-09-06	73273
2013-09-05	70425
2013-09-04	76878
2013-09-03	72102
2013-09-02	62792
2013-09-01	57002
2013-08-31	88168
2013-08-30	89612
2013-08-29	74889
2013-08-28	83876
2013-08-27	95012
2013-08-26	75774
2013-08-25	68615
2013-08-24	64392
2013-08-23	81889
2013-08-22	83890
2013-08-21	82676
2013-08-20	79845
2013-08-19	78552
2013-08-18	57552
2013-08-17	61413
2013-08-16	82519
2013-08-15	75759
2013-08-14	78217
2013-08-13	75003
2013-08-12	103397
2013-08-11	54138
2013-08-10	59307
2013-08-09	64634
2013-08-08	72378
2013-08-07	75671
2013-08-06	71549
2013-08-05	73178
2013-08-04	60256
2013-08-03	60497
2013-08-02	74760
2013-08-01	114307
2013-07-31	80901
2013-07-30	69871
2013-07-29	67475
2013-07-28	49181
2013-07-27	52441
2013-07-26	62560
2013-07-25	66443
2013-07-24	65891
2013-07-23	64299
2013-07-22	60318
2013-07-21	51123
2013-07-20	52401
2013-07-19	58760
2013-07-18	63180
2013-07-17	63007
2013-07-16	66223
2013-07-15	62325
2013-07-14	48402
2013-07-13	63117
2013-07-12	78451
2013-07-11	73357
2013-07-10	64859
2013-07-09	67987
2013-07-08	63047
2013-07-07	48848
2013-07-06	56535
2013-07-05	60510
2013-07-04	60868
2013-07-03	66026
2013-07-02	64157
2013-07-01	68677
2013-06-30	50786
2013-06-29	60981
2013-06-28	68612
2013-06-27	61025
2013-06-26	64996
2013-06-25	61381
2013-06-24	64862
2013-06-23	52069
2013-06-22	58577
2013-06-21	69098
2013-06-20	67644
2013-06-19	69145
2013-06-18	63563
2013-06-17	56906
2013-06-16	48785
2013-06-15	53810
2013-06-14	75764
2013-06-13	66341
2013-06-12	63764
2013-06-11	66609
2013-06-10	60964
2013-06-09	56600
2013-06-08	58258
2013-06-07	73768
2013-06-06	73257
2013-06-05	78653
2013-06-04	78629
2013-06-03	79846
2013-06-02	65819
2013-06-01	67761
2013-05-31	75447
2013-05-30	78186
2013-05-29	80524
2013-05-28	76191
2013-05-27	73955
2013-05-26	69625
2013-05-25	69589
2013-05-24	84916
2013-05-23	83225
2013-05-22	74760
2013-05-21	82539
2013-05-20	71629
2013-05-19	64190
2013-05-18	68328
2013-05-17	78407
2013-05-16	84115
2013-05-15	84716
2013-05-14	83724
2013-05-13	82800
2013-05-12	69607
2013-05-11	80911
2013-05-10	84296
2013-05-09	81895
2013-05-08	102388
2013-05-07	109070
2013-05-06	85166
2013-05-05	72102
2013-05-04	69963
2013-05-03	82805
2013-05-02	81921
2013-05-01	83566
2013-04-30	76873
2013-04-29	86930
2013-04-28	118021
2013-04-27	78208
2013-04-26	86162
2013-04-25	90725
2013-04-24	102493
2013-04-23	93131
2013-04-22	91677
2013-04-21	69836
2013-04-20	74465
2013-04-19	104978
2013-04-18	82077
2013-04-17	105207
2013-04-16	100319
2013-04-15	100215
2013-04-14	71358
2013-04-13	82796
2013-04-12	102913
2013-04-11	124571
2013-04-10	133413
2013-04-09	112032
2013-04-08	113855
2013-04-07	87055
2013-04-06	83049
2013-04-05	100016
2013-04-04	108872
2013-04-03	107117
2013-04-02	91858
2013-04-01	75734
2013-03-31	64234
2013-03-30	78034
2013-03-29	83259
2013-03-28	94447
2013-03-27	72740
2013-03-26	72997
2013-03-25	66156
2013-03-24	68996
2013-03-23	66964
2013-03-22	74953
2013-03-21	69722
2013-03-20	62803
2013-03-19	68705
2013-03-18	58824
2013-03-17	51904
2013-03-16	50882
2013-03-15	63449
2013-03-14	61078
2013-03-13	63000
2013-03-12	59705
2013-03-11	53486
2013-03-10	56948
2013-03-09	54085
2013-03-08	56555
2013-03-07	66343
2013-03-06	69113
2013-03-05	57386
2013-03-04	53538
2013-03-03	46060
2013-03-02	49230
2013-03-01	63073
2013-02-28	59805
2013-02-27	55052
2013-02-26	58809
2013-02-25	56630
2013-02-24	52050
2013-02-23	51377
2013-02-22	54319
2013-02-21	50637
2013-02-20	50783
2013-02-19	49402
2013-02-18	47237
2013-02-17	45578
2013-02-16	47113
2013-02-15	50145
2013-02-14	51477
2013-02-13	53166
2013-02-12	51859
2013-02-11	52291
2013-02-10	57585
2013-02-09	56352
2013-02-08	60205
2013-02-07	58309
2013-02-06	53660
2013-02-05	59940
2013-02-04	57373
2013-02-03	57506
2013-02-02	56581
2013-02-01	64411
2013-01-31	47849
2013-01-30	44536
2013-01-29	55617
2013-01-28	54296
2013-01-27	49580
2013-01-26	54651
2013-01-25	49558
2013-01-24	60700
2013-01-23	47351
2013-01-22	53488
2013-01-21	45939
2013-01-20	46089
2013-01-19	49358
2013-01-18	57056
2013-01-17	58919
2013-01-16	58425
2013-01-15	57628
2013-01-14	44314
2013-01-13	55504
2013-01-12	50737
2013-01-11	61057
2013-01-10	61187
2013-01-09	56162
2013-01-08	56023
2013-01-07	54060
2013-01-06	42205
2013-01-05	53413
2013-01-04	47341
2013-01-03	51270
2013-01-02	43104
2013-01-01	37847
2012-12-31	34738
2012-12-30	45781
2012-12-29	39998
2012-12-28	42409
2012-12-27	36571
2012-12-26	38113
2012-12-25	30289
2012-12-24	40026
2012-12-23	39925
2012-12-22	55127
2012-12-21	46126
2012-12-20	39532
2012-12-19	43743
2012-12-18	48135
2012-12-17	40997
2012-12-16	35748
2012-12-15	34599
2012-12-14	41676
2012-12-13	47192
2012-12-12	42722
2012-12-11	37045
2012-12-10	35939
2012-12-09	38899
2012-12-08	38318
2012-12-07	40896
2012-12-06	41024
2012-12-05	44489
2012-12-04	42417
2012-12-03	30146
2012-12-02	27800
2012-12-01	34733
2012-11-30	37110
2012-11-29	41960
2012-11-28	43852
2012-11-27	38564
2012-11-26	41339
2012-11-25	36276
2012-11-24	37102
2012-11-23	35211
2012-11-22	41378
2012-11-21	44126
2012-11-20	43969
2012-11-19	42226
2012-11-18	42937
2012-11-17	52914
2012-11-16	48299
2012-11-15	46302
2012-11-14	37767
2012-11-13	32691
2012-11-12	31557
2012-11-11	30163
2012-11-10	34731
2012-11-09	36730
2012-11-08	37674
2012-11-07	43510
2012-11-06	41150
2012-11-05	37584
2012-11-04	30666
2012-11-03	32722
2012-11-02	33143
2012-11-01	31737
2012-10-31	32828
2012-10-30	34202
2012-10-29	35698
2012-10-28	27648
2012-10-27	29748
2012-10-26	37808
2012-10-25	39577
2012-10-24	41863
2012-10-23	41455
2012-10-22	41483
2012-10-21	38810
2012-10-20	43929
2012-10-19	44589
2012-10-18	51055
2012-10-17	44826
2012-10-16	43061
2012-10-15	46286
2012-10-14	38589
2012-10-13	39436
2012-10-12	44614
2012-10-11	41234
2012-10-10	47362
2012-10-09	52280
2012-10-08	47643
2012-10-07	43402
2012-10-06	38962
2012-10-05	45099
2012-10-04	51020
2012-10-03	50099
2012-10-02	53176
2012-10-01	37977
2012-09-30	34674
2012-09-29	38450
2012-09-28	50031
2012-09-27	42088
2012-09-26	48271
2012-09-25	43272
2012-09-24	33440
2012-09-23	28639
2012-09-22	27316
2012-09-21	39201
2012-09-20	47275
2012-09-19	42887
2012-09-18	38786
2012-09-17	33062
2012-09-16	31574
2012-09-15	30026
2012-09-14	38280
2012-09-13	35078
2012-09-12	34218
2012-09-11	45243
2012-09-10	37360
2012-09-09	40194
2012-09-08	33700
2012-09-07	44106
2012-09-06	46844
2012-09-05	41546
2012-09-04	46041
2012-09-03	32994
2012-09-02	34929
2012-09-01	44982
2012-08-31	49422
2012-08-30	34110
2012-08-29	39372
2012-08-28	39917
2012-08-27	38448
2012-08-26	34704
2012-08-25	36612
2012-08-24	45033
2012-08-23	43751
2012-08-22	49524
2012-08-21	54397
2012-08-20	47414
2012-08-19	58130
2012-08-18	51610
2012-08-17	56766
2012-08-16	61707
2012-08-15	50408
2012-08-14	42877
2012-08-13	48599
2012-08-12	39069
2012-08-11	38410
2012-08-10	38611
2012-08-09	40383
2012-08-08	51964
2012-08-07	39177
2012-08-06	42354
2012-08-05	37840
2012-08-04	35884
2012-08-03	36366
2012-08-02	42130
2012-08-01	40727
2012-07-31	58777
2012-07-30	36194
2012-07-29	35981
2012-07-28	38628
2012-07-27	32297
2012-07-26	30845
2012-07-25	31562
2012-07-24	38417
2012-07-23	42042
2012-07-22	38962
2012-07-21	35582
2012-07-20	36122
2012-07-19	36313
2012-07-18	34288
2012-07-17	40268
2012-07-16	36803
2012-07-15	30386
2012-07-14	29903
2012-07-13	31366
2012-07-12	34233
2012-07-11	35356
2012-07-10	37035
2012-07-09	32286
2012-07-08	27915
2012-07-07	30943
2012-07-06	29352
2012-07-05	27931
2012-07-04	31637
2012-07-03	34704
2012-07-02	36591
2012-07-01	31705
2012-06-30	31932
2012-06-29	33119
2012-06-28	32731
2012-06-27	39105
2012-06-26	36002
2012-06-25	33979
2012-06-24	28503
2012-06-23	30261
2012-06-22	29231
2012-06-21	29713
2012-06-20	32271
2012-06-19	35548
2012-06-18	37610
2012-06-17	39362
2012-06-16	39353
2012-06-15	49092
2012-06-14	49648
2012-06-13	46734
2012-06-12	23493
2012-06-11	32609
2012-06-10	33834
2012-06-09	31541
2012-06-08	28272
2012-06-07	35387
2012-06-06	24165
2012-06-05	40970
2012-06-04	41579
2012-06-03	30396
2012-06-02	20571
2012-06-01	29065
2012-05-31	28417
2012-05-30	28551
2012-05-29	34270
2012-05-28	29597
2012-05-27	26297
2012-05-26	25653
2012-05-25	30115
2012-05-24	28071
2012-05-23	29621
2012-05-22	27519
2012-05-21	30359
2012-05-20	29546
2012-05-19	31606
2012-05-18	26162
2012-05-17	22573
2012-05-16	25543
2012-05-15	27164
2012-05-14	32417
2012-05-13	20705
2012-05-12	22750
2012-05-11	26141
2012-05-10	20419
2012-05-09	24831
2012-05-08	23790
2012-05-07	25662
2012-05-06	22204
2012-05-05	20023
2012-05-04	22682
2012-05-03	21866
2012-05-02	20206
2012-05-01	20034
2012-04-30	19105
2012-04-29	15994
2012-04-28	15974
2012-04-27	17204
2012-04-26	19175
2012-04-25	17455
2012-04-24	17336
2012-04-23	16739
2012-04-22	14700
2012-04-21	16317
2012-04-20	19347
2012-04-19	17786
2012-04-18	19375
2012-04-17	18550
2012-04-16	19112
2012-04-15	16243
2012-04-14	17362
2012-04-13	15785
2012-04-12	18833
2012-04-11	18461
2012-04-10	17427
2012-04-09	15218
2012-04-08	13928
2012-04-07	14275
2012-04-06	16329
2012-04-05	16395
2012-04-04	16688
2012-04-03	18804
2012-04-02	14894
2012-04-01	12765
2012-03-31	14048
2012-03-30	15041
2012-03-29	17033
2012-03-28	16251
2012-03-27	15525
2012-03-26	15785
2012-03-25	14492
2012-03-24	13810
2012-03-23	14262
2012-03-22	15718
2012-03-21	16222
2012-03-20	15984
2012-03-19	15523
2012-03-18	13890
2012-03-17	16091
2012-03-16	16252
2012-03-15	15151
2012-03-14	16190
2012-03-13	16827
2012-03-12	14371
2012-03-11	12650
2012-03-10	12891
2012-03-09	15802
2012-03-08	15709
2012-03-07	15217
2012-03-06	15307
2012-03-05	16149
2012-03-04	14967
2012-03-03	12596
2012-03-02	17620
2012-03-01	16147
2012-02-29	15449
2012-02-28	16328
2012-02-27	14918
2012-02-26	13330
2012-02-25	15163
2012-02-24	16526
2012-02-23	17566
2012-02-22	16296
2012-02-21	14722
2012-02-20	14297
2012-02-19	13254
2012-02-18	14506
2012-02-17	14224
2012-02-16	18668
2012-02-15	17768
2012-02-14	18412
2012-02-13	16259
2012-02-12	14187
2012-02-11	15291
2012-02-10	16357
2012-02-09	15125
2012-02-08	14600
2012-02-07	14709
2012-02-06	13896
2012-02-05	14859
2012-02-04	16363
2012-02-03	16555
2012-02-02	16107
2012-02-01	14975
2012-01-31	15633
2012-01-30	13509
2012-01-29	14393
2012-01-28	13055
2012-01-27	14436
2012-01-26	14442
2012-01-25	16585
2012-01-24	14937
2012-01-23	13221
2012-01-22	11406
2012-01-21	13526
2012-01-20	14195
2012-01-19	15094
2012-01-18	14743
2012-01-17	14303
2012-01-16	14849
2012-01-15	13549
2012-01-14	14566
2012-01-13	14497
2012-01-12	13881
2012-01-11	16989
2012-01-10	16090
2012-01-09	14840
2012-01-08	14671
2012-01-07	13423
2012-01-06	14909
2012-01-05	15386
2012-01-04	12470
2012-01-03	13136
2012-01-02	11914
2012-01-01	11448
2011-12-31	10887
2011-12-30	10544
2011-12-29	11323
2011-12-28	10806
2011-12-27	11746
2011-12-26	12175
2011-12-25	11801
2011-12-24	10250
2011-12-23	12106
2011-12-22	12034
2011-12-21	11883
2011-12-20	13691
2011-12-19	12720
2011-12-18	9874
2011-12-17	10215
2011-12-16	10633
2011-12-15	10026
2011-12-14	11973
2011-12-13	11983
2011-12-12	11359
2011-12-11	12136
2011-12-10	11947
2011-12-09	11780
2011-12-08	14059
2011-12-07	12910
2011-12-06	15244
2011-12-05	13078
2011-12-04	11873
2011-12-03	12858
2011-12-02	13328
2011-12-01	14028
2011-11-30	15435
2011-11-29	14376
2011-11-28	12621
2011-11-27	10752
2011-11-26	10288
2011-11-25	11682
2011-11-24	10946
2011-11-23	11499
2011-11-22	11490
2011-11-21	10158
2011-11-20	11420
2011-11-19	10092
2011-11-18	12421
2011-11-17	12196
2011-11-16	13156
2011-11-15	14168
2011-11-14	13718
2011-11-13	12538
2011-11-12	12259
2011-11-11	12128
2011-11-10	14362
2011-11-09	14341
2011-11-08	13738
2011-11-07	12641
2011-11-06	11541
2011-11-05	13495
2011-11-04	15815
2011-11-03	13114
2011-11-02	13117
2011-11-01	12768
2011-10-31	12022
2011-10-30	11401
2011-10-29	12873
2011-10-28	12708
2011-10-27	11458
2011-10-26	12447
2011-10-25	13107
2011-10-24	13953
2011-10-23	13218
2011-10-22	12109
2011-10-21	12051
2011-10-20	11118
2011-10-19	12555
2011-10-18	12316
2011-10-17	14144
2011-10-16	11983
2011-10-15	13158
2011-10-14	14554
2011-10-13	11659
2011-10-12	13584
2011-10-11	13715
2011-10-10	13349
2011-10-09	12276
2011-10-08	12497
2011-10-07	13746
2011-10-06	14442
2011-10-05	13654
2011-10-04	13799
2011-10-03	13848
2011-10-02	11839
2011-10-01	12999
2011-09-30	13468
2011-09-29	12797
2011-09-28	13750
2011-09-27	18692
2011-09-26	17763
2011-09-25	19237
2011-09-24	19433
2011-09-23	19994
2011-09-22	17540
2011-09-21	17933
2011-09-20	21913
2011-09-19	16062
2011-09-18	14359
2011-09-17	13124
2011-09-16	14561
2011-09-15	15457
2011-09-14	14793
2011-09-13	14870
2011-09-12	16637
2011-09-11	15421
2011-09-10	15938
2011-09-09	18605
2011-09-08	15802
2011-09-07	16824
2011-09-06	18776
2011-09-05	18243
2011-09-04	17537
2011-09-03	14464
2011-09-02	16099
2011-09-01	16984
2011-08-31	17029
2011-08-30	17534
2011-08-29	18891
2011-08-28	18476
2011-08-27	20857
2011-08-26	21536
2011-08-25	23113
2011-08-24	22129
2011-08-23	22694
2011-08-22	25202
2011-08-21	22784
2011-08-20	21113
2011-08-19	22233
2011-08-18	20675
2011-08-17	20363
2011-08-16	20992
2011-08-15	19220
2011-08-14	21506
2011-08-13	19184
2011-08-12	17126
2011-08-11	18290
2011-08-10	19710
2011-08-09	23668
2011-08-08	24628
2011-08-07	20060
2011-08-06	20231
2011-08-05	21510
2011-08-04	18966
2011-08-03	18410
2011-08-02	21703
2011-08-01	23757
2011-07-31	24137
2011-07-30	19760
2011-07-29	22221
2011-07-28	25901
2011-07-27	23479
2011-07-26	23820
2011-07-25	26960
2011-07-24	23227
2011-07-23	21907
2011-07-22	24454
2011-07-21	25435
2011-07-20	25886
2011-07-19	24900
2011-07-18	27882
2011-07-17	24674
2011-07-16	24053
2011-07-15	24433
2011-07-14	28843
2011-07-13	27175
2011-07-12	23044
2011-07-11	25850
2011-07-10	28708
2011-07-09	22762
2011-07-08	24626
2011-07-07	22941
2011-07-06	26919
2011-07-05	23298
2011-07-04	23558
2011-07-03	22246
2011-07-02	32230
2011-07-01	30214
2011-06-30	23459
2011-06-29	24333
2011-06-28	26180
2011-06-27	30137
2011-06-26	23539
2011-06-25	22628
2011-06-24	25212
2011-06-23	24369
2011-06-22	26764
2011-06-21	24996
2011-06-20	25961
2011-06-19	27766
2011-06-18	26115
2011-06-17	26054
2011-06-16	28868
2011-06-15	27541
2011-06-14	29778
2011-06-13	25809
2011-06-12	27014
2011-06-11	23770
2011-06-10	24145
2011-06-09	26278
2011-06-08	27306
2011-06-07	18964
2011-06-06	20962
2011-06-05	17861
2011-06-04	19418
2011-06-03	17815
2011-06-02	15519
2011-06-01	13981
2011-05-31	14046
2011-05-30	12750
2011-05-29	11196
2011-05-28	11640
2011-05-27	10813
2011-05-26	14476
2011-05-25	14562
2011-05-24	13185
2011-05-23	12092
2011-05-22	10834
2011-05-21	10772
2011-05-20	11600
2011-05-19	11998
2011-05-18	12939
2011-05-17	10497
2011-05-16	11771
2011-05-15	8317
2011-05-14	8975
2011-05-13	9451
2011-05-12	7229
2011-05-11	7085
2011-05-10	7165
2011-05-09	7565
2011-05-08	6400
2011-05-07	7278
2011-05-06	6852
2011-05-05	7096
2011-05-04	6372
2011-05-03	6050
2011-05-02	5987
2011-05-01	7490
2011-04-30	8157
2011-04-29	6747
2011-04-28	6221
2011-04-27	7489
2011-04-26	6147
2011-04-25	5074
2011-04-24	4657
2011-04-23	4936
2011-04-22	4248
2011-04-21	4047
2011-04-20	5387
2011-04-19	6348
2011-04-18	5540
2011-04-17	4349
2011-04-16	5369
2011-04-15	4147
2011-04-14	5966
2011-04-13	4672
2011-04-12	4330
2011-04-11	4060
2011-04-10	3513
2011-04-09	3615
2011-04-08	3649
2011-04-07	3423
2011-04-06	3867
2011-04-05	4306
2011-04-04	4621
2011-04-03	3626
2011-04-02	3304
2011-04-01	3279
2011-03-31	4159
2011-03-30	3662
2011-03-29	4653
2011-03-28	5336
2011-03-27	4772
2011-03-26	4828
2011-03-25	4170
2011-03-24	4388
2011-03-23	6864
2011-03-22	3862
2011-03-21	4652
2011-03-20	4449
2011-03-19	3176
2011-03-18	3094
2011-03-17	3225
2011-03-16	3166
2011-03-15	3299
2011-03-14	2900
2011-03-13	2893
2011-03-12	3232
2011-03-11	3048
2011-03-10	2912
2011-03-09	3384
2011-03-08	3867
2011-03-07	3409
2011-03-06	3316
2011-03-05	3610
2011-03-04	3281
2011-03-03	4894
2011-03-02	3728
2011-03-01	5194
2011-02-28	3028
2011-02-27	3633
2011-02-26	3581
2011-02-25	3416
2011-02-24	3676
2011-02-23	3798
2011-02-22	3781
2011-02-21	3291
2011-02-20	3177
2011-02-19	2892
2011-02-18	3608
2011-02-17	3492
2011-02-16	2982
2011-02-15	3410
2011-02-14	4117
2011-02-13	3266
2011-02-12	3300
2011-02-11	4310
2011-02-10	3549
2011-02-09	2088
2011-02-08	1427
2011-02-07	1398
2011-02-06	1393
2011-02-05	1525
2011-02-04	1509
2011-02-03	1266
2011-02-02	1490
2011-02-01	1916
2011-01-31	2229
2011-01-30	3198
2011-01-29	2077
2011-01-28	1690
2011-01-27	1653
2011-01-26	1586
2011-01-25	1445
2011-01-24	2058
2011-01-23	1932
2011-01-22	2196
2011-01-21	1969
2011-01-20	1453
2011-01-19	1545
2011-01-18	1416
2011-01-17	1348
2011-01-16	1536
2011-01-15	1422
2011-01-14	1607
2011-01-13	1696
2011-01-12	1263
2011-01-11	1552
2011-01-10	1437
2011-01-09	1383
2011-01-08	1473
2011-01-07	1254
2011-01-06	1161
2011-01-05	1540
2011-01-04	1078
2011-01-03	1398
2011-01-02	1051
2011-01-01	1077
2010-12-31	898
2010-12-30	1091
2010-12-29	990
2010-12-28	1030
2010-12-27	1140
2010-12-26	1028
2010-12-25	1076
2010-12-24	851
2010-12-23	1018
2010-12-22	1210
2010-12-21	1088
2010-12-20	1461
2010-12-19	1088
2010-12-18	858
2010-12-17	796
2010-12-16	949
2010-12-15	1093
2010-12-14	1131
2010-12-13	1676
2010-12-12	1194
2010-12-11	1070
2010-12-10	636
2010-12-09	835
2010-12-08	903
2010-12-07	1142
2010-12-06	734
2010-12-05	695
2010-12-04	729
2010-12-03	881
2010-12-02	812
2010-12-01	1109
2010-11-30	797
2010-11-29	900
2010-11-28	706
2010-11-27	822
2010-11-26	1197
2010-11-25	912
2010-11-24	963
2010-11-23	660
2010-11-22	624
2010-11-21	758
2010-11-20	784
2010-11-19	641
2010-11-18	632
2010-11-17	675
2010-11-16	3365
2010-11-15	4396
2010-11-14	901
2010-11-13	579
2010-11-12	456
2010-11-11	601
2010-11-10	651
2010-11-09	648
2010-11-08	1571
2010-11-07	690
2010-11-06	596
2010-11-05	835
2010-11-04	607
2010-11-03	574
2010-11-02	458
2010-11-01	597
2010-10-31	572
2010-10-30	659
2010-10-29	848
2010-10-28	998
2010-10-27	1117
2010-10-26	866
2010-10-25	752
2010-10-24	851
2010-10-23	835
2010-10-22	972
2010-10-21	994
2010-10-20	1183
2010-10-19	1408
2010-10-18	947
2010-10-17	752
2010-10-16	933
2010-10-15	581
2010-10-14	634
2010-10-13	926
2010-10-12	646
2010-10-11	631
2010-10-10	623
2010-10-09	750
2010-10-08	813
2010-10-07	647
2010-10-06	692
2010-10-05	704
2010-10-04	828
2010-10-03	672
2010-10-02	780
2010-10-01	847
2010-09-30	638
2010-09-29	1198
2010-09-28	1699
2010-09-27	1269
2010-09-26	623
2010-09-25	825
2010-09-24	807
2010-09-23	1049
2010-09-22	1039
2010-09-21	1216
2010-09-20	705
2010-09-19	654
2010-09-18	562
2010-09-17	1003
2010-09-16	685
2010-09-15	662
2010-09-14	664
2010-09-13	718
2010-09-12	711
2010-09-11	433
2010-09-10	541
2010-09-09	514
2010-09-08	545
2010-09-07	403
2010-09-06	511
2010-09-05	548
2010-09-04	451
2010-09-03	500
2010-09-02	543
2010-09-01	603
2010-08-31	734
2010-08-30	522
2010-08-29	390
2010-08-28	527
2010-08-27	497
2010-08-26	652
2010-08-25	499
2010-08-24	632
2010-08-23	653
2010-08-22	586
2010-08-21	528
2010-08-20	656
2010-08-19	470
2010-08-18	726
2010-08-17	494
2010-08-16	772
2010-08-15	425
2010-08-14	563
2010-08-13	847
2010-08-12	579
2010-08-11	701
2010-08-10	590
2010-08-09	778
2010-08-08	584
2010-08-07	514
2010-08-06	638
2010-08-05	819
2010-08-04	731
2010-08-03	974
2010-08-02	627
2010-08-01	620
2010-07-31	475
2010-07-30	583
2010-07-29	530
2010-07-28	674
2010-07-27	771
2010-07-26	1238
2010-07-25	2132
2010-07-24	964
2010-07-23	652
2010-07-22	599
2010-07-21	809
2010-07-20	906
2010-07-19	972
2010-07-18	917
2010-07-17	804
2010-07-16	1723
2010-07-15	2008
2010-07-14	6763
2010-07-13	1998
2010-07-12	3551
2010-07-11	587
2010-07-10	402
2010-07-09	348
2010-07-08	314
2010-07-07	383
2010-07-06	268
2010-07-05	380
2010-07-04	437
2010-07-03	358
2010-07-02	378
2010-07-01	401
2010-06-30	450
2010-06-29	401
2010-06-28	289
2010-06-27	316
2010-06-26	249
2010-06-25	249
2010-06-24	368
2010-06-23	350
2010-06-22	364
2010-06-21	346
2010-06-20	308
2010-06-19	379
2010-06-18	274
2010-06-17	282
2010-06-16	294
2010-06-15	365
2010-06-14	422
2010-06-13	341
2010-06-12	293
2010-06-11	354
2010-06-10	287
2010-06-09	352
2010-06-08	340
2010-06-07	480
2010-06-06	270
2010-06-05	261
2010-06-04	236
2010-06-03	402
2010-06-02	257
2010-06-01	276
2010-05-31	281
2010-05-30	271
2010-05-29	360
2010-05-28	360
2010-05-27	382
2010-05-26	403
2010-05-25	345
2010-05-24	328
2010-05-23	449
2010-05-22	345
2010-05-21	333
2010-05-20	287
2010-05-19	312
2010-05-18	303
2010-05-17	291
2010-05-16	169
2010-05-15	160
2010-05-14	249
2010-05-13	257
2010-05-12	262
2010-05-11	160
2010-05-10	297
2010-05-09	256
2010-05-08	446
2010-05-07	234
2010-05-06	441
2010-05-05	296
2010-05-04	325
2010-05-03	279
2010-05-02	206
2010-05-01	264
2010-04-30	207
2010-04-29	217
2010-04-28	323
2010-04-27	273
2010-04-26	278
2010-04-25	344
2010-04-24	285
2010-04-23	243
2010-04-22	233
2010-04-21	375
2010-04-20	426
2010-04-19	546
2010-04-18	3468
2010-04-17	305
2010-04-16	434
2010-04-15	927
2010-04-14	312
2010-04-13	241
2010-04-12	355
2010-04-11	403
2010-04-10	556
2010-04-09	320
2010-04-08	217
2010-04-07	303
2010-04-06	267
2010-04-05	307
2010-04-04	241
2010-04-03	192
2010-04-02	179
2010-04-01	199
2010-03-31	238
2010-03-30	226
2010-03-29	268
2010-03-28	207
2010-03-27	206
2010-03-26	280
2010-03-25	539
2010-03-24	208
2010-03-23	289
2010-03-22	224
2010-03-21	193
2010-03-20	273
2010-03-19	289
2010-03-18	225
2010-03-17	164
2010-03-16	154
2010-03-15	145
2010-03-14	134
2010-03-13	190
2010-03-12	130
2010-03-11	200
2010-03-10	211
2010-03-09	229
2010-03-08	313
2010-03-07	297
2010-03-06	274
2010-03-05	175
2010-03-04	575
2010-03-03	260
2010-03-02	233
2010-03-01	227
2010-02-28	264
2010-02-27	184
2010-02-26	196
2010-02-25	300
2010-02-24	283
2010-02-23	252
2010-02-22	531
2010-02-21	344
2010-02-20	221
2010-02-19	198
2010-02-18	267
2010-02-17	267
2010-02-16	217
2010-02-15	271
2010-02-14	263
2010-02-13	318
2010-02-12	225
2010-02-11	245
2010-02-10	777
2010-02-09	623
2010-02-08	329
2010-02-07	230
2010-02-06	224
2010-02-05	472
2010-02-04	269
2010-02-03	277
2010-02-02	167
2010-02-01	203
2010-01-31	184
2010-01-30	248
2010-01-29	213
2010-01-28	199
2010-01-27	181
2010-01-26	215
2010-01-25	272
2010-01-24	156
2010-01-23	164
2010-01-22	141
2010-01-21	187
2010-01-20	158
2010-01-19	124
2010-01-18	128
2010-01-17	131
2010-01-16	132
2010-01-15	147
2010-01-14	155
2010-01-13	168
2010-01-12	375
2010-01-11	159
2010-01-10	190
2010-01-09	151
2010-01-08	153
2010-01-07	154
2010-01-06	163
2010-01-05	198
2010-01-04	266
2010-01-03	186
2010-01-02	126
2010-01-01	136
2009-12-31	138
2009-12-30	141
2009-12-29	171
2009-12-28	137
2009-12-27	173
2009-12-26	174
2009-12-25	151
2009-12-24	154
2009-12-23	154
2009-12-22	162
2009-12-21	177
2009-12-20	175
2009-12-19	200
2009-12-18	225
2009-12-17	179
2009-12-16	154
2009-12-15	119
2009-12-14	437
2009-12-13	114
2009-12-12	178
2009-12-11	112
2009-12-10	104
2009-12-09	119
2009-12-08	136
2009-12-07	112
2009-12-06	107
2009-12-05	84
2009-12-04	36
2009-12-03	88
2009-12-02	94
2009-12-01	240
2009-11-30	75
2009-11-29	60
2009-11-28	71
2009-11-27	74
2009-11-26	84
2009-11-25	90
2009-11-24	93
2009-11-23	96
2009-11-22	106
2009-11-21	73
2009-11-20	86
2009-11-19	153
2009-11-18	79
2009-11-17	92
2009-11-16	97
2009-11-15	96
2009-11-14	79
2009-11-13	93
2009-11-12	66
2009-11-11	116
2009-11-10	78
2009-11-09	64
2009-11-08	73
2009-11-07	69
2009-11-06	62
2009-11-05	57
2009-11-04	105
2009-11-03	62
2009-11-02	33
2009-11-01	25
2009-10-31	46
2009-10-30	60
2009-10-29	89
2009-10-28	66
2009-10-27	81
2009-10-26	71
2009-10-25	76
2009-10-24	70
2009-10-23	89
2009-10-22	130
2009-10-21	99
2009-10-20	197
2009-10-19	112
2009-10-18	82
2009-10-17	57
2009-10-16	141
2009-10-15	71
2009-10-14	69
2009-10-13	57
2009-10-12	132
2009-10-11	74
2009-10-10	77
2009-10-09	79
2009-10-08	70
2009-10-07	60
2009-10-06	58
2009-10-05	55
2009-10-04	53
2009-10-03	58
2009-10-02	83
2009-10-01	82
2009-09-30	85
2009-09-29	133
2009-09-28	85
2009-09-27	104
2009-09-26	100
2009-09-25	119
2009-09-24	97
2009-09-23	36
2009-09-22	66
2009-09-21	78
2009-09-20	78
2009-09-19	74
2009-09-18	78
2009-09-17	186
2009-09-16	74
2009-09-15	44
2009-09-14	74
2009-09-13	75
2009-09-12	69
2009-09-11	67
2009-09-10	67
2009-09-09	54
2009-09-08	69
2009-09-07	92
2009-09-06	68
2009-09-05	76
2009-09-04	64
2009-09-03	76
2009-09-02	66
2009-09-01	78
2009-08-31	93
2009-08-30	99
2009-08-29	78
2009-08-28	75
2009-08-27	29
2009-08-26	96
2009-08-25	50
2009-08-24	15
2009-08-23	15
2009-08-22	7
2009-08-21	14
2009-08-20	22
2009-08-19	18
2009-08-18	10
2009-08-17	17
2009-08-16	19
2009-08-15	26
2009-08-14	63
2009-08-13	85
2009-08-12	63
2009-08-11	70
2009-08-10	75
2009-08-09	101
2009-08-08	80
2009-08-07	192
2009-08-06	90
2009-08-05	87
2009-08-04	81
2009-08-03	12
2009-08-02	23
2009-08-01	28
2009-07-31	17
2009-07-30	17
2009-07-29	22
2009-07-28	41
2009-07-27	74
2009-07-26	21
2009-07-25	32
2009-07-24	73
2009-07-23	76
2009-07-22	60
2009-07-21	82
2009-07-20	192
2009-07-19	70
2009-07-18	4
2009-07-17	47
2009-07-16	71
2009-07-15	45
2009-07-14	69
2009-07-13	78
2009-07-12	77
2009-07-11	83
2009-07-10	81
2009-07-09	86
2009-07-08	74
2009-07-07	69
2009-07-06	84
2009-07-05	79
2009-07-04	89
2009-07-03	82
2009-07-02	85
2009-07-01	77
2009-06-30	89
2009-06-29	85
2009-06-28	48
2009-06-27	84
2009-06-26	90
2009-06-25	89
2009-06-24	100
2009-06-23	76
2009-06-22	137
2009-06-21	81
2009-06-20	78
2009-06-19	87
2009-06-18	80
2009-06-17	79
2009-06-16	71
2009-06-15	84
2009-06-14	72
2009-06-13	78
2009-06-12	86
2009-06-11	89
2009-06-10	82
2009-06-09	91
2009-06-08	82
2009-06-07	16
2009-06-06	28
2009-06-05	30
2009-06-04	66
2009-06-03	71
2009-06-02	111
2009-06-01	73
2009-05-31	96
2009-05-30	109
2009-05-29	167
2009-05-28	95
2009-05-27	119
2009-05-26	125
2009-05-25	109
2009-05-24	100
2009-05-23	32
2009-05-22	61
2009-05-21	82
2009-05-20	120
2009-05-19	86
2009-05-18	118
2009-05-17	127
2009-05-16	119
2009-05-15	146
2009-05-14	145
2009-05-13	117
2009-05-12	130
2009-05-11	123
2009-05-10	85
2009-05-09	78
2009-05-08	107
2009-05-07	122
2009-05-06	135
2009-05-05	146
2009-05-04	159
2009-05-03	110
2009-05-02	142
2009-05-01	121
2009-04-30	131
2009-04-29	149
2009-04-28	117
2009-04-27	104
2009-04-26	128
2009-04-25	118
2009-04-24	115
2009-04-23	75
2009-04-22	121
2009-04-21	125
2009-04-20	236
2009-04-19	128
2009-04-18	131
2009-04-17	112
2009-04-16	123
2009-04-15	113
2009-04-14	124
2009-04-13	117
2009-04-12	127
2009-04-11	128
2009-04-10	108
2009-04-09	99
2009-04-08	105
2009-04-07	100
2009-04-06	109
2009-04-05	148
2009-04-04	113
2009-04-03	116
2009-04-02	115
2009-04-01	114
2009-03-31	143
2009-03-30	120
2009-03-29	116
2009-03-28	140
2009-03-27	106
2009-03-26	146
2009-03-25	117
2009-03-24	105
2009-03-23	130
2009-03-22	131
2009-03-21	50
2009-03-20	131
2009-03-19	122
2009-03-18	129
2009-03-17	114
2009-03-16	170
2009-03-15	123
2009-03-14	110
2009-03-13	127
2009-03-12	122
2009-03-11	114
2009-03-10	107
2009-03-09	108
2009-03-08	142
2009-03-07	109
2009-03-06	117
2009-03-05	121
2009-03-04	130
2009-03-03	114
2009-03-02	108
2009-03-01	105
2009-02-28	107
2009-02-27	152
2009-02-26	107
2009-02-25	105
2009-02-24	106
2009-02-23	108
2009-02-22	133
2009-02-21	114
2009-02-20	122
2009-02-19	141
2009-02-18	118
2009-02-17	117
2009-02-16	153
2009-02-15	142
2009-02-14	136
2009-02-13	124
2009-02-12	119
2009-02-11	147
2009-02-10	120
2009-02-09	179
2009-02-08	134
2009-02-07	156
2009-02-06	122
2009-02-05	126
2009-02-04	119
2009-02-03	154
2009-02-02	130
2009-02-01	116
2009-01-31	159
2009-01-30	117
2009-01-29	134
2009-01-28	112
2009-01-27	101
2009-01-26	117
2009-01-25	193
2009-01-24	212
2009-01-23	95
2009-01-22	102
2009-01-21	105
2009-01-20	123
2009-01-19	133
2009-01-18	111
2009-01-17	109
2009-01-16	114
2009-01-15	140
2009-01-14	133
2009-01-13	123
2009-01-12	102
2009-01-11	93
2009-01-10	61
2009-01-09	14
2009-01-03	1