date	unique_recievers
2024-04-03	659744
2024-04-02	691243
2024-04-01	653947
2024-03-31	550146
2024-03-30	619922
2024-03-29	663913
2024-03-28	700922
2024-03-27	650011
2024-03-26	659709
2024-03-25	627379
2024-03-24	571452
2024-03-23	629112
2024-03-22	682332
2024-03-21	615174
2024-03-20	644855
2024-03-19	763476
2024-03-18	682619
2024-03-17	606800
2024-03-16	630089
2024-03-15	755166
2024-03-14	673281
2024-03-13	717694
2024-03-12	685137
2024-03-11	692745
2024-03-10	639328
2024-03-09	646712
2024-03-08	733128
2024-03-07	730749
2024-03-06	694982
2024-03-05	781212
2024-03-04	670072
2024-03-03	638755
2024-03-02	628026
2024-03-01	778057
2024-02-29	779173
2024-02-28	769289
2024-02-27	678734
2024-02-26	627313
2024-02-25	619844
2024-02-24	597890
2024-02-23	687752
2024-02-22	650615
2024-02-21	644618
2024-02-20	655613
2024-02-19	623414
2024-02-18	567393
2024-02-17	595185
2024-02-16	623917
2024-02-15	617905
2024-02-14	589872
2024-02-13	593557
2024-02-12	652763
2024-02-11	564734
2024-02-10	641167
2024-02-09	620063
2024-02-08	549953
2024-02-07	644778
2024-02-06	526431
2024-02-05	529594
2024-02-04	543611
2024-02-03	670989
2024-02-02	696782
2024-02-01	685243
2024-01-31	633390
2024-01-30	698660
2024-01-29	703115
2024-01-28	736890
2024-01-27	725550
2024-01-26	693255
2024-01-25	578976
2024-01-24	573159
2024-01-23	605407
2024-01-22	637723
2024-01-21	742883
2024-01-20	746714
2024-01-19	675293
2024-01-18	717083
2024-01-17	680876
2024-01-16	581001
2024-01-15	574338
2024-01-14	618251
2024-01-13	718804
2024-01-12	604883
2024-01-11	671581
2024-01-10	615807
2024-01-09	641900
2024-01-08	608195
2024-01-07	521338
2024-01-06	587027
2024-01-05	692016
2024-01-04	692987
2024-01-03	687859
2024-01-02	561340
2024-01-01	641724
2023-12-31	703232
2023-12-30	614258
2023-12-29	712572
2023-12-28	598651
2023-12-27	652514
2023-12-26	591311
2023-12-25	577357
2023-12-24	757454
2023-12-23	699250
2023-12-22	782361
2023-12-21	704554
2023-12-20	665528
2023-12-19	691458
2023-12-18	728124
2023-12-17	578705
2023-12-16	645913
2023-12-15	727306
2023-12-14	582889
2023-12-13	630768
2023-12-12	705269
2023-12-11	752854
2023-12-10	677601
2023-12-09	762151
2023-12-08	691122
2023-12-07	652782
2023-12-06	650338
2023-12-05	676823
2023-12-04	767089
2023-12-03	779907
2023-12-02	692055
2023-12-01	847816
2023-11-30	704599
2023-11-29	649838
2023-11-28	716765
2023-11-27	761637
2023-11-26	819979
2023-11-25	864633
2023-11-24	844786
2023-11-23	773200
2023-11-22	780794
2023-11-21	782516
2023-11-20	807042
2023-11-19	809301
2023-11-18	750134
2023-11-17	763059
2023-11-16	815817
2023-11-15	773537
2023-11-14	747851
2023-11-13	673222
2023-11-12	883683
2023-11-11	897476
2023-11-10	852359
2023-11-09	834960
2023-11-08	839591
2023-11-07	740198
2023-11-06	727146
2023-11-05	894060
2023-11-04	959825
2023-11-03	792098
2023-11-02	810453
2023-11-01	799424
2023-10-31	786508
2023-10-30	783124
2023-10-29	675606
2023-10-28	822454
2023-10-27	804548
2023-10-26	782138
2023-10-25	815880
2023-10-24	758779
2023-10-23	664668
2023-10-22	584510
2023-10-21	644168
2023-10-20	708155
2023-10-19	652276
2023-10-18	616756
2023-10-17	649285
2023-10-16	656222
2023-10-15	574493
2023-10-14	617684
2023-10-13	666319
2023-10-12	628402
2023-10-11	610046
2023-10-10	633368
2023-10-09	603115
2023-10-08	561862
2023-10-07	601763
2023-10-06	683490
2023-10-05	692322
2023-10-04	642408
2023-10-03	679809
2023-10-02	696474
2023-10-01	616812
2023-09-30	628385
2023-09-29	716707
2023-09-28	642658
2023-09-27	625022
2023-09-26	628420
2023-09-25	639598
2023-09-24	688624
2023-09-23	884567
2023-09-22	760009
2023-09-21	765714
2023-09-20	826650
2023-09-19	744493
2023-09-18	854637
2023-09-17	856555
2023-09-16	878453
2023-09-15	1020055
2023-09-14	877531
2023-09-13	804579
2023-09-12	786917
2023-09-11	722208
2023-09-10	848873
2023-09-09	929631
2023-09-08	695865
2023-09-07	787244
2023-09-06	758959
2023-09-05	755601
2023-09-04	734509
2023-09-03	701339
2023-09-02	776633
2023-09-01	773752
2023-08-31	753393
2023-08-30	667838
2023-08-29	770499
2023-08-28	639200
2023-08-27	608209
2023-08-26	750196
2023-08-25	709339
2023-08-24	662378
2023-08-23	654480
2023-08-22	638914
2023-08-21	744125
2023-08-20	695865
2023-08-19	633327
2023-08-18	788600
2023-08-17	771033
2023-08-16	671885
2023-08-15	789145
2023-08-14	727245
2023-08-13	652458
2023-08-12	705654
2023-08-11	736108
2023-08-10	713545
2023-08-09	738201
2023-08-08	618862
2023-08-07	678543
2023-08-06	774247
2023-08-05	732548
2023-08-04	644121
2023-08-03	719101
2023-08-02	701551
2023-08-01	737192
2023-07-31	679521
2023-07-30	803491
2023-07-29	696771
2023-07-28	722987
2023-07-27	716400
2023-07-26	739731
2023-07-25	737070
2023-07-24	706509
2023-07-23	694008
2023-07-22	558128
2023-07-21	659841
2023-07-20	687358
2023-07-19	747068
2023-07-18	777610
2023-07-17	706131
2023-07-16	735100
2023-07-15	734455
2023-07-14	762910
2023-07-13	681182
2023-07-12	755178
2023-07-11	689534
2023-07-10	682274
2023-07-09	735380
2023-07-08	699211
2023-07-07	776741
2023-07-06	712463
2023-07-05	729917
2023-07-04	639849
2023-07-03	660822
2023-07-02	538610
2023-07-01	625084
2023-06-30	757780
2023-06-29	729442
2023-06-28	629967
2023-06-27	711175
2023-06-26	695726
2023-06-25	659354
2023-06-24	686655
2023-06-23	709727
2023-06-22	725257
2023-06-21	695490
2023-06-20	748913
2023-06-19	616820
2023-06-18	664089
2023-06-17	665635
2023-06-16	767365
2023-06-15	691729
2023-06-14	634985
2023-06-13	684826
2023-06-12	620284
2023-06-11	567094
2023-06-10	650314
2023-06-09	681536
2023-06-08	685388
2023-06-07	737280
2023-06-06	765732
2023-06-05	612937
2023-06-04	597578
2023-06-03	646454
2023-06-02	730344
2023-06-01	683856
2023-05-31	715775
2023-05-30	721019
2023-05-29	671394
2023-05-28	651252
2023-05-27	680413
2023-05-26	742490
2023-05-25	694287
2023-05-24	626431
2023-05-23	644260
2023-05-22	612069
2023-05-21	549059
2023-05-20	566278
2023-05-19	681289
2023-05-18	614020
2023-05-17	635877
2023-05-16	629403
2023-05-15	587108
2023-05-14	578713
2023-05-13	566340
2023-05-12	612595
2023-05-11	603266
2023-05-10	688261
2023-05-09	587604
2023-05-08	553180
2023-05-07	483077
2023-05-06	621380
2023-05-05	653812
2023-05-04	682190
2023-05-03	731213
2023-05-02	622222
2023-05-01	700366
2023-04-30	615204
2023-04-29	631290
2023-04-28	728226
2023-04-27	675585
2023-04-26	670981
2023-04-25	666323
2023-04-24	637420
2023-04-23	607925
2023-04-22	658453
2023-04-21	776054
2023-04-20	679540
2023-04-19	683215
2023-04-18	685280
2023-04-17	670180
2023-04-16	562870
2023-04-15	648401
2023-04-14	733665
2023-04-13	724545
2023-04-12	718628
2023-04-11	799036
2023-04-10	638051
2023-04-09	578469
2023-04-08	671520
2023-04-07	759274
2023-04-06	784448
2023-04-05	741296
2023-04-04	826485
2023-04-03	690121
2023-04-02	670122
2023-04-01	725029
2023-03-31	744167
2023-03-30	731697
2023-03-29	731556
2023-03-28	687434
2023-03-27	671829
2023-03-26	597899
2023-03-25	663780
2023-03-24	687189
2023-03-23	680587
2023-03-22	691329
2023-03-21	711854
2023-03-20	728553
2023-03-19	622099
2023-03-18	694679
2023-03-17	771832
2023-03-16	690047
2023-03-15	753155
2023-03-14	731683
2023-03-13	728804
2023-03-12	624221
2023-03-11	724711
2023-03-10	764511
2023-03-09	703346
2023-03-08	658688
2023-03-07	774737
2023-03-06	674162
2023-03-05	632970
2023-03-04	681627
2023-03-03	810153
2023-03-02	728794
2023-03-01	829727
2023-02-28	734137
2023-02-27	647221
2023-02-26	631721
2023-02-25	628838
2023-02-24	698498
2023-02-23	696433
2023-02-22	663467
2023-02-21	657639
2023-02-20	618400
2023-02-19	572441
2023-02-18	659190
2023-02-17	719216
2023-02-16	762182
2023-02-15	726470
2023-02-14	678311
2023-02-13	669739
2023-02-12	632509
2023-02-11	645440
2023-02-10	703226
2023-02-09	786838
2023-02-08	685520
2023-02-07	690979
2023-02-06	666869
2023-02-05	599040
2023-02-04	694776
2023-02-03	741011
2023-02-02	756008
2023-02-01	749137
2023-01-31	712087
2023-01-30	670618
2023-01-29	621082
2023-01-28	641888
2023-01-27	702651
2023-01-26	673436
2023-01-25	691965
2023-01-24	663896
2023-01-23	654962
2023-01-22	613339
2023-01-21	680181
2023-01-20	704720
2023-01-19	687955
2023-01-18	684933
2023-01-17	684022
2023-01-16	681052
2023-01-15	609079
2023-01-14	729269
2023-01-13	746952
2023-01-12	720450
2023-01-11	663958
2023-01-10	698616
2023-01-09	666318
2023-01-08	570378
2023-01-07	608412
2023-01-06	690011
2023-01-05	685747
2023-01-04	656407
2023-01-03	648942
2023-01-02	579142
2023-01-01	513432
2022-12-31	622215
2022-12-30	728918
2022-12-29	671072
2022-12-28	664292
2022-12-27	595714
2022-12-26	551347
2022-12-25	524892
2022-12-24	564278
2022-12-23	682833
2022-12-22	668353
2022-12-21	657052
2022-12-20	656992
2022-12-19	628614
2022-12-18	562672
2022-12-17	678542
2022-12-16	678180
2022-12-15	694265
2022-12-14	676708
2022-12-13	714974
2022-12-12	643375
2022-12-11	575991
2022-12-10	620461
2022-12-09	667377
2022-12-08	651335
2022-12-07	657594
2022-12-06	641215
2022-12-05	659617
2022-12-04	574684
2022-12-03	654404
2022-12-02	689531
2022-12-01	708037
2022-11-30	659724
2022-11-29	662388
2022-11-28	634902
2022-11-27	573821
2022-11-26	600378
2022-11-25	642501
2022-11-24	644791
2022-11-23	699812
2022-11-22	627101
2022-11-21	664847
2022-11-20	600668
2022-11-19	650603
2022-11-18	700137
2022-11-17	638467
2022-11-16	672632
2022-11-15	705788
2022-11-14	664914
2022-11-13	660547
2022-11-12	682264
2022-11-11	751790
2022-11-10	778856
2022-11-09	758104
2022-11-08	724286
2022-11-07	648090
2022-11-06	581997
2022-11-05	653775
2022-11-04	692763
2022-11-03	722950
2022-11-02	634395
2022-11-01	671447
2022-10-31	674103
2022-10-30	599263
2022-10-29	672758
2022-10-28	683444
2022-10-27	652357
2022-10-26	688543
2022-10-25	605517
2022-10-24	634016
2022-10-23	587053
2022-10-22	603891
2022-10-21	675668
2022-10-20	638533
2022-10-19	616004
2022-10-18	618608
2022-10-17	617658
2022-10-16	563847
2022-10-15	618216
2022-10-14	698333
2022-10-13	695338
2022-10-12	650227
2022-10-11	640524
2022-10-10	624867
2022-10-09	558483
2022-10-08	615734
2022-10-07	680133
2022-10-06	683266
2022-10-05	649892
2022-10-04	660561
2022-10-03	660715
2022-10-02	575171
2022-10-01	633286
2022-09-30	722734
2022-09-29	656650
2022-09-28	625984
2022-09-27	652620
2022-09-26	619364
2022-09-25	578926
2022-09-24	593749
2022-09-23	694058
2022-09-22	618914
2022-09-21	636810
2022-09-20	655166
2022-09-19	635473
2022-09-18	561729
2022-09-17	647140
2022-09-16	710583
2022-09-15	704507
2022-09-14	690303
2022-09-13	665987
2022-09-12	668199
2022-09-11	610224
2022-09-10	648837
2022-09-09	756256
2022-09-08	687876
2022-09-07	679120
2022-09-06	660646
2022-09-05	631781
2022-09-04	544401
2022-09-03	644809
2022-09-02	713592
2022-09-01	688513
2022-08-31	655140
2022-08-30	663258
2022-08-29	644473
2022-08-28	550432
2022-08-27	607735
2022-08-26	688888
2022-08-25	659886
2022-08-24	651989
2022-08-23	644266
2022-08-22	631699
2022-08-21	552053
2022-08-20	600112
2022-08-19	739834
2022-08-18	689091
2022-08-17	651064
2022-08-16	681071
2022-08-15	623595
2022-08-14	554050
2022-08-13	617063
2022-08-12	706681
2022-08-11	728144
2022-08-10	666728
2022-08-09	648885
2022-08-08	655566
2022-08-07	525334
2022-08-06	614372
2022-08-05	690775
2022-08-04	698631
2022-08-03	696399
2022-08-02	667146
2022-08-01	638584
2022-07-31	564286
2022-07-30	604556
2022-07-29	711786
2022-07-28	700040
2022-07-27	647521
2022-07-26	659407
2022-07-25	632635
2022-07-24	534389
2022-07-23	576265
2022-07-22	653479
2022-07-21	689754
2022-07-20	645133
2022-07-19	686013
2022-07-18	614933
2022-07-17	522923
2022-07-16	581097
2022-07-15	664400
2022-07-14	688180
2022-07-13	599150
2022-07-12	661410
2022-07-11	592882
2022-07-10	526523
2022-07-09	579356
2022-07-08	685387
2022-07-07	695358
2022-07-06	690568
2022-07-05	618626
2022-07-04	613920
2022-07-03	552185
2022-07-02	617962
2022-07-01	717178
2022-06-30	703272
2022-06-29	658797
2022-06-28	627393
2022-06-27	625097
2022-06-26	530024
2022-06-25	560241
2022-06-24	653228
2022-06-23	637611
2022-06-22	642602
2022-06-21	651462
2022-06-20	608812
2022-06-19	552117
2022-06-18	658247
2022-06-17	665855
2022-06-16	664847
2022-06-15	735816
2022-06-14	719693
2022-06-13	710801
2022-06-12	560724
2022-06-11	593456
2022-06-10	673031
2022-06-09	665540
2022-06-08	660330
2022-06-07	652549
2022-06-06	656100
2022-06-05	542136
2022-06-04	573518
2022-06-03	682001
2022-06-02	667428
2022-06-01	686572
2022-05-31	688984
2022-05-30	649365
2022-05-29	534583
2022-05-28	581502
2022-05-27	693072
2022-05-26	658383
2022-05-25	705647
2022-05-24	604027
2022-05-23	643344
2022-05-22	539462
2022-05-21	584649
2022-05-20	672560
2022-05-19	665336
2022-05-18	651214
2022-05-17	688458
2022-05-16	668222
2022-05-15	602581
2022-05-14	727189
2022-05-13	729845
2022-05-12	732713
2022-05-11	699128
2022-05-10	721170
2022-05-09	710369
2022-05-08	603421
2022-05-07	615007
2022-05-06	729697
2022-05-05	781126
2022-05-04	618706
2022-05-03	698504
2022-05-02	691934
2022-05-01	632525
2022-04-30	691131
2022-04-29	733654
2022-04-28	702167
2022-04-27	704821
2022-04-26	694113
2022-04-25	686146
2022-04-24	589161
2022-04-23	621097
2022-04-22	676613
2022-04-21	718021
2022-04-20	711532
2022-04-19	702146
2022-04-18	636527
2022-04-17	565384
2022-04-16	607548
2022-04-15	674369
2022-04-14	679792
2022-04-13	687969
2022-04-12	691235
2022-04-11	691757
2022-04-10	559308
2022-04-09	604995
2022-04-08	691503
2022-04-07	683682
2022-04-06	673920
2022-04-05	699208
2022-04-04	699586
2022-04-03	594075
2022-04-02	667470
2022-04-01	744282
2022-03-31	716985
2022-03-30	669582
2022-03-29	714738
2022-03-28	729076
2022-03-27	598380
2022-03-26	621171
2022-03-25	761189
2022-03-24	683998
2022-03-23	679386
2022-03-22	686960
2022-03-21	671226
2022-03-20	580629
2022-03-19	646081
2022-03-18	706537
2022-03-17	751661
2022-03-16	728530
2022-03-15	686490
2022-03-14	666305
2022-03-13	562950
2022-03-12	601739
2022-03-11	664140
2022-03-10	694013
2022-03-09	707168
2022-03-08	666035
2022-03-07	656138
2022-03-06	563648
2022-03-05	603200
2022-03-04	681827
2022-03-03	708338
2022-03-02	735139
2022-03-01	728422
2022-02-28	709741
2022-02-27	591487
2022-02-26	589798
2022-02-25	694134
2022-02-24	681966
2022-02-23	630476
2022-02-22	656054
2022-02-21	621399
2022-02-20	556864
2022-02-19	581918
2022-02-18	679669
2022-02-17	672608
2022-02-16	685717
2022-02-15	688143
2022-02-14	637555
2022-02-13	598552
2022-02-12	610945
2022-02-11	668848
2022-02-10	677586
2022-02-09	667831
2022-02-08	692708
2022-02-07	666284
2022-02-06	578839
2022-02-05	678243
2022-02-04	658269
2022-02-03	674423
2022-02-02	690722
2022-02-01	695569
2022-01-31	676984
2022-01-30	562631
2022-01-29	606320
2022-01-28	690365
2022-01-27	657005
2022-01-26	655745
2022-01-25	664061
2022-01-24	680402
2022-01-23	564228
2022-01-22	669658
2022-01-21	729815
2022-01-20	694840
2022-01-19	675632
2022-01-18	664722
2022-01-17	649578
2022-01-16	580197
2022-01-15	629385
2022-01-14	697759
2022-01-13	706446
2022-01-12	686812
2022-01-11	701849
2022-01-10	678966
2022-01-09	577394
2022-01-08	599462
2022-01-07	675178
2022-01-06	697894
2022-01-05	705114
2022-01-04	690236
2022-01-03	638213
2022-01-02	542726
2022-01-01	521482
2021-12-31	709825
2021-12-30	683866
2021-12-29	747083
2021-12-28	732419
2021-12-27	680083
2021-12-26	580525
2021-12-25	585882
2021-12-24	682866
2021-12-23	751291
2021-12-22	727785
2021-12-21	759159
2021-12-20	685036
2021-12-19	565565
2021-12-18	622693
2021-12-17	665878
2021-12-16	670000
2021-12-15	714697
2021-12-14	692043
2021-12-13	698149
2021-12-12	577235
2021-12-11	608044
2021-12-10	724827
2021-12-09	715492
2021-12-08	667573
2021-12-07	734798
2021-12-06	710632
2021-12-05	595951
2021-12-04	704272
2021-12-03	747472
2021-12-02	787998
2021-12-01	732447
2021-11-30	743999
2021-11-29	735781
2021-11-28	568913
2021-11-27	630534
2021-11-26	750611
2021-11-25	748625
2021-11-24	745891
2021-11-23	709349
2021-11-22	684890
2021-11-21	594871
2021-11-20	644300
2021-11-19	719643
2021-11-18	733567
2021-11-17	717038
2021-11-16	748346
2021-11-15	716338
2021-11-14	592614
2021-11-13	637684
2021-11-12	705712
2021-11-11	733280
2021-11-10	749465
2021-11-09	802492
2021-11-08	712252
2021-11-07	599953
2021-11-06	631112
2021-11-05	728443
2021-11-04	736154
2021-11-03	730774
2021-11-02	742854
2021-11-01	738628
2021-10-31	581635
2021-10-30	674687
2021-10-29	767576
2021-10-28	758316
2021-10-27	725415
2021-10-26	725861
2021-10-25	714787
2021-10-24	565636
2021-10-23	607154
2021-10-22	703444
2021-10-21	772837
2021-10-20	719266
2021-10-19	753581
2021-10-18	701001
2021-10-17	571073
2021-10-16	684718
2021-10-15	753503
2021-10-14	699697
2021-10-13	691655
2021-10-12	682645
2021-10-11	682666
2021-10-10	547500
2021-10-09	630252
2021-10-08	694732
2021-10-07	788246
2021-10-06	665993
2021-10-05	744958
2021-10-04	663100
2021-10-03	566232
2021-10-02	646543
2021-10-01	705279
2021-09-30	723726
2021-09-29	598826
2021-09-28	634077
2021-09-27	625267
2021-09-26	507515
2021-09-25	548193
2021-09-24	691738
2021-09-23	658210
2021-09-22	659371
2021-09-21	606313
2021-09-20	659818
2021-09-19	517480
2021-09-18	575663
2021-09-17	664018
2021-09-16	681481
2021-09-15	662489
2021-09-14	655655
2021-09-13	618981
2021-09-12	508702
2021-09-11	564946
2021-09-10	650891
2021-09-09	700289
2021-09-08	662681
2021-09-07	671822
2021-09-06	638803
2021-09-05	519928
2021-09-04	586806
2021-09-03	696149
2021-09-02	722612
2021-09-01	690840
2021-08-31	666529
2021-08-30	602570
2021-08-29	487055
2021-08-28	549632
2021-08-27	631031
2021-08-26	638219
2021-08-25	646106
2021-08-24	645717
2021-08-23	656865
2021-08-22	481444
2021-08-21	563122
2021-08-20	682406
2021-08-19	619927
2021-08-18	610754
2021-08-17	625836
2021-08-16	635579
2021-08-15	482616
2021-08-14	528504
2021-08-13	645555
2021-08-12	614393
2021-08-11	637449
2021-08-10	634087
2021-08-09	618040
2021-08-08	490641
2021-08-07	537500
2021-08-06	643504
2021-08-05	621711
2021-08-04	592556
2021-08-03	601120
2021-08-02	589898
2021-08-01	481454
2021-07-31	539260
2021-07-30	636564
2021-07-29	627998
2021-07-28	611375
2021-07-27	608006
2021-07-26	650129
2021-07-25	448176
2021-07-24	504953
2021-07-23	588281
2021-07-22	578038
2021-07-21	577359
2021-07-20	577475
2021-07-19	560014
2021-07-18	428070
2021-07-17	468470
2021-07-16	561338
2021-07-15	578190
2021-07-14	572574
2021-07-13	549067
2021-07-12	567271
2021-07-11	444532
2021-07-10	495261
2021-07-09	578010
2021-07-08	587926
2021-07-07	572809
2021-07-06	585593
2021-07-05	554690
2021-07-04	470698
2021-07-03	586156
2021-07-02	533795
2021-07-01	619056
2021-06-30	561016
2021-06-29	567763
2021-06-28	589281
2021-06-27	373444
2021-06-26	496405
2021-06-25	567724
2021-06-24	596909
2021-06-23	600239
2021-06-22	552868
2021-06-21	552930
2021-06-20	445468
2021-06-19	494678
2021-06-18	574434
2021-06-17	610755
2021-06-16	656445
2021-06-15	683137
2021-06-14	629131
2021-06-13	488176
2021-06-12	588644
2021-06-11	618083
2021-06-10	681804
2021-06-09	586391
2021-06-08	662823
2021-06-07	620792
2021-06-06	476196
2021-06-05	544701
2021-06-04	637971
2021-06-03	697497
2021-06-02	669181
2021-06-01	619222
2021-05-31	605840
2021-05-30	481811
2021-05-29	540369
2021-05-28	618898
2021-05-27	604376
2021-05-26	643815
2021-05-25	643376
2021-05-24	645741
2021-05-23	558036
2021-05-22	605867
2021-05-21	698182
2021-05-20	697063
2021-05-19	737564
2021-05-18	621791
2021-05-17	691890
2021-05-16	609096
2021-05-15	649619
2021-05-14	755812
2021-05-13	810847
2021-05-12	857573
2021-05-11	860549
2021-05-10	829995
2021-05-09	695447
2021-05-08	749679
2021-05-07	811842
2021-05-06	848961
2021-05-05	813731
2021-05-04	779160
2021-05-03	751156
2021-05-02	592019
2021-05-01	681525
2021-04-30	741501
2021-04-29	708325
2021-04-28	734920
2021-04-27	753410
2021-04-26	681991
2021-04-25	591184
2021-04-24	701268
2021-04-23	799072
2021-04-22	761919
2021-04-21	721716
2021-04-20	832677
2021-04-19	678957
2021-04-18	759787
2021-04-17	613916
2021-04-16	735996
2021-04-15	958067
2021-04-14	858447
2021-04-13	844356
2021-04-12	770753
2021-04-11	660533
2021-04-10	770035
2021-04-09	860877
2021-04-08	766106
2021-04-07	867160
2021-04-06	846025
2021-04-05	769403
2021-04-04	624633
2021-04-03	709882
2021-04-02	800759
2021-04-01	819136
2021-03-31	905998
2021-03-30	831922
2021-03-29	781060
2021-03-28	635836
2021-03-27	728091
2021-03-26	794929
2021-03-25	853373
2021-03-24	785652
2021-03-23	814606
2021-03-22	787575
2021-03-21	617864
2021-03-20	747431
2021-03-19	839011
2021-03-18	891275
2021-03-17	813000
2021-03-16	828624
2021-03-15	788396
2021-03-14	741428
2021-03-13	743644
2021-03-12	823490
2021-03-11	771109
2021-03-10	838113
2021-03-09	787455
2021-03-08	728366
2021-03-07	659218
2021-03-06	682163
2021-03-05	811126
2021-03-04	756983
2021-03-03	844808
2021-03-02	814542
2021-03-01	752215
2021-02-28	633974
2021-02-27	781197
2021-02-26	821789
2021-02-25	835805
2021-02-24	879804
2021-02-23	800767
2021-02-22	766528
2021-02-21	685583
2021-02-20	835219
2021-02-19	889243
2021-02-18	824387
2021-02-17	833361
2021-02-16	749617
2021-02-15	783194
2021-02-14	693860
2021-02-13	792233
2021-02-12	861150
2021-02-11	799746
2021-02-10	866035
2021-02-09	908713
2021-02-08	828163
2021-02-07	724085
2021-02-06	799551
2021-02-05	862160
2021-02-04	900398
2021-02-03	840792
2021-02-02	878736
2021-02-01	720078
2021-01-31	706240
2021-01-30	759874
2021-01-29	892971
2021-01-28	773787
2021-01-27	794189
2021-01-26	775706
2021-01-25	738744
2021-01-24	616063
2021-01-23	725281
2021-01-22	780456
2021-01-21	740890
2021-01-20	761332
2021-01-19	763582
2021-01-18	727029
2021-01-17	647759
2021-01-16	739123
2021-01-15	814201
2021-01-14	806229
2021-01-13	776213
2021-01-12	800286
2021-01-11	805682
2021-01-10	772483
2021-01-09	763636
2021-01-08	887819
2021-01-07	945377
2021-01-06	929406
2021-01-05	850113
2021-01-04	859445
2021-01-03	818457
2021-01-02	717983
2021-01-01	617235
2020-12-31	814711
2020-12-30	812917
2020-12-29	780059
2020-12-28	723040
2020-12-27	702474
2020-12-26	632855
2020-12-25	667925
2020-12-24	642792
2020-12-23	787352
2020-12-22	742041
2020-12-21	652867
2020-12-20	643819
2020-12-19	759678
2020-12-18	855907
2020-12-17	757221
2020-12-16	755611
2020-12-15	727190
2020-12-14	701868
2020-12-13	618742
2020-12-12	660284
2020-12-11	715780
2020-12-10	717169
2020-12-09	752988
2020-12-08	742536
2020-12-07	679908
2020-12-06	588268
2020-12-05	648189
2020-12-04	733815
2020-12-03	781531
2020-12-02	759884
2020-12-01	844869
2020-11-30	627070
2020-11-29	595812
2020-11-28	651461
2020-11-27	724047
2020-11-26	740800
2020-11-25	816316
2020-11-24	759619
2020-11-23	677706
2020-11-22	596823
2020-11-21	674141
2020-11-20	778253
2020-11-19	720975
2020-11-18	813424
2020-11-17	776139
2020-11-16	686868
2020-11-15	563938
2020-11-14	620953
2020-11-13	691533
2020-11-12	728517
2020-11-11	721123
2020-11-10	689780
2020-11-09	721610
2020-11-08	561562
2020-11-07	615027
2020-11-06	760045
2020-11-05	733571
2020-11-04	710904
2020-11-03	730873
2020-11-02	546850
2020-11-01	594968
2020-10-31	616329
2020-10-30	638517
2020-10-29	655271
2020-10-28	617423
2020-10-27	602343
2020-10-26	584176
2020-10-25	551651
2020-10-24	663207
2020-10-23	715523
2020-10-22	757188
2020-10-21	690624
2020-10-20	718819
2020-10-19	684169
2020-10-18	517464
2020-10-17	593761
2020-10-16	718271
2020-10-15	749164
2020-10-14	686348
2020-10-13	739217
2020-10-12	664375
2020-10-11	549948
2020-10-10	638741
2020-10-09	719028
2020-10-08	705110
2020-10-07	766490
2020-10-06	696740
2020-10-05	640894
2020-10-04	571118
2020-10-03	648776
2020-10-02	692249
2020-10-01	683876
2020-09-30	753761
2020-09-29	740593
2020-09-28	635849
2020-09-27	547558
2020-09-26	599258
2020-09-25	747427
2020-09-24	689298
2020-09-23	737814
2020-09-22	683271
2020-09-21	651546
2020-09-20	545833
2020-09-19	632662
2020-09-18	695545
2020-09-17	749564
2020-09-16	754461
2020-09-15	725863
2020-09-14	736300
2020-09-13	550172
2020-09-12	615217
2020-09-11	683773
2020-09-10	752856
2020-09-09	689591
2020-09-08	704013
2020-09-07	683952
2020-09-06	567418
2020-09-05	692933
2020-09-04	685333
2020-09-03	696875
2020-09-02	721089
2020-09-01	801993
2020-08-31	669335
2020-08-30	564759
2020-08-29	627729
2020-08-28	729419
2020-08-27	707315
2020-08-26	704140
2020-08-25	684417
2020-08-24	684844
2020-08-23	581828
2020-08-22	657954
2020-08-21	684234
2020-08-20	712782
2020-08-19	715605
2020-08-18	743944
2020-08-17	660103
2020-08-16	582771
2020-08-15	676534
2020-08-14	766033
2020-08-13	697689
2020-08-12	741370
2020-08-11	749229
2020-08-10	688596
2020-08-09	572719
2020-08-08	631765
2020-08-07	711576
2020-08-06	766718
2020-08-05	660141
2020-08-04	714351
2020-08-03	715496
2020-08-02	625578
2020-08-01	648465
2020-07-31	737340
2020-07-30	694809
2020-07-29	722514
2020-07-28	750077
2020-07-27	696876
2020-07-26	616123
2020-07-25	625237
2020-07-24	745555
2020-07-23	701054
2020-07-22	753373
2020-07-21	665734
2020-07-20	651708
2020-07-19	559563
2020-07-18	636776
2020-07-17	633827
2020-07-16	714003
2020-07-15	678007
2020-07-14	739143
2020-07-13	645008
2020-07-12	536711
2020-07-11	612730
2020-07-10	691749
2020-07-09	717796
2020-07-08	711172
2020-07-07	714508
2020-07-06	687458
2020-07-05	520904
2020-07-04	572926
2020-07-03	670842
2020-07-02	684047
2020-07-01	766794
2020-06-30	628966
2020-06-29	633467
2020-06-28	512520
2020-06-27	557351
2020-06-26	657483
2020-06-25	639287
2020-06-24	634056
2020-06-23	713252
2020-06-22	613015
2020-06-21	487668
2020-06-20	565255
2020-06-19	688788
2020-06-18	584219
2020-06-17	677877
2020-06-16	691496
2020-06-15	615184
2020-06-14	517837
2020-06-13	554464
2020-06-12	646651
2020-06-11	684703
2020-06-10	656690
2020-06-09	657041
2020-06-08	637871
2020-06-07	500720
2020-06-06	563554
2020-06-05	656666
2020-06-04	638656
2020-06-03	653299
2020-06-02	644627
2020-06-01	632928
2020-05-31	507843
2020-05-30	568334
2020-05-29	598221
2020-05-28	624882
2020-05-27	612139
2020-05-26	611493
2020-05-25	559603
2020-05-24	464794
2020-05-23	562318
2020-05-22	584652
2020-05-21	629078
2020-05-20	608234
2020-05-19	585033
2020-05-18	607619
2020-05-17	501234
2020-05-16	595866
2020-05-15	649463
2020-05-14	597811
2020-05-13	625739
2020-05-12	694892
2020-05-11	655552
2020-05-10	583338
2020-05-09	637438
2020-05-08	676411
2020-05-07	703088
2020-05-06	680562
2020-05-05	662039
2020-05-04	661108
2020-05-03	562636
2020-05-02	584622
2020-05-01	686550
2020-04-30	693009
2020-04-29	688861
2020-04-28	656060
2020-04-27	638356
2020-04-26	510500
2020-04-25	564017
2020-04-24	649102
2020-04-23	673476
2020-04-22	582671
2020-04-21	621264
2020-04-20	629697
2020-04-19	496621
2020-04-18	573054
2020-04-17	586666
2020-04-16	646930
2020-04-15	623280
2020-04-14	593647
2020-04-13	561076
2020-04-12	447801
2020-04-11	484964
2020-04-10	561338
2020-04-09	554801
2020-04-08	566159
2020-04-07	609914
2020-04-06	566236
2020-04-05	464343
2020-04-04	490274
2020-04-03	558386
2020-04-02	581161
2020-04-01	555074
2020-03-31	558915
2020-03-30	546804
2020-03-29	441430
2020-03-28	481553
2020-03-27	540109
2020-03-26	551430
2020-03-25	463152
2020-03-24	538779
2020-03-23	516823
2020-03-22	420864
2020-03-21	479336
2020-03-20	570911
2020-03-19	533591
2020-03-18	484286
2020-03-17	548859
2020-03-16	541049
2020-03-15	425558
2020-03-14	530160
2020-03-13	576413
2020-03-12	663980
2020-03-11	538649
2020-03-10	612969
2020-03-09	619354
2020-03-08	518193
2020-03-07	542204
2020-03-06	613732
2020-03-05	620069
2020-03-04	640814
2020-03-03	609453
2020-03-02	623899
2020-03-01	527015
2020-02-29	537443
2020-02-28	631854
2020-02-27	594608
2020-02-26	602512
2020-02-25	583259
2020-02-24	575556
2020-02-23	482717
2020-02-22	542439
2020-02-21	592303
2020-02-20	576742
2020-02-19	595480
2020-02-18	587767
2020-02-17	601265
2020-02-16	493674
2020-02-15	579427
2020-02-14	579014
2020-02-13	621264
2020-02-12	624898
2020-02-11	654997
2020-02-10	540081
2020-02-09	527688
2020-02-08	547819
2020-02-07	612165
2020-02-06	566035
2020-02-05	635005
2020-02-04	569012
2020-02-03	588921
2020-02-02	516148
2020-02-01	539319
2020-01-31	588233
2020-01-30	585898
2020-01-29	590061
2020-01-28	602535
2020-01-27	516104
2020-01-26	445525
2020-01-25	477906
2020-01-24	549093
2020-01-23	552672
2020-01-22	561879
2020-01-21	559006
2020-01-20	550236
2020-01-19	494323
2020-01-18	509047
2020-01-17	578737
2020-01-16	574835
2020-01-15	598105
2020-01-14	631064
2020-01-13	519756
2020-01-12	474673
2020-01-11	533633
2020-01-10	610297
2020-01-09	571169
2020-01-08	575066
2020-01-07	598926
2020-01-06	537246
2020-01-05	480671
2020-01-04	487658
2020-01-03	544122
2020-01-02	493137
2020-01-01	410864
2019-12-31	505953
2019-12-30	564625
2019-12-29	469077
2019-12-28	511398
2019-12-27	559295
2019-12-26	497108
2019-12-25	419370
2019-12-24	509543
2019-12-23	536225
2019-12-22	454023
2019-12-21	504062
2019-12-20	566705
2019-12-19	557692
2019-12-18	576056
2019-12-17	573530
2019-12-16	567235
2019-12-15	450374
2019-12-14	495467
2019-12-13	567636
2019-12-12	549702
2019-12-11	536526
2019-12-10	567200
2019-12-09	557624
2019-12-08	458069
2019-12-07	486660
2019-12-06	554684
2019-12-05	555325
2019-12-04	593397
2019-12-03	584034
2019-12-02	569884
2019-12-01	487140
2019-11-30	509875
2019-11-29	558950
2019-11-28	551144
2019-11-27	584543
2019-11-26	590213
2019-11-25	512724
2019-11-24	455331
2019-11-23	534348
2019-11-22	622412
2019-11-21	602346
2019-11-20	546216
2019-11-19	579867
2019-11-18	529181
2019-11-17	453126
2019-11-16	516536
2019-11-15	595265
2019-11-14	557936
2019-11-13	572563
2019-11-12	520323
2019-11-11	534602
2019-11-10	458626
2019-11-09	538121
2019-11-08	558046
2019-11-07	570992
2019-11-06	576788
2019-11-05	595322
2019-11-04	566406
2019-11-03	489207
2019-11-02	491436
2019-11-01	579346
2019-10-31	523222
2019-10-30	556430
2019-10-29	545025
2019-10-28	558441
2019-10-27	455698
2019-10-26	556339
2019-10-25	587718
2019-10-24	533688
2019-10-23	569098
2019-10-22	565189
2019-10-21	572297
2019-10-20	462767
2019-10-19	509046
2019-10-18	542175
2019-10-17	552153
2019-10-16	570454
2019-10-15	557869
2019-10-14	534310
2019-10-13	440759
2019-10-12	475864
2019-10-11	572065
2019-10-10	572811
2019-10-09	544467
2019-10-08	559306
2019-10-07	562860
2019-10-06	456272
2019-10-05	504893
2019-10-04	566476
2019-10-03	544387
2019-10-02	555523
2019-10-01	593666
2019-09-30	558951
2019-09-29	456142
2019-09-28	497673
2019-09-27	552373
2019-09-26	580408
2019-09-25	597239
2019-09-24	624283
2019-09-23	565192
2019-09-22	486096
2019-09-21	521870
2019-09-20	583788
2019-09-19	578991
2019-09-18	606525
2019-09-17	593448
2019-09-16	590312
2019-09-15	448225
2019-09-14	515071
2019-09-13	568609
2019-09-12	589915
2019-09-11	582297
2019-09-10	590146
2019-09-09	561384
2019-09-08	462527
2019-09-07	498057
2019-09-06	628738
2019-09-05	576470
2019-09-04	567534
2019-09-03	621701
2019-09-02	555283
2019-09-01	449446
2019-08-31	494897
2019-08-30	571047
2019-08-29	571249
2019-08-28	551113
2019-08-27	560410
2019-08-26	562983
2019-08-25	419209
2019-08-24	477101
2019-08-23	589528
2019-08-22	630809
2019-08-21	621174
2019-08-20	584024
2019-08-19	543962
2019-08-18	431818
2019-08-17	466365
2019-08-16	556570
2019-08-15	565906
2019-08-14	580974
2019-08-13	608791
2019-08-12	498357
2019-08-11	441100
2019-08-10	478745
2019-08-09	586671
2019-08-08	594003
2019-08-07	607586
2019-08-06	644023
2019-08-05	608269
2019-08-04	447980
2019-08-03	498712
2019-08-02	608719
2019-08-01	583308
2019-07-31	600754
2019-07-30	574955
2019-07-29	549435
2019-07-28	417753
2019-07-27	469596
2019-07-26	586666
2019-07-25	594043
2019-07-24	513792
2019-07-23	557090
2019-07-22	558748
2019-07-21	426988
2019-07-20	519099
2019-07-19	588587
2019-07-18	612435
2019-07-17	596868
2019-07-16	628768
2019-07-15	619778
2019-07-14	470958
2019-07-13	503700
2019-07-12	670962
2019-07-11	624847
2019-07-10	638694
2019-07-09	650372
2019-07-08	655068
2019-07-07	480067
2019-07-06	555530
2019-07-05	651210
2019-07-04	634377
2019-07-03	684861
2019-07-02	700051
2019-07-01	653598
2019-06-30	535068
2019-06-29	611862
2019-06-28	761502
2019-06-27	723335
2019-06-26	797687
2019-06-25	711006
2019-06-24	694251
2019-06-23	633959
2019-06-22	672423
2019-06-21	681543
2019-06-20	660459
2019-06-19	702057
2019-06-18	727760
2019-06-17	654551
2019-06-16	547006
2019-06-15	631839
2019-06-14	758805
2019-06-13	698008
2019-06-12	629862
2019-06-11	652848
2019-06-10	639328
2019-06-09	472101
2019-06-08	500563
2019-06-07	648495
2019-06-06	636182
2019-06-05	666053
2019-06-04	719601
2019-06-03	576832
2019-06-02	528413
2019-06-01	608495
2019-05-31	620783
2019-05-30	676000
2019-05-29	718779
2019-05-28	718220
2019-05-27	685764
2019-05-26	518481
2019-05-25	547661
2019-05-24	681234
2019-05-23	667570
2019-05-22	685346
2019-05-21	691102
2019-05-20	653393
2019-05-19	554941
2019-05-18	621477
2019-05-17	703417
2019-05-16	712804
2019-05-15	704607
2019-05-14	695445
2019-05-13	677861
2019-05-12	582404
2019-05-11	601017
2019-05-10	641894
2019-05-09	648989
2019-05-08	668876
2019-05-07	604820
2019-05-06	605544
2019-05-05	494894
2019-05-04	542271
2019-05-03	649364
2019-05-02	622751
2019-05-01	602494
2019-04-30	632270
2019-04-29	608107
2019-04-28	489226
2019-04-27	499864
2019-04-26	633246
2019-04-25	616641
2019-04-24	683589
2019-04-23	577507
2019-04-22	537461
2019-04-21	479290
2019-04-20	494737
2019-04-19	634837
2019-04-18	603015
2019-04-17	589314
2019-04-16	593269
2019-04-15	612753
2019-04-14	468121
2019-04-13	496764
2019-04-12	612216
2019-04-11	661011
2019-04-10	633544
2019-04-09	604269
2019-04-08	618224
2019-04-07	489496
2019-04-06	516562
2019-04-05	673935
2019-04-04	636341
2019-04-03	667936
2019-04-02	710184
2019-04-01	580957
2019-03-31	525305
2019-03-30	565221
2019-03-29	609328
2019-03-28	626797
2019-03-27	609832
2019-03-26	561713
2019-03-25	552223
2019-03-24	428073
2019-03-23	461201
2019-03-22	563200
2019-03-21	548873
2019-03-20	553741
2019-03-19	565327
2019-03-18	546303
2019-03-17	423355
2019-03-16	479631
2019-03-15	571799
2019-03-14	564002
2019-03-13	527988
2019-03-12	544017
2019-03-11	566398
2019-03-10	401532
2019-03-09	468117
2019-03-08	557016
2019-03-07	535266
2019-03-06	535352
2019-03-05	548108
2019-03-04	525010
2019-03-03	459914
2019-03-02	514378
2019-03-01	581313
2019-02-28	554106
2019-02-27	547100
2019-02-26	562206
2019-02-25	530279
2019-02-24	464207
2019-02-23	471305
2019-02-22	572983
2019-02-21	514261
2019-02-20	546971
2019-02-19	571531
2019-02-18	542979
2019-02-17	438358
2019-02-16	490498
2019-02-15	493806
2019-02-14	513619
2019-02-13	573227
2019-02-12	502677
2019-02-11	494330
2019-02-10	422941
2019-02-09	462510
2019-02-08	550026
2019-02-07	513225
2019-02-06	517417
2019-02-05	536820
2019-02-04	490178
2019-02-03	429664
2019-02-02	461289
2019-02-01	538357
2019-01-31	526129
2019-01-30	500329
2019-01-29	518228
2019-01-28	510655
2019-01-27	419191
2019-01-26	479991
2019-01-25	522446
2019-01-24	499936
2019-01-23	509825
2019-01-22	478140
2019-01-21	484246
2019-01-20	414648
2019-01-19	430506
2019-01-18	511553
2019-01-17	489060
2019-01-16	519044
2019-01-15	493101
2019-01-14	492354
2019-01-13	405803
2019-01-12	427093
2019-01-11	518693
2019-01-10	522863
2019-01-09	494017
2019-01-08	501225
2019-01-07	475608
2019-01-06	421652
2019-01-05	421234
2019-01-04	482531
2019-01-03	478214
2019-01-02	443206
2019-01-01	340810
2018-12-31	418353
2018-12-30	422610
2018-12-29	449191
2018-12-28	518102
2018-12-27	467975
2018-12-26	430867
2018-12-25	389945
2018-12-24	451182
2018-12-23	405154
2018-12-22	414505
2018-12-21	516347
2018-12-20	499963
2018-12-19	521618
2018-12-18	481513
2018-12-17	498069
2018-12-16	388864
2018-12-15	428797
2018-12-14	491611
2018-12-13	465380
2018-12-12	462596
2018-12-11	453643
2018-12-10	464944
2018-12-09	393505
2018-12-08	406565
2018-12-07	511764
2018-12-06	503545
2018-12-05	459118
2018-12-04	511301
2018-12-03	444484
2018-12-02	385923
2018-12-01	440365
2018-11-30	475280
2018-11-29	474481
2018-11-28	471468
2018-11-27	483531
2018-11-26	485761
2018-11-25	429912
2018-11-24	429724
2018-11-23	497772
2018-11-22	485557
2018-11-21	486603
2018-11-20	556626
2018-11-19	489554
2018-11-18	416897
2018-11-17	450143
2018-11-16	548421
2018-11-15	540276
2018-11-14	543419
2018-11-13	510620
2018-11-12	535430
2018-11-11	447251
2018-11-10	470085
2018-11-09	561670
2018-11-08	519483
2018-11-07	544948
2018-11-06	540972
2018-11-05	560130
2018-11-04	432010
2018-11-03	475704
2018-11-02	586116
2018-11-01	528883
2018-10-31	535594
2018-10-30	530003
2018-10-29	519238
2018-10-28	426528
2018-10-27	438498
2018-10-26	516896
2018-10-25	490443
2018-10-24	492974
2018-10-23	502227
2018-10-22	505282
2018-10-21	421338
2018-10-20	446396
2018-10-19	520489
2018-10-18	495600
2018-10-17	505618
2018-10-16	506733
2018-10-15	520359
2018-10-14	387562
2018-10-13	410093
2018-10-12	508758
2018-10-11	512522
2018-10-10	492968
2018-10-09	473893
2018-10-08	487871
2018-10-07	453891
2018-10-06	450982
2018-10-05	542116
2018-10-04	517444
2018-10-03	561451
2018-10-02	493046
2018-10-01	495486
2018-09-30	425075
2018-09-29	440705
2018-09-28	538806
2018-09-27	493017
2018-09-26	484458
2018-09-25	502148
2018-09-24	479643
2018-09-23	411141
2018-09-22	455794
2018-09-21	575024
2018-09-20	506344
2018-09-19	495600
2018-09-18	489644
2018-09-17	491915
2018-09-16	376578
2018-09-15	433347
2018-09-14	477359
2018-09-13	472409
2018-09-12	468371
2018-09-11	480632
2018-09-10	457671
2018-09-09	393157
2018-09-08	420013
2018-09-07	545111
2018-09-06	508615
2018-09-05	504314
2018-09-04	480567
2018-09-03	461720
2018-09-02	393870
2018-09-01	445484
2018-08-31	517274
2018-08-30	469888
2018-08-29	516808
2018-08-28	494720
2018-08-27	469518
2018-08-26	373031
2018-08-25	420048
2018-08-24	493309
2018-08-23	450383
2018-08-22	491135
2018-08-21	455570
2018-08-20	466201
2018-08-19	406343
2018-08-18	405436
2018-08-17	518631
2018-08-16	485879
2018-08-15	548981
2018-08-14	522559
2018-08-13	466694
2018-08-12	367339
2018-08-11	395081
2018-08-10	516033
2018-08-09	473565
2018-08-08	506622
2018-08-07	484964
2018-08-06	458916
2018-08-05	380162
2018-08-04	422178
2018-08-03	545470
2018-08-02	476622
2018-08-01	503040
2018-07-31	507803
2018-07-30	486429
2018-07-29	386228
2018-07-28	401721
2018-07-27	526426
2018-07-26	488135
2018-07-25	534453
2018-07-24	542326
2018-07-23	480168
2018-07-22	372179
2018-07-21	391921
2018-07-20	504423
2018-07-19	474170
2018-07-18	504123
2018-07-17	495565
2018-07-16	438932
2018-07-15	352044
2018-07-14	370186
2018-07-13	480376
2018-07-12	413154
2018-07-11	422281
2018-07-10	454217
2018-07-09	434402
2018-07-08	358137
2018-07-07	366308
2018-07-06	537486
2018-07-05	422944
2018-07-04	445660
2018-07-03	464817
2018-07-02	442246
2018-07-01	349870
2018-06-30	375740
2018-06-29	460514
2018-06-28	403527
2018-06-27	405499
2018-06-26	417967
2018-06-25	424173
2018-06-24	358410
2018-06-23	375523
2018-06-22	479109
2018-06-21	431311
2018-06-20	434320
2018-06-19	422478
2018-06-18	431667
2018-06-17	332339
2018-06-16	349731
2018-06-15	484668
2018-06-14	449429
2018-06-13	468351
2018-06-12	456247
2018-06-11	454953
2018-06-10	399485
2018-06-09	376310
2018-06-08	483918
2018-06-07	441267
2018-06-06	458211
2018-06-05	465944
2018-06-04	455141
2018-06-03	374879
2018-06-02	393071
2018-06-01	556675
2018-05-31	460298
2018-05-30	448863
2018-05-29	448470
2018-05-28	415739
2018-05-27	342037
2018-05-26	361290
2018-05-25	470366
2018-05-24	454405
2018-05-23	489029
2018-05-22	447097
2018-05-21	450298
2018-05-20	374370
2018-05-19	384345
2018-05-18	507154
2018-05-17	426174
2018-05-16	461674
2018-05-15	483627
2018-05-14	475391
2018-05-13	368639
2018-05-12	441184
2018-05-11	517341
2018-05-10	471265
2018-05-09	464943
2018-05-08	491344
2018-05-07	457382
2018-05-06	392878
2018-05-05	458953
2018-05-04	520329
2018-05-03	509019
2018-05-02	474851
2018-05-01	496377
2018-04-30	487211
2018-04-29	422547
2018-04-28	448319
2018-04-27	509103
2018-04-26	488770
2018-04-25	482723
2018-04-24	557075
2018-04-23	497029
2018-04-22	402519
2018-04-21	442565
2018-04-20	515347
2018-04-19	505025
2018-04-18	455926
2018-04-17	456215
2018-04-16	437895
2018-04-15	412565
2018-04-14	367534
2018-04-13	511311
2018-04-12	450167
2018-04-11	402724
2018-04-10	419730
2018-04-09	390062
2018-04-08	317187
2018-04-07	335940
2018-04-06	474714
2018-04-05	401977
2018-04-04	437087
2018-04-03	440328
2018-04-02	381643
2018-04-01	320650
2018-03-31	336692
2018-03-30	454804
2018-03-29	433567
2018-03-28	399509
2018-03-27	419743
2018-03-26	421391
2018-03-25	322720
2018-03-24	364579
2018-03-23	435772
2018-03-22	423441
2018-03-21	430342
2018-03-20	429841
2018-03-19	427194
2018-03-18	387002
2018-03-17	356210
2018-03-16	461839
2018-03-15	464488
2018-03-14	423116
2018-03-13	427377
2018-03-12	433081
2018-03-11	353439
2018-03-10	358451
2018-03-09	493516
2018-03-08	444807
2018-03-07	486218
2018-03-06	462527
2018-03-05	461034
2018-03-04	386459
2018-03-03	421951
2018-03-02	527835
2018-03-01	519182
2018-02-28	472947
2018-02-27	501496
2018-02-26	441972
2018-02-25	358741
2018-02-24	358641
2018-02-23	428293
2018-02-22	503145
2018-02-21	463818
2018-02-20	458591
2018-02-19	439733
2018-02-18	382179
2018-02-17	405117
2018-02-16	426257
2018-02-15	478989
2018-02-14	454393
2018-02-13	418187
2018-02-12	441142
2018-02-11	372185
2018-02-10	425904
2018-02-09	465543
2018-02-08	402674
2018-02-07	494677
2018-02-06	597815
2018-02-05	493604
2018-02-04	403375
2018-02-03	444479
2018-02-02	556588
2018-02-01	598012
2018-01-31	486450
2018-01-30	538407
2018-01-29	540006
2018-01-28	501748
2018-01-27	548089
2018-01-26	520281
2018-01-25	545875
2018-01-24	584679
2018-01-23	584948
2018-01-22	581043
2018-01-21	529462
2018-01-20	565449
2018-01-19	584021
2018-01-18	751635
2018-01-17	775556
2018-01-16	744518
2018-01-15	677141
2018-01-14	596953
2018-01-13	657737
2018-01-12	752784
2018-01-11	828763
2018-01-10	882917
2018-01-09	925627
2018-01-08	903172
2018-01-07	915607
2018-01-06	896685
2018-01-05	893939
2018-01-04	1062976
2018-01-03	943076
2018-01-02	856162
2018-01-01	597784
2017-12-31	682750
2017-12-30	820176
2017-12-29	845045
2017-12-28	746131
2017-12-27	753652
2017-12-26	611222
2017-12-25	569402
2017-12-24	656908
2017-12-23	738841
2017-12-22	897329
2017-12-21	844682
2017-12-20	858878
2017-12-19	893632
2017-12-18	929172
2017-12-17	883948
2017-12-16	825944
2017-12-15	949005
2017-12-14	1078104
2017-12-13	963418
2017-12-12	872456
2017-12-11	871912
2017-12-10	743990
2017-12-09	882598
2017-12-08	906063
2017-12-07	874406
2017-12-06	991407
2017-12-05	907564
2017-12-04	894056
2017-12-03	778784
2017-12-02	706817
2017-12-01	902354
2017-11-30	856329
2017-11-29	907628
2017-11-28	821394
2017-11-27	837273
2017-11-26	718656
2017-11-25	711160
2017-11-24	708633
2017-11-23	755085
2017-11-22	678835
2017-11-21	776000
2017-11-20	738566
2017-11-19	606915
2017-11-18	618865
2017-11-17	700376
2017-11-16	681474
2017-11-15	713011
2017-11-14	607205
2017-11-13	700625
2017-11-12	469586
2017-11-11	457454
2017-11-10	623063
2017-11-09	732111
2017-11-08	651482
2017-11-07	721788
2017-11-06	612936
2017-11-05	561041
2017-11-04	593717
2017-11-03	674113
2017-11-02	710240
2017-11-01	741022
2017-10-31	615917
2017-10-30	678697
2017-10-29	680058
2017-10-28	442751
2017-10-27	554559
2017-10-26	562958
2017-10-25	643028
2017-10-24	721151
2017-10-23	644805
2017-10-22	577653
2017-10-21	610026
2017-10-20	648470
2017-10-19	697005
2017-10-18	650458
2017-10-17	675824
2017-10-16	647593
2017-10-15	582333
2017-10-14	600430
2017-10-13	663170
2017-10-12	591677
2017-10-11	609411
2017-10-10	617401
2017-10-09	588608
2017-10-08	499648
2017-10-07	510209
2017-10-06	613784
2017-10-05	556263
2017-10-04	498727
2017-10-03	595631
2017-10-02	609884
2017-10-01	419677
2017-09-30	471523
2017-09-29	574690
2017-09-28	567667
2017-09-27	553050
2017-09-26	549667
2017-09-25	509071
2017-09-24	387082
2017-09-23	431952
2017-09-22	519466
2017-09-21	537874
2017-09-20	484973
2017-09-19	585020
2017-09-18	485227
2017-09-17	437933
2017-09-16	491061
2017-09-15	643760
2017-09-14	558171
2017-09-13	548680
2017-09-12	554587
2017-09-11	542560
2017-09-10	415770
2017-09-09	456895
2017-09-08	612255
2017-09-07	531753
2017-09-06	592143
2017-09-05	606854
2017-09-04	566822
2017-09-03	440951
2017-09-02	541672
2017-09-01	596348
2017-08-31	594562
2017-08-30	570722
2017-08-29	599821
2017-08-28	507136
2017-08-27	527159
2017-08-26	474913
2017-08-25	473892
2017-08-24	425364
2017-08-23	631470
2017-08-22	421543
2017-08-21	505313
2017-08-20	449182
2017-08-19	542634
2017-08-18	615195
2017-08-17	649701
2017-08-16	546028
2017-08-15	654278
2017-08-14	545794
2017-08-13	521088
2017-08-12	534645
2017-08-11	584494
2017-08-10	553608
2017-08-09	535825
2017-08-08	591887
2017-08-07	516536
2017-08-06	412139
2017-08-05	466952
2017-08-04	471350
2017-08-03	430991
2017-08-02	406493
2017-08-01	304372
2017-07-31	489625
2017-07-30	392526
2017-07-29	425857
2017-07-28	494868
2017-07-27	451681
2017-07-26	466870
2017-07-25	517496
2017-07-24	474541
2017-07-23	358632
2017-07-22	441834
2017-07-21	547502
2017-07-20	481058
2017-07-19	524264
2017-07-18	565158
2017-07-17	479721
2017-07-16	410710
2017-07-15	451471
2017-07-14	476135
2017-07-13	494142
2017-07-12	517730
2017-07-11	568210
2017-07-10	571743
2017-07-09	394159
2017-07-08	455208
2017-07-07	563645
2017-07-06	463050
2017-07-05	482961
2017-07-04	556314
2017-07-03	501255
2017-07-02	413279
2017-07-01	445488
2017-06-30	537958
2017-06-29	470186
2017-06-28	555064
2017-06-27	560226
2017-06-26	519235
2017-06-25	381984
2017-06-24	472557
2017-06-23	512077
2017-06-22	537782
2017-06-21	588063
2017-06-20	597585
2017-06-19	536103
2017-06-18	436538
2017-06-17	479953
2017-06-16	540746
2017-06-15	580592
2017-06-14	568698
2017-06-13	614421
2017-06-12	541499
2017-06-11	470014
2017-06-10	520078
2017-06-09	576412
2017-06-08	613972
2017-06-07	660803
2017-06-06	622671
2017-06-05	578976
2017-06-04	540711
2017-06-03	605991
2017-06-02	537558
2017-06-01	614166
2017-05-31	617352
2017-05-30	637725
2017-05-29	601885
2017-05-28	596264
2017-05-27	654899
2017-05-26	645246
2017-05-25	662908
2017-05-24	640061
2017-05-23	692361
2017-05-22	606807
2017-05-21	611102
2017-05-20	649281
2017-05-19	636788
2017-05-18	572440
2017-05-17	594271
2017-05-16	460313
2017-05-15	639774
2017-05-14	694308
2017-05-13	626471
2017-05-12	604902
2017-05-11	572969
2017-05-10	598115
2017-05-09	625406
2017-05-08	696458
2017-05-07	587834
2017-05-06	682979
2017-05-05	526909
2017-05-04	679999
2017-05-03	550749
2017-05-02	614822
2017-05-01	551972
2017-04-30	540702
2017-04-29	642235
2017-04-28	586354
2017-04-27	557979
2017-04-26	609972
2017-04-25	584158
2017-04-24	453239
2017-04-23	493710
2017-04-22	539037
2017-04-21	618096
2017-04-20	495083
2017-04-19	570818
2017-04-18	559686
2017-04-17	472848
2017-04-16	432840
2017-04-15	528215
2017-04-14	561926
2017-04-13	454897
2017-04-12	553250
2017-04-11	590807
2017-04-10	553346
2017-04-09	499572
2017-04-08	471278
2017-04-07	553829
2017-04-06	554492
2017-04-05	584974
2017-04-04	500739
2017-04-03	573371
2017-04-02	508580
2017-04-01	507081
2017-03-31	493112
2017-03-30	535663
2017-03-29	540611
2017-03-28	557919
2017-03-27	463483
2017-03-26	472154
2017-03-25	494219
2017-03-24	551674
2017-03-23	543385
2017-03-22	575728
2017-03-21	545092
2017-03-20	518568
2017-03-19	515807
2017-03-18	509225
2017-03-17	543316
2017-03-16	601394
2017-03-15	531597
2017-03-14	565668
2017-03-13	521155
2017-03-12	424837
2017-03-11	521803
2017-03-10	557070
2017-03-09	548264
2017-03-08	535813
2017-03-07	585036
2017-03-06	543765
2017-03-05	528307
2017-03-04	492064
2017-03-03	585314
2017-03-02	571140
2017-03-01	543739
2017-02-28	553650
2017-02-27	503810
2017-02-26	465876
2017-02-25	573151
2017-02-24	592849
2017-02-23	553256
2017-02-22	490955
2017-02-21	489603
2017-02-20	506899
2017-02-19	462252
2017-02-18	513637
2017-02-17	553133
2017-02-16	492534
2017-02-15	501382
2017-02-14	536093
2017-02-13	505954
2017-02-12	425086
2017-02-11	477257
2017-02-10	510227
2017-02-09	578186
2017-02-08	518395
2017-02-07	559268
2017-02-06	442154
2017-02-05	514043
2017-02-04	502716
2017-02-03	562391
2017-02-02	454601
2017-02-01	601656
2017-01-31	525283
2017-01-30	451202
2017-01-29	441643
2017-01-28	463345
2017-01-27	465116
2017-01-26	524790
2017-01-25	516565
2017-01-24	499622
2017-01-23	426992
2017-01-22	430785
2017-01-21	486344
2017-01-20	518577
2017-01-19	519228
2017-01-18	502849
2017-01-17	505493
2017-01-16	476272
2017-01-15	419817
2017-01-14	449032
2017-01-13	469169
2017-01-12	485897
2017-01-11	494044
2017-01-10	543574
2017-01-09	477139
2017-01-08	458378
2017-01-07	506908
2017-01-06	565287
2017-01-05	497941
2017-01-04	548257
2017-01-03	517044
2017-01-02	531761
2017-01-01	357305
2016-12-31	451732
2016-12-30	498148
2016-12-29	514273
2016-12-28	517026
2016-12-27	511700
2016-12-26	450363
2016-12-25	355912
2016-12-24	423041
2016-12-23	529202
2016-12-22	532689
2016-12-21	544885
2016-12-20	511873
2016-12-19	511407
2016-12-18	420849
2016-12-17	462260
2016-12-16	498294
2016-12-15	481548
2016-12-14	498282
2016-12-13	511132
2016-12-12	494528
2016-12-11	444330
2016-12-10	460109
2016-12-09	474676
2016-12-08	497849
2016-12-07	564849
2016-12-06	572923
2016-12-05	520835
2016-12-04	443020
2016-12-03	525345
2016-12-02	580824
2016-12-01	411567
2016-11-30	501311
2016-11-29	501783
2016-11-28	534089
2016-11-27	436312
2016-11-26	504941
2016-11-25	529475
2016-11-24	557812
2016-11-23	479994
2016-11-22	492919
2016-11-21	489499
2016-11-20	453900
2016-11-19	460961
2016-11-18	496667
2016-11-17	486037
2016-11-16	484086
2016-11-15	516650
2016-11-14	491782
2016-11-13	422472
2016-11-12	443419
2016-11-11	441170
2016-11-10	482868
2016-11-09	472992
2016-11-08	518476
2016-11-07	492885
2016-11-06	412938
2016-11-05	441694
2016-11-04	431493
2016-11-03	469157
2016-11-02	458410
2016-11-01	440172
2016-10-31	458129
2016-10-30	361704
2016-10-29	421854
2016-10-28	447113
2016-10-27	547626
2016-10-26	391833
2016-10-25	428712
2016-10-24	408284
2016-10-23	372681
2016-10-22	392102
2016-10-21	461349
2016-10-20	477768
2016-10-19	342027
2016-10-18	455545
2016-10-17	421959
2016-10-16	382336
2016-10-15	393117
2016-10-14	423463
2016-10-13	400829
2016-10-12	416738
2016-10-11	460412
2016-10-10	397281
2016-10-09	413236
2016-10-08	447546
2016-10-07	473349
2016-10-06	502250
2016-10-05	469216
2016-10-04	483561
2016-10-03	499261
2016-10-02	366218
2016-10-01	397762
2016-09-30	449407
2016-09-29	441070
2016-09-28	433379
2016-09-27	431518
2016-09-26	426480
2016-09-25	379155
2016-09-24	370504
2016-09-23	389855
2016-09-22	392934
2016-09-21	411234
2016-09-20	427616
2016-09-19	399524
2016-09-18	370801
2016-09-17	396633
2016-09-16	361207
2016-09-15	400266
2016-09-14	393616
2016-09-13	412280
2016-09-12	395878
2016-09-11	374515
2016-09-10	356383
2016-09-09	383193
2016-09-08	399956
2016-09-07	407031
2016-09-06	414603
2016-09-05	423612
2016-09-04	350961
2016-09-03	363630
2016-09-02	385797
2016-09-01	388001
2016-08-31	394751
2016-08-30	438894
2016-08-29	374648
2016-08-28	333017
2016-08-27	367721
2016-08-26	387030
2016-08-25	399273
2016-08-24	413115
2016-08-23	400206
2016-08-22	409852
2016-08-21	361552
2016-08-20	401405
2016-08-19	403954
2016-08-18	407196
2016-08-17	417323
2016-08-16	425475
2016-08-15	356045
2016-08-14	365223
2016-08-13	366312
2016-08-12	391538
2016-08-11	422720
2016-08-10	411774
2016-08-09	391787
2016-08-08	413745
2016-08-07	345973
2016-08-06	345297
2016-08-05	383363
2016-08-04	385913
2016-08-03	409008
2016-08-02	414563
2016-08-01	402464
2016-07-31	345941
2016-07-30	362985
2016-07-29	359962
2016-07-28	396677
2016-07-27	374891
2016-07-26	408675
2016-07-25	397078
2016-07-24	347078
2016-07-23	339699
2016-07-22	371783
2016-07-21	360320
2016-07-20	379760
2016-07-19	373713
2016-07-18	390135
2016-07-17	329002
2016-07-16	357419
2016-07-15	368464
2016-07-14	370329
2016-07-13	368619
2016-07-12	383834
2016-07-11	394387
2016-07-10	326189
2016-07-09	358428
2016-07-08	364644
2016-07-07	367358
2016-07-06	375296
2016-07-05	386139
2016-07-04	408273
2016-07-03	351684
2016-07-02	350235
2016-07-01	370968
2016-06-30	406082
2016-06-29	372390
2016-06-28	430336
2016-06-27	382586
2016-06-26	388305
2016-06-25	411798
2016-06-24	438884
2016-06-23	443759
2016-06-22	414415
2016-06-21	467757
2016-06-20	466938
2016-06-19	416769
2016-06-18	427168
2016-06-17	458225
2016-06-16	474509
2016-06-15	458397
2016-06-14	408853
2016-06-13	452938
2016-06-12	416879
2016-06-11	378384
2016-06-10	411160
2016-06-09	434834
2016-06-08	394435
2016-06-07	425459
2016-06-06	414771
2016-06-05	371776
2016-06-04	369449
2016-06-03	407922
2016-06-02	390630
2016-06-01	412592
2016-05-31	387058
2016-05-30	416904
2016-05-29	343751
2016-05-28	380251
2016-05-27	408281
2016-05-26	366232
2016-05-25	399129
2016-05-24	408555
2016-05-23	414425
2016-05-22	338818
2016-05-21	359009
2016-05-20	353942
2016-05-19	374344
2016-05-18	415082
2016-05-17	391157
2016-05-16	429709
2016-05-15	351430
2016-05-14	374443
2016-05-13	380258
2016-05-12	374963
2016-05-11	384114
2016-05-10	407240
2016-05-09	406987
2016-05-08	364707
2016-05-07	338874
2016-05-06	375713
2016-05-05	375289
2016-05-04	395328
2016-05-03	376169
2016-05-02	397355
2016-05-01	370657
2016-04-30	371289
2016-04-29	433676
2016-04-28	377296
2016-04-27	387266
2016-04-26	439673
2016-04-25	405015
2016-04-24	378519
2016-04-23	366727
2016-04-22	361801
2016-04-21	402782
2016-04-20	375233
2016-04-19	400977
2016-04-18	393111
2016-04-17	394669
2016-04-16	338346
2016-04-15	369821
2016-04-14	387730
2016-04-13	395186
2016-04-12	423529
2016-04-11	386366
2016-04-10	372537
2016-04-09	356396
2016-04-08	372307
2016-04-07	377160
2016-04-06	402178
2016-04-05	375400
2016-04-04	398528
2016-04-03	365597
2016-04-02	352269
2016-04-01	391772
2016-03-31	343547
2016-03-30	351562
2016-03-29	386902
2016-03-28	357430
2016-03-27	335405
2016-03-26	321535
2016-03-25	334456
2016-03-24	347688
2016-03-23	359752
2016-03-22	393326
2016-03-21	356842
2016-03-20	366855
2016-03-19	360115
2016-03-18	370238
2016-03-17	400093
2016-03-16	373060
2016-03-15	373575
2016-03-14	374132
2016-03-13	353805
2016-03-12	312990
2016-03-11	355221
2016-03-10	368979
2016-03-09	338872
2016-03-08	379115
2016-03-07	329036
2016-03-06	341085
2016-03-05	413778
2016-03-04	379246
2016-03-03	453100
2016-03-02	462940
2016-03-01	485264
2016-02-29	475037
2016-02-28	419523
2016-02-27	387831
2016-02-26	392444
2016-02-25	421967
2016-02-24	384121
2016-02-23	450577
2016-02-22	466225
2016-02-21	445133
2016-02-20	426934
2016-02-19	409548
2016-02-18	417415
2016-02-17	457258
2016-02-16	396865
2016-02-15	422775
2016-02-14	423839
2016-02-13	383099
2016-02-12	404327
2016-02-11	422890
2016-02-10	422058
2016-02-09	428091
2016-02-08	399492
2016-02-07	464911
2016-02-06	421948
2016-02-05	422053
2016-02-04	395230
2016-02-03	369252
2016-02-02	489943
2016-02-01	411122
2016-01-31	403702
2016-01-30	416425
2016-01-29	411812
2016-01-28	432568
2016-01-27	434291
2016-01-26	447931
2016-01-25	421944
2016-01-24	422978
2016-01-23	405646
2016-01-22	399904
2016-01-21	418049
2016-01-20	432714
2016-01-19	337962
2016-01-18	390709
2016-01-17	466767
2016-01-16	408548
2016-01-15	337389
2016-01-14	352090
2016-01-13	341495
2016-01-12	385086
2016-01-11	368114
2016-01-10	368237
2016-01-09	392802
2016-01-08	341205
2016-01-07	365530
2016-01-06	313293
2016-01-05	361413
2016-01-04	346702
2016-01-03	337590
2016-01-02	334092
2016-01-01	263740
2015-12-31	281771
2015-12-30	342156
2015-12-29	332256
2015-12-28	336280
2015-12-27	334952
2015-12-26	367657
2015-12-25	328859
2015-12-24	383420
2015-12-23	383766
2015-12-22	409657
2015-12-21	416676
2015-12-20	410602
2015-12-19	445286
2015-12-18	383557
2015-12-17	384860
2015-12-16	397820
2015-12-15	422042
2015-12-14	413762
2015-12-13	405321
2015-12-12	445987
2015-12-11	385123
2015-12-10	414508
2015-12-09	407359
2015-12-08	389409
2015-12-07	351293
2015-12-06	372259
2015-12-05	394095
2015-12-04	347693
2015-12-03	289666
2015-12-02	359500
2015-12-01	348875
2015-11-30	412108
2015-11-29	240886
2015-11-28	358590
2015-11-27	298225
2015-11-26	315812
2015-11-25	297729
2015-11-24	326146
2015-11-23	281603
2015-11-22	320763
2015-11-21	318349
2015-11-20	302916
2015-11-19	300366
2015-11-18	331424
2015-11-17	302580
2015-11-16	314219
2015-11-15	338161
2015-11-14	329134
2015-11-13	299859
2015-11-12	313829
2015-11-11	309492
2015-11-10	313051
2015-11-09	329436
2015-11-08	314508
2015-11-07	305654
2015-11-06	359759
2015-11-05	360031
2015-11-04	402185
2015-11-03	369673
2015-11-02	312716
2015-11-01	324476
2015-10-31	314843
2015-10-30	310091
2015-10-29	296413
2015-10-28	289272
2015-10-27	295385
2015-10-26	262603
2015-10-25	298577
2015-10-24	318471
2015-10-23	282491
2015-10-22	286406
2015-10-21	292536
2015-10-20	306772
2015-10-19	279211
2015-10-18	278563
2015-10-17	308320
2015-10-16	274473
2015-10-15	304322
2015-10-14	248467
2015-10-13	240592
2015-10-12	235418
2015-10-11	240781
2015-10-10	271477
2015-10-09	210702
2015-10-08	260449
2015-10-07	252656
2015-10-06	254521
2015-10-05	235138
2015-10-04	265691
2015-10-03	214300
2015-10-02	257454
2015-10-01	249453
2015-09-30	266198
2015-09-29	274844
2015-09-28	250283
2015-09-27	258750
2015-09-26	246394
2015-09-25	244946
2015-09-24	244183
2015-09-23	246937
2015-09-22	305537
2015-09-21	292434
2015-09-20	302083
2015-09-19	222825
2015-09-18	260076
2015-09-17	267374
2015-09-16	246228
2015-09-15	269509
2015-09-14	253563
2015-09-13	278987
2015-09-12	237565
2015-09-11	292475
2015-09-10	239196
2015-09-09	256066
2015-09-08	275108
2015-09-07	264526
2015-09-06	253104
2015-09-05	272164
2015-09-04	218452
2015-09-03	248771
2015-09-02	240684
2015-09-01	255012
2015-08-31	249846
2015-08-30	245903
2015-08-29	243812
2015-08-28	244646
2015-08-27	235106
2015-08-26	238632
2015-08-25	242665
2015-08-24	248544
2015-08-23	245624
2015-08-22	259195
2015-08-21	239449
2015-08-20	228428
2015-08-19	239588
2015-08-18	250184
2015-08-17	233793
2015-08-16	235503
2015-08-15	227049
2015-08-14	227982
2015-08-13	229171
2015-08-12	235069
2015-08-11	222354
2015-08-10	236200
2015-08-09	223725
2015-08-08	233163
2015-08-07	226286
2015-08-06	246660
2015-08-05	258756
2015-08-04	253588
2015-08-03	247470
2015-08-02	258357
2015-08-01	257163
2015-07-31	254203
2015-07-30	232540
2015-07-29	270315
2015-07-28	243642
2015-07-27	238820
2015-07-26	257676
2015-07-25	197002
2015-07-24	220094
2015-07-23	209372
2015-07-22	248557
2015-07-21	256672
2015-07-20	237662
2015-07-19	249492
2015-07-18	217054
2015-07-17	206212
2015-07-16	223999
2015-07-15	232349
2015-07-14	231818
2015-07-13	242940
2015-07-12	271050
2015-07-11	276472
2015-07-10	267066
2015-07-09	269796
2015-07-08	279159
2015-07-07	277740
2015-07-06	291047
2015-07-05	270110
2015-07-04	237644
2015-07-03	252643
2015-07-02	268932
2015-07-01	254977
2015-06-30	258203
2015-06-29	241868
2015-06-28	237717
2015-06-27	256824
2015-06-26	249284
2015-06-25	190125
2015-06-24	225923
2015-06-23	257702
2015-06-22	223439
2015-06-21	239387
2015-06-20	229299
2015-06-19	254801
2015-06-18	235086
2015-06-17	265405
2015-06-16	231914
2015-06-15	273430
2015-06-14	250276
2015-06-13	240458
2015-06-12	249601
2015-06-11	234706
2015-06-10	273195
2015-06-09	231702
2015-06-08	203609
2015-06-07	222756
2015-06-06	235422
2015-06-05	223549
2015-06-04	232648
2015-06-03	247566
2015-06-02	254435
2015-06-01	260146
2015-05-31	252036
2015-05-30	269888
2015-05-29	244877
2015-05-28	213701
2015-05-27	215071
2015-05-26	228557
2015-05-25	223138
2015-05-24	252951
2015-05-23	188568
2015-05-22	208620
2015-05-21	202636
2015-05-20	215500
2015-05-19	213243
2015-05-18	207346
2015-05-17	214565
2015-05-16	230997
2015-05-15	210061
2015-05-14	201115
2015-05-13	211288
2015-05-12	227096
2015-05-11	226539
2015-05-10	219971
2015-05-09	191294
2015-05-08	260292
2015-05-07	221318
2015-05-06	226750
2015-05-05	220245
2015-05-04	209308
2015-05-03	215248
2015-05-02	235977
2015-05-01	189762
2015-04-30	207641
2015-04-29	219696
2015-04-28	210014
2015-04-27	215913
2015-04-26	232810
2015-04-25	232628
2015-04-24	205339
2015-04-23	217920
2015-04-22	221349
2015-04-21	202712
2015-04-20	210404
2015-04-19	223595
2015-04-18	218079
2015-04-17	194202
2015-04-16	189980
2015-04-15	187190
2015-04-14	214003
2015-04-13	222925
2015-04-12	220221
2015-04-11	236134
2015-04-10	219370
2015-04-09	202520
2015-04-08	216342
2015-04-07	217023
2015-04-06	206698
2015-04-05	223991
2015-04-04	216654
2015-04-03	196131
2015-04-02	216205
2015-04-01	224401
2015-03-31	227483
2015-03-30	214660
2015-03-29	232798
2015-03-28	201619
2015-03-27	197334
2015-03-26	188421
2015-03-25	187010
2015-03-24	182994
2015-03-23	218650
2015-03-22	231404
2015-03-21	210217
2015-03-20	199163
2015-03-19	194888
2015-03-18	192339
2015-03-17	190232
2015-03-16	216082
2015-03-15	220630
2015-03-14	222870
2015-03-13	197588
2015-03-12	191703
2015-03-11	203558
2015-03-10	203472
2015-03-09	214923
2015-03-08	220306
2015-03-07	215402
2015-03-06	191286
2015-03-05	211104
2015-03-04	201670
2015-03-03	218636
2015-03-02	222735
2015-03-01	232640
2015-02-28	239677
2015-02-27	199193
2015-02-26	191517
2015-02-25	195765
2015-02-24	198389
2015-02-23	213790
2015-02-22	233791
2015-02-21	238602
2015-02-20	198229
2015-02-19	181278
2015-02-18	209873
2015-02-17	231396
2015-02-16	227811
2015-02-15	302525
2015-02-14	214861
2015-02-13	275547
2015-02-12	199797
2015-02-11	192702
2015-02-10	196726
2015-02-09	192497
2015-02-08	265896
2015-02-07	159975
2015-02-06	201792
2015-02-05	176775
2015-02-04	199209
2015-02-03	203835
2015-02-02	185258
2015-02-01	218749
2015-01-31	243847
2015-01-30	161804
2015-01-29	179232
2015-01-28	157472
2015-01-27	206616
2015-01-26	216896
2015-01-25	282951
2015-01-24	167645
2015-01-23	179415
2015-01-22	186755
2015-01-21	190745
2015-01-20	192296
2015-01-19	207828
2015-01-18	216596
2015-01-17	251020
2015-01-16	209994
2015-01-15	230160
2015-01-14	217492
2015-01-13	213751
2015-01-12	186835
2015-01-11	213832
2015-01-10	243493
2015-01-09	202655
2015-01-08	198161
2015-01-07	172042
2015-01-06	179631
2015-01-05	201299
2015-01-04	209429
2015-01-03	209278
2015-01-02	179685
2015-01-01	117724
2014-12-31	150606
2014-12-30	179926
2014-12-29	163903
2014-12-28	240021
2014-12-27	180354
2014-12-26	162458
2014-12-25	140312
2014-12-24	161701
2014-12-23	202700
2014-12-22	212632
2014-12-21	208045
2014-12-20	224730
2014-12-19	189704
2014-12-18	200614
2014-12-17	210533
2014-12-16	219589
2014-12-15	202587
2014-12-14	252800
2014-12-13	156013
2014-12-12	190628
2014-12-11	182425
2014-12-10	188633
2014-12-09	186987
2014-12-08	198933
2014-12-07	229797
2014-12-06	157908
2014-12-05	194271
2014-12-04	187287
2014-12-03	194923
2014-12-02	210032
2014-12-01	181916
2014-11-30	246636
2014-11-29	156041
2014-11-28	177752
2014-11-27	181472
2014-11-26	170809
2014-11-25	175188
2014-11-24	173764
2014-11-23	223821
2014-11-22	154900
2014-11-21	171182
2014-11-20	179118
2014-11-19	172573
2014-11-18	180312
2014-11-17	177395
2014-11-16	222098
2014-11-15	150671
2014-11-14	196473
2014-11-13	184018
2014-11-12	196360
2014-11-11	170332
2014-11-10	175849
2014-11-09	225367
2014-11-08	134329
2014-11-07	161181
2014-11-06	178187
2014-11-05	171353
2014-11-04	172216
2014-11-03	173723
2014-11-02	237683
2014-11-01	143884
2014-10-31	170245
2014-10-30	176527
2014-10-29	174527
2014-10-28	174121
2014-10-27	189872
2014-10-26	184744
2014-10-25	185299
2014-10-24	158207
2014-10-23	164292
2014-10-22	171618
2014-10-21	174574
2014-10-20	167104
2014-10-19	208236
2014-10-18	147749
2014-10-17	157707
2014-10-16	159135
2014-10-15	180738
2014-10-14	172371
2014-10-13	182058
2014-10-12	211058
2014-10-11	139114
2014-10-10	171745
2014-10-09	159497
2014-10-08	161825
2014-10-07	171889
2014-10-06	157640
2014-10-05	220104
2014-10-04	140671
2014-10-03	150187
2014-10-02	156457
2014-10-01	184483
2014-09-30	185007
2014-09-29	159389
2014-09-28	213787
2014-09-27	141927
2014-09-26	154498
2014-09-25	168785
2014-09-24	164458
2014-09-23	163818
2014-09-22	171548
2014-09-21	183386
2014-09-20	140583
2014-09-19	143179
2014-09-18	165682
2014-09-17	163819
2014-09-16	182797
2014-09-15	161121
2014-09-14	213949
2014-09-13	133122
2014-09-12	146366
2014-09-11	149497
2014-09-10	155833
2014-09-09	174148
2014-09-08	161693
2014-09-07	212803
2014-09-06	133923
2014-09-05	156359
2014-09-04	154075
2014-09-03	146195
2014-09-02	155695
2014-09-01	167457
2014-08-31	170880
2014-08-30	141432
2014-08-29	140733
2014-08-28	167135
2014-08-27	157622
2014-08-26	163542
2014-08-25	154353
2014-08-24	185085
2014-08-23	128286
2014-08-22	156727
2014-08-21	169876
2014-08-20	163499
2014-08-19	161775
2014-08-18	167680
2014-08-17	179910
2014-08-16	146363
2014-08-15	158985
2014-08-14	165399
2014-08-13	169434
2014-08-12	175128
2014-08-11	170400
2014-08-10	174866
2014-08-09	130389
2014-08-08	149627
2014-08-07	151335
2014-08-06	173496
2014-08-05	168967
2014-08-04	134344
2014-08-03	151819
2014-08-02	121581
2014-08-01	150963
2014-07-31	148074
2014-07-30	156174
2014-07-29	142446
2014-07-28	148035
2014-07-27	163034
2014-07-26	119796
2014-07-25	152495
2014-07-24	149450
2014-07-23	151286
2014-07-22	141596
2014-07-21	135332
2014-07-20	170782
2014-07-19	131535
2014-07-18	141664
2014-07-17	148055
2014-07-16	144148
2014-07-15	154405
2014-07-14	138437
2014-07-13	168999
2014-07-12	134855
2014-07-11	145370
2014-07-10	147540
2014-07-09	157411
2014-07-08	184439
2014-07-07	159863
2014-07-06	163189
2014-07-05	110480
2014-07-04	122388
2014-07-03	136100
2014-07-02	152291
2014-07-01	157517
2014-06-30	154441
2014-06-29	154136
2014-06-28	119700
2014-06-27	144339
2014-06-26	136833
2014-06-25	150428
2014-06-24	148566
2014-06-23	136859
2014-06-22	163542
2014-06-21	130158
2014-06-20	133262
2014-06-19	132663
2014-06-18	144645
2014-06-17	161518
2014-06-16	151428
2014-06-15	156642
2014-06-14	128312
2014-06-13	146471
2014-06-12	146386
2014-06-11	145178
2014-06-10	146513
2014-06-09	137306
2014-06-08	153224
2014-06-07	120908
2014-06-06	143662
2014-06-05	154531
2014-06-04	148339
2014-06-03	160815
2014-06-02	149268
2014-06-01	167960
2014-05-31	123649
2014-05-30	128016
2014-05-29	145184
2014-05-28	156219
2014-05-27	150828
2014-05-26	143092
2014-05-25	165733
2014-05-24	103269
2014-05-23	150972
2014-05-22	138026
2014-05-21	131378
2014-05-20	162070
2014-05-19	137211
2014-05-18	151308
2014-05-17	109975
2014-05-16	123894
2014-05-15	150142
2014-05-14	136907
2014-05-13	126184
2014-05-12	128597
2014-05-11	145718
2014-05-10	115950
2014-05-09	136470
2014-05-08	140111
2014-05-07	139683
2014-05-06	144346
2014-05-05	126868
2014-05-04	136726
2014-05-03	98051
2014-05-02	122611
2014-05-01	133017
2014-04-30	138833
2014-04-29	141536
2014-04-28	146354
2014-04-27	148207
2014-04-26	114975
2014-04-25	156588
2014-04-24	135314
2014-04-23	135364
2014-04-22	162712
2014-04-21	121885
2014-04-20	147311
2014-04-19	118831
2014-04-18	128722
2014-04-17	131914
2014-04-16	149912
2014-04-15	156392
2014-04-14	158106
2014-04-13	156920
2014-04-12	112470
2014-04-11	148370
2014-04-10	159399
2014-04-09	153656
2014-04-08	142412
2014-04-07	136448
2014-04-06	167255
2014-04-05	131350
2014-04-04	154771
2014-04-03	125659
2014-04-02	154055
2014-04-01	155441
2014-03-31	147986
2014-03-30	148483
2014-03-29	127468
2014-03-28	158197
2014-03-27	160653
2014-03-26	146877
2014-03-25	143968
2014-03-24	169439
2014-03-23	126970
2014-03-22	135244
2014-03-21	157544
2014-03-20	137243
2014-03-19	141635
2014-03-18	118371
2014-03-17	162154
2014-03-16	120496
2014-03-15	120693
2014-03-14	135338
2014-03-13	163775
2014-03-12	166914
2014-03-11	155178
2014-03-10	171380
2014-03-09	150039
2014-03-08	149443
2014-03-07	156954
2014-03-06	169434
2014-03-05	172226
2014-03-04	201018
2014-03-03	207636
2014-03-02	134501
2014-03-01	153096
2014-02-28	145404
2014-02-27	159077
2014-02-26	170205
2014-02-25	183713
2014-02-24	193183
2014-02-23	144749
2014-02-22	135005
2014-02-21	156412
2014-02-20	159797
2014-02-19	154100
2014-02-18	132328
2014-02-17	148121
2014-02-16	107406
2014-02-15	128255
2014-02-14	144069
2014-02-13	129653
2014-02-12	124046
2014-02-11	129802
2014-02-10	152331
2014-02-09	110362
2014-02-08	128857
2014-02-07	142080
2014-02-06	143638
2014-02-05	134438
2014-02-04	146805
2014-02-03	151706
2014-02-02	115721
2014-02-01	120111
2014-01-31	131269
2014-01-30	131668
2014-01-29	122245
2014-01-28	134418
2014-01-27	151316
2014-01-26	109759
2014-01-25	108006
2014-01-24	123401
2014-01-23	124545
2014-01-22	132209
2014-01-21	137235
2014-01-20	152061
2014-01-19	95248
2014-01-18	92403
2014-01-17	113847
2014-01-16	108461
2014-01-15	115660
2014-01-14	110018
2014-01-13	133716
2014-01-12	100303
2014-01-11	111266
2014-01-10	108878
2014-01-09	116577
2014-01-08	128019
2014-01-07	121175
2014-01-06	151598
2014-01-05	114096
2014-01-04	99766
2014-01-03	122126
2014-01-02	114218
2014-01-01	85208
2013-12-31	100741
2013-12-30	133579
2013-12-29	94206
2013-12-28	95095
2013-12-27	110128
2013-12-26	106383
2013-12-25	113337
2013-12-24	114073
2013-12-23	132269
2013-12-22	99510
2013-12-21	107069
2013-12-20	118901
2013-12-19	134054
2013-12-18	152251
2013-12-17	133843
2013-12-16	145751
2013-12-15	106067
2013-12-14	111364
2013-12-13	122058
2013-12-12	111354
2013-12-11	127840
2013-12-10	128444
2013-12-09	136339
2013-12-08	95450
2013-12-07	129076
2013-12-06	142979
2013-12-05	157302
2013-12-04	154077
2013-12-03	148934
2013-12-02	146071
2013-12-01	134119
2013-11-30	140911
2013-11-29	162281
2013-11-28	174653
2013-11-27	170820
2013-11-26	153561
2013-11-25	121257
2013-11-24	102156
2013-11-23	130707
2013-11-22	137714
2013-11-21	128845
2013-11-20	139575
2013-11-19	170575
2013-11-18	140399
2013-11-17	89392
2013-11-16	88492
2013-11-15	102229
2013-11-14	112538
2013-11-13	101388
2013-11-12	98255
2013-11-11	88302
2013-11-10	95027
2013-11-09	106136
2013-11-08	106687
2013-11-07	109314
2013-11-06	97381
2013-11-05	97347
2013-11-04	83358
2013-11-03	65343
2013-11-02	65187
2013-11-01	71949
2013-10-31	79243
2013-10-30	78593
2013-10-29	70374
2013-10-28	68826
2013-10-27	54722
2013-10-26	60634
2013-10-25	80611
2013-10-24	89420
2013-10-23	87031
2013-10-22	91762
2013-10-21	79056
2013-10-20	61815
2013-10-19	74515
2013-10-18	70037
2013-10-17	65903
2013-10-16	77364
2013-10-15	71743
2013-10-14	68680
2013-10-13	66525
2013-10-12	55319
2013-10-11	65118
2013-10-10	67241
2013-10-09	67511
2013-10-08	63610
2013-10-07	62043
2013-10-06	49521
2013-10-05	51845
2013-10-04	63209
2013-10-03	66403
2013-10-02	77728
2013-10-01	73661
2013-09-30	67086
2013-09-29	56539
2013-09-28	56526
2013-09-27	64408
2013-09-26	65888
2013-09-25	64988
2013-09-24	65929
2013-09-23	67021
2013-09-22	51058
2013-09-21	55889
2013-09-20	66119
2013-09-19	67276
2013-09-18	64712
2013-09-17	60864
2013-09-16	57572
2013-09-15	44238
2013-09-14	45430
2013-09-13	57488
2013-09-12	63267
2013-09-11	61912
2013-09-10	55495
2013-09-09	56478
2013-09-08	44651
2013-09-07	50957
2013-09-06	58467
2013-09-05	59898
2013-09-04	62447
2013-09-03	57455
2013-09-02	52322
2013-09-01	47236
2013-08-31	77870
2013-08-30	75212
2013-08-29	65098
2013-08-28	73597
2013-08-27	72059
2013-08-26	62218
2013-08-25	48356
2013-08-24	52999
2013-08-23	63359
2013-08-22	72395
2013-08-21	69302
2013-08-20	67419
2013-08-19	69237
2013-08-18	47447
2013-08-17	51599
2013-08-16	69111
2013-08-15	64589
2013-08-14	64244
2013-08-13	61007
2013-08-12	88574
2013-08-11	43356
2013-08-10	51096
2013-08-09	54321
2013-08-08	60892
2013-08-07	64957
2013-08-06	61189
2013-08-05	62143
2013-08-04	46553
2013-08-03	49779
2013-08-02	64647
2013-08-01	103352
2013-07-31	66140
2013-07-30	58706
2013-07-29	56110
2013-07-28	40135
2013-07-27	41372
2013-07-26	52089
2013-07-25	54355
2013-07-24	54329
2013-07-23	53996
2013-07-22	50290
2013-07-21	42370
2013-07-20	42224
2013-07-19	50353
2013-07-18	52110
2013-07-17	53170
2013-07-16	55926
2013-07-15	49774
2013-07-14	38901
2013-07-13	50760
2013-07-12	66681
2013-07-11	61548
2013-07-10	54321
2013-07-09	55509
2013-07-08	52298
2013-07-07	38512
2013-07-06	42492
2013-07-05	50395
2013-07-04	50059
2013-07-03	55756
2013-07-02	51867
2013-07-01	56374
2013-06-30	41365
2013-06-29	50789
2013-06-28	56602
2013-06-27	50989
2013-06-26	54144
2013-06-25	50043
2013-06-24	52722
2013-06-23	40871
2013-06-22	47672
2013-06-21	55870
2013-06-20	54098
2013-06-19	57558
2013-06-18	51399
2013-06-17	47541
2013-06-16	39659
2013-06-15	43528
2013-06-14	63695
2013-06-13	55259
2013-06-12	52892
2013-06-11	56360
2013-06-10	50635
2013-06-09	45478
2013-06-08	47541
2013-06-07	59933
2013-06-06	60677
2013-06-05	65080
2013-06-04	64551
2013-06-03	63444
2013-06-02	51182
2013-06-01	55356
2013-05-31	61671
2013-05-30	63473
2013-05-29	64925
2013-05-28	61519
2013-05-27	59658
2013-05-26	53398
2013-05-25	53318
2013-05-24	68109
2013-05-23	68380
2013-05-22	61104
2013-05-21	67893
2013-05-20	57601
2013-05-19	51698
2013-05-18	55552
2013-05-17	61929
2013-05-16	68538
2013-05-15	68389
2013-05-14	69013
2013-05-13	69377
2013-05-12	58799
2013-05-11	66177
2013-05-10	71446
2013-05-09	69603
2013-05-08	87495
2013-05-07	94791
2013-05-06	69185
2013-05-05	57863
2013-05-04	57154
2013-05-03	65110
2013-05-02	65416
2013-05-01	67964
2013-04-30	58631
2013-04-29	73565
2013-04-28	104644
2013-04-27	65464
2013-04-26	72593
2013-04-25	76061
2013-04-24	81582
2013-04-23	78423
2013-04-22	78068
2013-04-21	58847
2013-04-20	62605
2013-04-19	86662
2013-04-18	66436
2013-04-17	86805
2013-04-16	81698
2013-04-15	84244
2013-04-14	57894
2013-04-13	68260
2013-04-12	81351
2013-04-11	96629
2013-04-10	106762
2013-04-09	91122
2013-04-08	96114
2013-04-07	72746
2013-04-06	68178
2013-04-05	84265
2013-04-04	86456
2013-04-03	87142
2013-04-02	72700
2013-04-01	57955
2013-03-31	48515
2013-03-30	60966
2013-03-29	66784
2013-03-28	66434
2013-03-27	58533
2013-03-26	58296
2013-03-25	52660
2013-03-24	57217
2013-03-23	50307
2013-03-22	58135
2013-03-21	52091
2013-03-20	49805
2013-03-19	52414
2013-03-18	46407
2013-03-17	41235
2013-03-16	40337
2013-03-15	51709
2013-03-14	47668
2013-03-13	51534
2013-03-12	44677
2013-03-11	41068
2013-03-10	46474
2013-03-09	41221
2013-03-08	45918
2013-03-07	50990
2013-03-06	53582
2013-03-05	45962
2013-03-04	41993
2013-03-03	35819
2013-03-02	38118
2013-03-01	49557
2013-02-28	46076
2013-02-27	42868
2013-02-26	46641
2013-02-25	44282
2013-02-24	42055
2013-02-23	41791
2013-02-22	43738
2013-02-21	41334
2013-02-20	39704
2013-02-19	39821
2013-02-18	38461
2013-02-17	36997
2013-02-16	37997
2013-02-15	38771
2013-02-14	38824
2013-02-13	40627
2013-02-12	40824
2013-02-11	39657
2013-02-10	45056
2013-02-09	42571
2013-02-08	44978
2013-02-07	44492
2013-02-06	41277
2013-02-05	47431
2013-02-04	42776
2013-02-03	43417
2013-02-02	42923
2013-02-01	49764
2013-01-31	37435
2013-01-30	34666
2013-01-29	41048
2013-01-28	41954
2013-01-27	40830
2013-01-26	41080
2013-01-25	38998
2013-01-24	39849
2013-01-23	36641
2013-01-22	38017
2013-01-21	33382
2013-01-20	35086
2013-01-19	37727
2013-01-18	43006
2013-01-17	42864
2013-01-16	45759
2013-01-15	46471
2013-01-14	33867
2013-01-13	40542
2013-01-12	36943
2013-01-11	47151
2013-01-10	44690
2013-01-09	40874
2013-01-08	38445
2013-01-07	39434
2013-01-06	32349
2013-01-05	41730
2013-01-04	36916
2013-01-03	40003
2013-01-02	34293
2013-01-01	28598
2012-12-31	27480
2012-12-30	36924
2012-12-29	29347
2012-12-28	33349
2012-12-27	27834
2012-12-26	24740
2012-12-25	24660
2012-12-24	28576
2012-12-23	29747
2012-12-22	43837
2012-12-21	35121
2012-12-20	29959
2012-12-19	34070
2012-12-18	39286
2012-12-17	33326
2012-12-16	28687
2012-12-15	27776
2012-12-14	32211
2012-12-13	34819
2012-12-12	31543
2012-12-11	29042
2012-12-10	26229
2012-12-09	28424
2012-12-08	29771
2012-12-07	30025
2012-12-06	30658
2012-12-05	31338
2012-12-04	28804
2012-12-03	23875
2012-12-02	21749
2012-12-01	26711
2012-11-30	28996
2012-11-29	31423
2012-11-28	34110
2012-11-27	30417
2012-11-26	31793
2012-11-25	27863
2012-11-24	28021
2012-11-23	26232
2012-11-22	32289
2012-11-21	33494
2012-11-20	34681
2012-11-19	33366
2012-11-18	33322
2012-11-17	44135
2012-11-16	36029
2012-11-15	35026
2012-11-14	28342
2012-11-13	25523
2012-11-12	23696
2012-11-11	24280
2012-11-10	23652
2012-11-09	28298
2012-11-08	29634
2012-11-07	33076
2012-11-06	31444
2012-11-05	28850
2012-11-04	22732
2012-11-03	25561
2012-11-02	26335
2012-11-01	23852
2012-10-31	25985
2012-10-30	27439
2012-10-29	22579
2012-10-28	21241
2012-10-27	22005
2012-10-26	27826
2012-10-25	28711
2012-10-24	32553
2012-10-23	30905
2012-10-22	33118
2012-10-21	31473
2012-10-20	32425
2012-10-19	29366
2012-10-18	34501
2012-10-17	34931
2012-10-16	31821
2012-10-15	33578
2012-10-14	30289
2012-10-13	29750
2012-10-12	35240
2012-10-11	31805
2012-10-10	35962
2012-10-09	38389
2012-10-08	38116
2012-10-07	33227
2012-10-06	31355
2012-10-05	35274
2012-10-04	36930
2012-10-03	33564
2012-10-02	38052
2012-10-01	30827
2012-09-30	25261
2012-09-29	27185
2012-09-28	36640
2012-09-27	31704
2012-09-26	36374
2012-09-25	34083
2012-09-24	26882
2012-09-23	23802
2012-09-22	22128
2012-09-21	29569
2012-09-20	37343
2012-09-19	34735
2012-09-18	32393
2012-09-17	26456
2012-09-16	25556
2012-09-15	24938
2012-09-14	31174
2012-09-13	27582
2012-09-12	28685
2012-09-11	36737
2012-09-10	30505
2012-09-09	32971
2012-09-08	27940
2012-09-07	33318
2012-09-06	37919
2012-09-05	34689
2012-09-04	33427
2012-09-03	27685
2012-09-02	28753
2012-09-01	36449
2012-08-31	39335
2012-08-30	28483
2012-08-29	32397
2012-08-28	31791
2012-08-27	31082
2012-08-26	27900
2012-08-25	29498
2012-08-24	35257
2012-08-23	35378
2012-08-22	38617
2012-08-21	41678
2012-08-20	33908
2012-08-19	34647
2012-08-18	40252
2012-08-17	44104
2012-08-16	47583
2012-08-15	37534
2012-08-14	33323
2012-08-13	39318
2012-08-12	31507
2012-08-11	30149
2012-08-10	30416
2012-08-09	30353
2012-08-08	39346
2012-08-07	32327
2012-08-06	34512
2012-08-05	29815
2012-08-04	28146
2012-08-03	29115
2012-08-02	32879
2012-08-01	31899
2012-07-31	45337
2012-07-30	29058
2012-07-29	27779
2012-07-28	31455
2012-07-27	26571
2012-07-26	25131
2012-07-25	25570
2012-07-24	28742
2012-07-23	33407
2012-07-22	32271
2012-07-21	29407
2012-07-20	30414
2012-07-19	27590
2012-07-18	27648
2012-07-17	32646
2012-07-16	30129
2012-07-15	24277
2012-07-14	23905
2012-07-13	24171
2012-07-12	27087
2012-07-11	28015
2012-07-10	30532
2012-07-09	25584
2012-07-08	21940
2012-07-07	25834
2012-07-06	23079
2012-07-05	22021
2012-07-04	24505
2012-07-03	26890
2012-07-02	29161
2012-07-01	25193
2012-06-30	25749
2012-06-29	26459
2012-06-28	26240
2012-06-27	30792
2012-06-26	28851
2012-06-25	26709
2012-06-24	22447
2012-06-23	22954
2012-06-22	23129
2012-06-21	23348
2012-06-20	25369
2012-06-19	28121
2012-06-18	31466
2012-06-17	32562
2012-06-16	32406
2012-06-15	37982
2012-06-14	39969
2012-06-13	38857
2012-06-12	17736
2012-06-11	25883
2012-06-10	28282
2012-06-09	25161
2012-06-08	21932
2012-06-07	26892
2012-06-06	19046
2012-06-05	34406
2012-06-04	33327
2012-06-03	26006
2012-06-02	16165
2012-06-01	23512
2012-05-31	22553
2012-05-30	22961
2012-05-29	26202
2012-05-28	24096
2012-05-27	21645
2012-05-26	20736
2012-05-25	24346
2012-05-24	23106
2012-05-23	24040
2012-05-22	22282
2012-05-21	25446
2012-05-20	24711
2012-05-19	26812
2012-05-18	21855
2012-05-17	18423
2012-05-16	20228
2012-05-15	22549
2012-05-14	27777
2012-05-13	17073
2012-05-12	19032
2012-05-11	21110
2012-05-10	16148
2012-05-09	20115
2012-05-08	19587
2012-05-07	20285
2012-05-06	15261
2012-05-05	16235
2012-05-04	17787
2012-05-03	17699
2012-05-02	15562
2012-05-01	15593
2012-04-30	15189
2012-04-29	12518
2012-04-28	12435
2012-04-27	13008
2012-04-26	14842
2012-04-25	13544
2012-04-24	13268
2012-04-23	12628
2012-04-22	11366
2012-04-21	12408
2012-04-20	14597
2012-04-19	13403
2012-04-18	14655
2012-04-17	13658
2012-04-16	14675
2012-04-15	12280
2012-04-14	13379
2012-04-13	12044
2012-04-12	14110
2012-04-11	14010
2012-04-10	13541
2012-04-09	11656
2012-04-08	10837
2012-04-07	10833
2012-04-06	11820
2012-04-05	12119
2012-04-04	12521
2012-04-03	13315
2012-04-02	11211
2012-04-01	9868
2012-03-31	10984
2012-03-30	11745
2012-03-29	12930
2012-03-28	12538
2012-03-27	11796
2012-03-26	11765
2012-03-25	10624
2012-03-24	10964
2012-03-23	10786
2012-03-22	12138
2012-03-21	12491
2012-03-20	12144
2012-03-19	11574
2012-03-18	10955
2012-03-17	12434
2012-03-16	12255
2012-03-15	11364
2012-03-14	12221
2012-03-13	12967
2012-03-12	11298
2012-03-11	9879
2012-03-10	10035
2012-03-09	11956
2012-03-08	12188
2012-03-07	11941
2012-03-06	11620
2012-03-05	12557
2012-03-04	12062
2012-03-03	9577
2012-03-02	13081
2012-03-01	11934
2012-02-29	12047
2012-02-28	12247
2012-02-27	11541
2012-02-26	10376
2012-02-25	11026
2012-02-24	12256
2012-02-23	13504
2012-02-22	12308
2012-02-21	11227
2012-02-20	11164
2012-02-19	10573
2012-02-18	11471
2012-02-17	11015
2012-02-16	14684
2012-02-15	14249
2012-02-14	14366
2012-02-13	12762
2012-02-12	11276
2012-02-11	11712
2012-02-10	12577
2012-02-09	12027
2012-02-08	11599
2012-02-07	11419
2012-02-06	10597
2012-02-05	11452
2012-02-04	12233
2012-02-03	12427
2012-02-02	12432
2012-02-01	11457
2012-01-31	11909
2012-01-30	10643
2012-01-29	10695
2012-01-28	10204
2012-01-27	10766
2012-01-26	11011
2012-01-25	12954
2012-01-24	11684
2012-01-23	10484
2012-01-22	8948
2012-01-21	10437
2012-01-20	10999
2012-01-19	11554
2012-01-18	11231
2012-01-17	11160
2012-01-16	11546
2012-01-15	10178
2012-01-14	11494
2012-01-13	11166
2012-01-12	10691
2012-01-11	11775
2012-01-10	11358
2012-01-09	10270
2012-01-08	10661
2012-01-07	9897
2012-01-06	11057
2012-01-05	11637
2012-01-04	9542
2012-01-03	9528
2012-01-02	8928
2012-01-01	8532
2011-12-31	8198
2011-12-30	8259
2011-12-29	8976
2011-12-28	8370
2011-12-27	8865
2011-12-26	9349
2011-12-25	9007
2011-12-24	7872
2011-12-23	9532
2011-12-22	9649
2011-12-21	9152
2011-12-20	10326
2011-12-19	9898
2011-12-18	8017
2011-12-17	8084
2011-12-16	8209
2011-12-15	7800
2011-12-14	9481
2011-12-13	9606
2011-12-12	8547
2011-12-11	8796
2011-12-10	9451
2011-12-09	9378
2011-12-08	9560
2011-12-07	9967
2011-12-06	12283
2011-12-05	10376
2011-12-04	9284
2011-12-03	9455
2011-12-02	10573
2011-12-01	11078
2011-11-30	11054
2011-11-29	11127
2011-11-28	9949
2011-11-27	8501
2011-11-26	7999
2011-11-25	9369
2011-11-24	8288
2011-11-23	8817
2011-11-22	9044
2011-11-21	8063
2011-11-20	8506
2011-11-19	8109
2011-11-18	10146
2011-11-17	9659
2011-11-16	10803
2011-11-15	11428
2011-11-14	10912
2011-11-13	10130
2011-11-12	9949
2011-11-11	9655
2011-11-10	11906
2011-11-09	11835
2011-11-08	11275
2011-11-07	10242
2011-11-06	9719
2011-11-05	11062
2011-11-04	12456
2011-11-03	10696
2011-11-02	10787
2011-11-01	10579
2011-10-31	9983
2011-10-30	9352
2011-10-29	10537
2011-10-28	9929
2011-10-27	9205
2011-10-26	10186
2011-10-25	10847
2011-10-24	11426
2011-10-23	10766
2011-10-22	9824
2011-10-21	10025
2011-10-20	9169
2011-10-19	10071
2011-10-18	9916
2011-10-17	11314
2011-10-16	9703
2011-10-15	10932
2011-10-14	11513
2011-10-13	9707
2011-10-12	11384
2011-10-11	11528
2011-10-10	11354
2011-10-09	10536
2011-10-08	10489
2011-10-07	11509
2011-10-06	11840
2011-10-05	11675
2011-10-04	11300
2011-10-03	11909
2011-10-02	9967
2011-10-01	10633
2011-09-30	11283
2011-09-29	10937
2011-09-28	11834
2011-09-27	16396
2011-09-26	15796
2011-09-25	17371
2011-09-24	17169
2011-09-23	17920
2011-09-22	15221
2011-09-21	13718
2011-09-20	18674
2011-09-19	13227
2011-09-18	12230
2011-09-17	10988
2011-09-16	12059
2011-09-15	12988
2011-09-14	12408
2011-09-13	12622
2011-09-12	13591
2011-09-11	12860
2011-09-10	12320
2011-09-09	14345
2011-09-08	13070
2011-09-07	14155
2011-09-06	15718
2011-09-05	15423
2011-09-04	15131
2011-09-03	12341
2011-09-02	13795
2011-09-01	14081
2011-08-31	14533
2011-08-30	15081
2011-08-29	16529
2011-08-28	16263
2011-08-27	16982
2011-08-26	17687
2011-08-25	19879
2011-08-24	19095
2011-08-23	19780
2011-08-22	22198
2011-08-21	20093
2011-08-20	18706
2011-08-19	19350
2011-08-18	18093
2011-08-17	17089
2011-08-16	17699
2011-08-15	16081
2011-08-14	18603
2011-08-13	16697
2011-08-12	14112
2011-08-11	15400
2011-08-10	16663
2011-08-09	20710
2011-08-08	18340
2011-08-07	17704
2011-08-06	17405
2011-08-05	19056
2011-08-04	15847
2011-08-03	15066
2011-08-02	18784
2011-08-01	21068
2011-07-31	21881
2011-07-30	17605
2011-07-29	20037
2011-07-28	22503
2011-07-27	20996
2011-07-26	20483
2011-07-25	23494
2011-07-24	20587
2011-07-23	19426
2011-07-22	21517
2011-07-21	22186
2011-07-20	22021
2011-07-19	21575
2011-07-18	21558
2011-07-17	21649
2011-07-16	20966
2011-07-15	21383
2011-07-14	25886
2011-07-13	24091
2011-07-12	19827
2011-07-11	22477
2011-07-10	25407
2011-07-09	19626
2011-07-08	21353
2011-07-07	19681
2011-07-06	22736
2011-07-05	19584
2011-07-04	20513
2011-07-03	19736
2011-07-02	29542
2011-07-01	26938
2011-06-30	20208
2011-06-29	21233
2011-06-28	22438
2011-06-27	25710
2011-06-26	19998
2011-06-25	19567
2011-06-24	21877
2011-06-23	21729
2011-06-22	24061
2011-06-21	21761
2011-06-20	22601
2011-06-19	23996
2011-06-18	22951
2011-06-17	22327
2011-06-16	24631
2011-06-15	23970
2011-06-14	26107
2011-06-13	21838
2011-06-12	23112
2011-06-11	20595
2011-06-10	20979
2011-06-09	22685
2011-06-08	21324
2011-06-07	16136
2011-06-06	17873
2011-06-05	15506
2011-06-04	16869
2011-06-03	14972
2011-06-02	12933
2011-06-01	11928
2011-05-31	11804
2011-05-30	11091
2011-05-29	9193
2011-05-28	9810
2011-05-27	8881
2011-05-26	12132
2011-05-25	12714
2011-05-24	11578
2011-05-23	10231
2011-05-22	9506
2011-05-21	9084
2011-05-20	9754
2011-05-19	10305
2011-05-18	10834
2011-05-17	8950
2011-05-16	9982
2011-05-15	6879
2011-05-14	7550
2011-05-13	7459
2011-05-12	5738
2011-05-11	5601
2011-05-10	5567
2011-05-09	6069
2011-05-08	5207
2011-05-07	6034
2011-05-06	5777
2011-05-05	5822
2011-05-04	5060
2011-05-03	5023
2011-05-02	4894
2011-05-01	6246
2011-04-30	6883
2011-04-29	5637
2011-04-28	5070
2011-04-27	6326
2011-04-26	5159
2011-04-25	4239
2011-04-24	3668
2011-04-23	3854
2011-04-22	3411
2011-04-21	3329
2011-04-20	4321
2011-04-19	5303
2011-04-18	4471
2011-04-17	3549
2011-04-16	3277
2011-04-15	3162
2011-04-14	5169
2011-04-13	3658
2011-04-12	3373
2011-04-11	3239
2011-04-10	2907
2011-04-09	3069
2011-04-08	3002
2011-04-07	2803
2011-04-06	3212
2011-04-05	3576
2011-04-04	3829
2011-04-03	3089
2011-04-02	2878
2011-04-01	2714
2011-03-31	3556
2011-03-30	3024
2011-03-29	3966
2011-03-28	4225
2011-03-27	4110
2011-03-26	4144
2011-03-25	3421
2011-03-24	3675
2011-03-23	6112
2011-03-22	3340
2011-03-21	4196
2011-03-20	4021
2011-03-19	2751
2011-03-18	2541
2011-03-17	2782
2011-03-16	2541
2011-03-15	2849
2011-03-14	2161
2011-03-13	2490
2011-03-12	2722
2011-03-11	2579
2011-03-10	2519
2011-03-09	2849
2011-03-08	3483
2011-03-07	2857
2011-03-06	2870
2011-03-05	2923
2011-03-04	2802
2011-03-03	4402
2011-03-02	2979
2011-03-01	4420
2011-02-28	2510
2011-02-27	3122
2011-02-26	2860
2011-02-25	2959
2011-02-24	3083
2011-02-23	3287
2011-02-22	3230
2011-02-21	2900
2011-02-20	2752
2011-02-19	2313
2011-02-18	2992
2011-02-17	3147
2011-02-16	2557
2011-02-15	2893
2011-02-14	2829
2011-02-13	2626
2011-02-12	2872
2011-02-11	3680
2011-02-10	3019
2011-02-09	1726
2011-02-08	1092
2011-02-07	1091
2011-02-06	1102
2011-02-05	1055
2011-02-04	1169
2011-02-03	989
2011-02-02	1127
2011-02-01	1336
2011-01-31	1777
2011-01-30	2852
2011-01-29	1694
2011-01-28	1403
2011-01-27	1119
2011-01-26	1251
2011-01-25	1166
2011-01-24	1673
2011-01-23	1413
2011-01-22	1708
2011-01-21	1520
2011-01-20	1206
2011-01-19	1221
2011-01-18	1126
2011-01-17	1116
2011-01-16	1214
2011-01-15	1171
2011-01-14	1096
2011-01-13	1152
2011-01-12	1039
2011-01-11	1257
2011-01-10	1187
2011-01-09	1132
2011-01-08	1263
2011-01-07	1005
2011-01-06	842
2011-01-05	1111
2011-01-04	907
2011-01-03	1023
2011-01-02	740
2011-01-01	867
2010-12-31	724
2010-12-30	797
2010-12-29	696
2010-12-28	877
2010-12-27	701
2010-12-26	843
2010-12-25	914
2010-12-24	711
2010-12-23	822
2010-12-22	889
2010-12-21	845
2010-12-20	1120
2010-12-19	741
2010-12-18	688
2010-12-17	604
2010-12-16	706
2010-12-15	871
2010-12-14	933
2010-12-13	965
2010-12-12	979
2010-12-11	856
2010-12-10	501
2010-12-09	599
2010-12-08	674
2010-12-07	745
2010-12-06	564
2010-12-05	531
2010-12-04	537
2010-12-03	481
2010-12-02	557
2010-12-01	701
2010-11-30	577
2010-11-29	544
2010-11-28	542
2010-11-27	564
2010-11-26	955
2010-11-25	668
2010-11-24	621
2010-11-23	411
2010-11-22	418
2010-11-21	578
2010-11-20	645
2010-11-19	402
2010-11-18	469
2010-11-17	496
2010-11-16	3075
2010-11-15	4210
2010-11-14	457
2010-11-13	373
2010-11-12	315
2010-11-11	442
2010-11-10	458
2010-11-09	446
2010-11-08	572
2010-11-07	486
2010-11-06	447
2010-11-05	490
2010-11-04	378
2010-11-03	407
2010-11-02	322
2010-11-01	399
2010-10-31	345
2010-10-30	463
2010-10-29	542
2010-10-28	644
2010-10-27	770
2010-10-26	683
2010-10-25	517
2010-10-24	671
2010-10-23	671
2010-10-22	764
2010-10-21	697
2010-10-20	912
2010-10-19	1197
2010-10-18	713
2010-10-17	541
2010-10-16	511
2010-10-15	403
2010-10-14	443
2010-10-13	457
2010-10-12	447
2010-10-11	424
2010-10-10	451
2010-10-09	484
2010-10-08	454
2010-10-07	407
2010-10-06	484
2010-10-05	491
2010-10-04	512
2010-10-03	488
2010-10-02	602
2010-10-01	672
2010-09-30	456
2010-09-29	971
2010-09-28	492
2010-09-27	693
2010-09-26	435
2010-09-25	602
2010-09-24	572
2010-09-23	725
2010-09-22	845
2010-09-21	968
2010-09-20	525
2010-09-19	389
2010-09-18	410
2010-09-17	375
2010-09-16	425
2010-09-15	484
2010-09-14	459
2010-09-13	512
2010-09-12	425
2010-09-11	330
2010-09-10	394
2010-09-09	362
2010-09-08	387
2010-09-07	290
2010-09-06	309
2010-09-05	354
2010-09-04	307
2010-09-03	373
2010-09-02	343
2010-09-01	431
2010-08-31	456
2010-08-30	359
2010-08-29	291
2010-08-28	382
2010-08-27	323
2010-08-26	388
2010-08-25	379
2010-08-24	431
2010-08-23	415
2010-08-22	373
2010-08-21	389
2010-08-20	458
2010-08-19	355
2010-08-18	450
2010-08-17	365
2010-08-16	521
2010-08-15	297
2010-08-14	440
2010-08-13	609
2010-08-12	450
2010-08-11	451
2010-08-10	370
2010-08-09	511
2010-08-08	437
2010-08-07	303
2010-08-06	422
2010-08-05	634
2010-08-04	539
2010-08-03	701
2010-08-02	431
2010-08-01	429
2010-07-31	339
2010-07-30	374
2010-07-29	432
2010-07-28	429
2010-07-27	511
2010-07-26	524
2010-07-25	1881
2010-07-24	743
2010-07-23	481
2010-07-22	477
2010-07-21	524
2010-07-20	714
2010-07-19	667
2010-07-18	519
2010-07-17	488
2010-07-16	1435
2010-07-15	1569
2010-07-14	6548
2010-07-13	1796
2010-07-12	3368
2010-07-11	452
2010-07-10	239
2010-07-09	267
2010-07-08	223
2010-07-07	222
2010-07-06	198
2010-07-05	227
2010-07-04	205
2010-07-03	261
2010-07-02	222
2010-07-01	269
2010-06-30	261
2010-06-29	244
2010-06-28	206
2010-06-27	220
2010-06-26	199
2010-06-25	206
2010-06-24	239
2010-06-23	264
2010-06-22	236
2010-06-21	264
2010-06-20	232
2010-06-19	216
2010-06-18	190
2010-06-17	204
2010-06-16	195
2010-06-15	279
2010-06-14	254
2010-06-13	234
2010-06-12	203
2010-06-11	251
2010-06-10	218
2010-06-09	223
2010-06-08	220
2010-06-07	200
2010-06-06	191
2010-06-05	181
2010-06-04	172
2010-06-03	219
2010-06-02	189
2010-06-01	178
2010-05-31	190
2010-05-30	195
2010-05-29	233
2010-05-28	278
2010-05-27	244
2010-05-26	279
2010-05-25	247
2010-05-24	239
2010-05-23	306
2010-05-22	223
2010-05-21	215
2010-05-20	226
2010-05-19	204
2010-05-18	208
2010-05-17	164
2010-05-16	126
2010-05-15	106
2010-05-14	149
2010-05-13	155
2010-05-12	145
2010-05-11	125
2010-05-10	148
2010-05-09	178
2010-05-08	175
2010-05-07	147
2010-05-06	169
2010-05-05	158
2010-05-04	161
2010-05-03	178
2010-05-02	170
2010-05-01	203
2010-04-30	170
2010-04-29	174
2010-04-28	218
2010-04-27	222
2010-04-26	207
2010-04-25	189
2010-04-24	195
2010-04-23	201
2010-04-22	191
2010-04-21	243
2010-04-20	232
2010-04-19	268
2010-04-18	3359
2010-04-17	241
2010-04-16	229
2010-04-15	290
2010-04-14	221
2010-04-13	204
2010-04-12	237
2010-04-11	261
2010-04-10	295
2010-04-09	234
2010-04-08	196
2010-04-07	202
2010-04-06	174
2010-04-05	181
2010-04-04	178
2010-04-03	168
2010-04-02	159
2010-04-01	173
2010-03-31	213
2010-03-30	218
2010-03-29	201
2010-03-28	190
2010-03-27	183
2010-03-26	204
2010-03-25	201
2010-03-24	180
2010-03-23	215
2010-03-22	185
2010-03-21	187
2010-03-20	207
2010-03-19	162
2010-03-18	148
2010-03-17	139
2010-03-16	129
2010-03-15	143
2010-03-14	127
2010-03-13	154
2010-03-12	123
2010-03-11	136
2010-03-10	170
2010-03-09	148
2010-03-08	132
2010-03-07	183
2010-03-06	182
2010-03-05	173
2010-03-04	188
2010-03-03	157
2010-03-02	193
2010-03-01	199
2010-02-28	159
2010-02-27	175
2010-02-26	177
2010-02-25	158
2010-02-24	176
2010-02-23	251
2010-02-22	266
2010-02-21	227
2010-02-20	210
2010-02-19	197
2010-02-18	214
2010-02-17	248
2010-02-16	202
2010-02-15	187
2010-02-14	215
2010-02-13	235
2010-02-12	189
2010-02-11	172
2010-02-10	171
2010-02-09	211
2010-02-08	208
2010-02-07	224
2010-02-06	195
2010-02-05	228
2010-02-04	234
2010-02-03	271
2010-02-02	146
2010-02-01	193
2010-01-31	167
2010-01-30	214
2010-01-29	199
2010-01-28	178
2010-01-27	165
2010-01-26	201
2010-01-25	215
2010-01-24	155
2010-01-23	163
2010-01-22	136
2010-01-21	183
2010-01-20	158
2010-01-19	124
2010-01-18	127
2010-01-17	131
2010-01-16	126
2010-01-15	142
2010-01-14	146
2010-01-13	168
2010-01-12	162
2010-01-11	159
2010-01-10	190
2010-01-09	151
2010-01-08	153
2010-01-07	154
2010-01-06	163
2010-01-05	198
2010-01-04	184
2010-01-03	186
2010-01-02	126
2010-01-01	134
2009-12-31	138
2009-12-30	141
2009-12-29	171
2009-12-28	137
2009-12-27	168
2009-12-26	174
2009-12-25	151
2009-12-24	154
2009-12-23	154
2009-12-22	162
2009-12-21	176
2009-12-20	175
2009-12-19	199
2009-12-18	225
2009-12-17	173
2009-12-16	137
2009-12-15	113
2009-12-14	108
2009-12-13	114
2009-12-12	111
2009-12-11	112
2009-12-10	104
2009-12-09	109
2009-12-08	106
2009-12-07	112
2009-12-06	105
2009-12-05	66
2009-12-04	36
2009-12-03	88
2009-12-02	94
2009-12-01	75
2009-11-30	75
2009-11-29	60
2009-11-28	71
2009-11-27	74
2009-11-26	84
2009-11-25	90
2009-11-24	93
2009-11-23	96
2009-11-22	106
2009-11-21	73
2009-11-20	86
2009-11-19	72
2009-11-18	79
2009-11-17	92
2009-11-16	97
2009-11-15	96
2009-11-14	79
2009-11-13	83
2009-11-12	66
2009-11-11	66
2009-11-10	78
2009-11-09	64
2009-11-08	73
2009-11-07	69
2009-11-06	62
2009-11-05	57
2009-11-04	64
2009-11-03	62
2009-11-02	33
2009-11-01	25
2009-10-31	46
2009-10-30	60
2009-10-29	48
2009-10-28	66
2009-10-27	65
2009-10-26	71
2009-10-25	76
2009-10-24	63
2009-10-23	89
2009-10-22	91
2009-10-21	81
2009-10-20	97
2009-10-19	112
2009-10-18	75
2009-10-17	57
2009-10-16	61
2009-10-15	71
2009-10-14	69
2009-10-13	57
2009-10-12	59
2009-10-11	74
2009-10-10	77
2009-10-09	79
2009-10-08	70
2009-10-07	60
2009-10-06	44
2009-10-05	55
2009-10-04	53
2009-10-03	58
2009-10-02	73
2009-10-01	82
2009-09-30	85
2009-09-29	90
2009-09-28	85
2009-09-27	88
2009-09-26	100
2009-09-25	93
2009-09-24	97
2009-09-23	36
2009-09-22	26
2009-09-21	70
2009-09-20	78
2009-09-19	74
2009-09-18	78
2009-09-17	86
2009-09-16	73
2009-09-15	44
2009-09-14	74
2009-09-13	75
2009-09-12	69
2009-09-11	67
2009-09-10	67
2009-09-09	54
2009-09-08	69
2009-09-07	79
2009-09-06	68
2009-09-05	76
2009-09-04	64
2009-09-03	62
2009-09-02	66
2009-09-01	78
2009-08-31	87
2009-08-30	98
2009-08-29	78
2009-08-28	75
2009-08-27	29
2009-08-26	52
2009-08-25	50
2009-08-24	15
2009-08-23	15
2009-08-22	7
2009-08-21	14
2009-08-20	22
2009-08-19	18
2009-08-18	10
2009-08-17	17
2009-08-16	19
2009-08-15	26
2009-08-14	63
2009-08-13	85
2009-08-12	63
2009-08-11	70
2009-08-10	75
2009-08-09	101
2009-08-08	80
2009-08-07	82
2009-08-06	90
2009-08-05	87
2009-08-04	81
2009-08-03	12
2009-08-02	23
2009-08-01	28
2009-07-31	17
2009-07-30	17
2009-07-29	20
2009-07-28	41
2009-07-27	74
2009-07-26	21
2009-07-25	32
2009-07-24	73
2009-07-23	76
2009-07-22	60
2009-07-21	82
2009-07-20	72
2009-07-19	70
2009-07-18	4
2009-07-17	47
2009-07-16	71
2009-07-15	45
2009-07-14	69
2009-07-13	78
2009-07-12	77
2009-07-11	83
2009-07-10	81
2009-07-09	86
2009-07-08	74
2009-07-07	69
2009-07-06	84
2009-07-05	79
2009-07-04	89
2009-07-03	82
2009-07-02	85
2009-07-01	75
2009-06-30	86
2009-06-29	85
2009-06-28	48
2009-06-27	84
2009-06-26	90
2009-06-25	69
2009-06-24	98
2009-06-23	76
2009-06-22	77
2009-06-21	81
2009-06-20	78
2009-06-19	87
2009-06-18	80
2009-06-17	79
2009-06-16	71
2009-06-15	84
2009-06-14	72
2009-06-13	78
2009-06-12	86
2009-06-11	89
2009-06-10	82
2009-06-09	91
2009-06-08	82
2009-06-07	16
2009-06-06	28
2009-06-05	30
2009-06-04	66
2009-06-03	71
2009-06-02	111
2009-06-01	73
2009-05-31	96
2009-05-30	109
2009-05-29	107
2009-05-28	95
2009-05-27	119
2009-05-26	125
2009-05-25	109
2009-05-24	100
2009-05-23	32
2009-05-22	61
2009-05-21	82
2009-05-20	120
2009-05-19	86
2009-05-18	118
2009-05-17	127
2009-05-16	119
2009-05-15	137
2009-05-14	143
2009-05-13	116
2009-05-12	130
2009-05-11	122
2009-05-10	85
2009-05-09	78
2009-05-08	107
2009-05-07	122
2009-05-06	135
2009-05-05	136
2009-05-04	129
2009-05-03	110
2009-05-02	130
2009-05-01	121
2009-04-30	131
2009-04-29	129
2009-04-28	117
2009-04-27	104
2009-04-26	113
2009-04-25	118
2009-04-24	115
2009-04-23	75
2009-04-22	121
2009-04-21	125
2009-04-20	121
2009-04-19	120
2009-04-18	129
2009-04-17	112
2009-04-16	123
2009-04-15	113
2009-04-14	124
2009-04-13	117
2009-04-12	120
2009-04-11	121
2009-04-10	108
2009-04-09	99
2009-04-08	105
2009-04-07	100
2009-04-06	109
2009-04-05	131
2009-04-04	113
2009-04-03	116
2009-04-02	115
2009-04-01	114
2009-03-31	111
2009-03-30	120
2009-03-29	116
2009-03-28	120
2009-03-27	106
2009-03-26	118
2009-03-25	117
2009-03-24	105
2009-03-23	130
2009-03-22	120
2009-03-21	50
2009-03-20	119
2009-03-19	122
2009-03-18	115
2009-03-17	114
2009-03-16	122
2009-03-15	123
2009-03-14	110
2009-03-13	114
2009-03-12	119
2009-03-11	114
2009-03-10	107
2009-03-09	108
2009-03-08	118
2009-03-07	109
2009-03-06	117
2009-03-05	113
2009-03-04	106
2009-03-03	106
2009-03-02	108
2009-03-01	105
2009-02-28	100
2009-02-27	116
2009-02-26	107
2009-02-25	105
2009-02-24	106
2009-02-23	108
2009-02-22	125
2009-02-21	114
2009-02-20	122
2009-02-19	125
2009-02-18	118
2009-02-17	117
2009-02-16	123
2009-02-15	131
2009-02-14	136
2009-02-13	124
2009-02-12	119
2009-02-11	135
2009-02-10	120
2009-02-09	135
2009-02-08	133
2009-02-07	134
2009-02-06	122
2009-02-05	126
2009-02-04	119
2009-02-03	153
2009-02-02	129
2009-02-01	114
2009-01-31	139
2009-01-30	117
2009-01-29	122
2009-01-28	112
2009-01-27	98
2009-01-26	97
2009-01-25	192
2009-01-24	202
2009-01-23	86
2009-01-22	92
2009-01-21	103
2009-01-20	115
2009-01-19	117
2009-01-18	108
2009-01-17	109
2009-01-16	110
2009-01-15	134
2009-01-14	130
2009-01-13	123
2009-01-12	102
2009-01-11	93
2009-01-10	61
2009-01-09	14
2009-01-03	1
